ortho_id	sap	cai_etal_ortho_id	raff_stem_dn	raff_stem_ds
3070	Sap_SHI24405-RA	OG0005525.inclade1.codeml	0.335071	1.290529
2909	Sap_SHI08785-RA	OG0003002.inclade1.codeml	0.132261	0.946673
2983	Sap_SHI28311-RA	OG0008008.inclade1.codeml	0.218015	1.123866
3031	Sap_SHI05688-RA	OG0004858.inclade1.codeml	0.185664	0.964348
3032	Sap_SHI20290-RA	OG0005508.inclade1.codeml	0.174896	1.289497
2999	Sap_SHI18398-RA	OG0003354.inclade1.codeml	0.022253	1.058594
3036	Sap_SHI24554-RA	OG0004109.inclade1.codeml	0.232509	0.664789
3069	Sap_SHI17928-RA	OG0005304.inclade1.codeml	0.193544	1.855713
2881	Sap_SHI21126-RA	OG0005414.inclade1.codeml	0.900655	1.020544
2755	Sap_SHI04087-RA	OG0004639.inclade1.codeml	0.170248	0.741678
2921	Sap_SHI00426-RA	OG0003149.inclade1.codeml	0.128709	0.747223
3029	Sap_SHI10527-RA	OG0004809.inclade1.codeml	0.172138	1.012862
2886	Sap_SHI27131-RA	OG0003636.inclade1.codeml	0.066132	0.848557
2912	Sap_SHI13498-RA	OG0002844.inclade1.codeml	0.193265	1.190327
3043	Sap_SHI12591-RA	OG0002529.inclade1.codeml	0.226508	6.564657
2883	Sap_SHI27918-RA	OG0003928.inclade1.codeml	0.228173	0.849695
2892	Sap_SHI08975-RA	OG0003173.inclade1.codeml	0.046032	0.786696
2884	Sap_SHI30444-RA	OG0008041.inclade1.codeml	0.10638	1.073345
2904	Sap_SHI09095-RA	OG0003568.inclade1.codeml	0.183526	12.071863
2985	Sap_SHI16661-RA	OG0007412.inclade1.codeml	0.266536	1.016763
2578	Sap_SHI00435-RA	OG0001199.inclade1.codeml	0.183215	1.515632
3047	Sap_SHI10163-RA	OG0002521.inclade1.codeml	0.050559	0.828525
3065				
2786	Sap_SHI03803-RA	OG0008231.inclade1.codeml	0.081357	8.10E-05
2745	Sap_SHI10277-RA	OG0005449.inclade1.codeml	0.164122	1.398801
2771	Sap_SHI26701-RA	OG0002013.inclade1.codeml	0.123813	0.962873
2994	Sap_SHI18026-RA	OG0002637.inclade1.codeml	0.179332	0.71187
2756	Sap_SHI26599-RA	OG0005172.inclade1.codeml	0.252328	1.098457
2907	Sap_SHI03524-RA	OG0003315.inclade1.codeml	0.312574	2.142995
2928	Sap_SHI18090-RA	OG0003698.inclade1.codeml	0.012103	1.073553
2878				
2404	Sap_SHI05637-RA	OG0005950.inclade1.codeml	0.063771	1.009598
2606	Sap_SHI02723-RA	OG0001871.inclade1.codeml	0.084524	0.91711
2624	Sap_SHI05282-RA	OG0004438.inclade1.codeml	0.136898	1.329778
2743	Sap_SHI24907-RA	OG0006652.inclade1.codeml	0.086307	1.850595
2877	Sap_SHI16471-RA	OG0007826.inclade1.codeml	0.173501	0.684643
3002	Sap_SHI07626-RA	OG0001501.inclade1.codeml	0.189172	0.993401
2566	Sap_SHI11525-RA	OG0006468.inclade1.codeml	0.063394	0.758639
2759	Sap_SHI13849-RA	OG0008271.inclade1.codeml	0.124733	0.752217
2782	Sap_SHI00111-RA	OG0004824.inclade1.codeml	0.122561	0.920808
2635	Sap_SHI07033-RA	OG0002941.inclade1.codeml	0.077614	0.992261
2691	Sap_SHI15819-RA	OG0001462.inclade1.codeml	0.373304	1.898896
2758	Sap_SHI03997-RA	OG0008233.inclade1.codeml	0.222882	0.869138
3038				
2590	Sap_SHI11587-RA	OG0004791.inclade1.codeml	0.063666	0.619772
2747	Sap_SHI14568-RA	OG0007868.inclade1.codeml	0.06896	0.647777
2898	Sap_SHI09576-RA	OG0002471.inclade1.codeml	0.181433	1.004092
2648	Sap_SHI26497-RA	OG0004219.inclade1.codeml	0.255389	1.257446
2395	Sap_SHI21227-RA	OG0007086.inclade1.codeml	0.056315	0.687983
2631				
2766				
2894	Sap_SHI35657-RA	OG0006087.inclade1.codeml	0.118463	1.250709
2580	Sap_SHI01926-RA	OG0006325.inclade1.codeml	0.192447	1.068905
2608	Sap_SHI02147-RA	OG0006609.inclade1.codeml	0.117858	1.300649
2753	Sap_SHI13538-RA	OG0004564.inclade1.codeml	0.086844	1.556728
2374	Sap_SHI00243-RA	OG0005234.inclade1.codeml	0.039504	0.440393
2423				
2569	Sap_SHI18653-RA	OG0005954.inclade1.codeml	0.079826	0.707443
2809	Sap_SHI47732-RA	OG0005320.inclade1.codeml	0.085578	0.863048
2991				
2613	Sap_SHI02397-RA	OG0002822.inclade1.codeml	0.361154	71.553289
2764	Sap_SHI09947-RA	OG0005513.inclade1.codeml	0.086919	1.075557
2776	Sap_SHI02214-RA	OG0003794.inclade1.codeml	0.126859	1.490984
2899	Sap_SHI13762-RA	OG0005012.inclade1.codeml	0.138754	1.216782
2643	Sap_SHI17989-RA	OG0000570.inclade2.codeml	0.027897	0.830647
2380	Sap_SHI24609-RA	OG0006464.inclade1.codeml	0.134182	0.719408
2610	Sap_SHI10980-RA	OG0000601.inclade1.codeml	0.087095	1.18726
2768	Sap_SHI12631-RA	OG0006000.inclade1.codeml	0.087834	0.664212
2803	Sap_SHI13061-RA	OG0001173.inclade2.codeml	0.098851	2.070729
2882	Sap_SHI03903-RA	OG0005278.inclade1.codeml	0.088176	0.843837
2769				
2879	Sap_SHI08539-RA	OG0006940.inclade1.codeml	0.111137	0.920207
3040	Sap_SHI20724-RA	OG0002786.inclade1.codeml	0.173736	0.00037
2749				
2516				
2763	Sap_SHI30460-RA	OG0004483.inclade1.codeml	0.081358	0.812902
2770	Sap_SHI31838-RA	OG0002480.inclade1.codeml	0.035143	1.05308
2807	Sap_SHI07181-RA	OG0004812.inclade1.codeml	0.082341	1.371929
2420	Sap_SHI02368-RA	OG0005169.inclade1.codeml	0.121459	0.939182
2796	Sap_SHI11098-RA	OG0002257.inclade1.codeml	0.332477	16.33727
2409	Sap_SHI08679-RA	OG0001843.inclade1.codeml	0.021158	0.770549
2481	Sap_SHI08088-RA	OG0001545.inclade2.codeml	0.152498	1.06258
2897	Sap_SHI31875-RA	OG0001293.inclade1.codeml	0.079974	0.745232
2920				
2922	Sap_SHI09062-RA	OG0001239.inclade1.codeml	0.177838	1.638515
2139				
2621	Sap_SHI26480-RA	OG0002284.inclade1.codeml	0.416345	1.26398
2382	Sap_SHI00391-RA	OG0007979.inclade1.codeml	0.131058	0.645663
2598	Sap_SHI18791-RA	OG0006694.inclade1.codeml	0.060437	0.859623
2427	Sap_SHI09006-RA	OG0006898.inclade1.codeml	0.113183	0.625251
2585	Sap_SHI18353-RA	OG0004820.inclade1.codeml	0.118038	0.577288
2778				
2795				
2956	Sap_SHI19594-RA	OG0002516.inclade1.codeml	0.011577	0.627075
2813				
3062	Sap_SHI13355-RA	OG0000673.inclade2.codeml	0.300447	0.766133
2599	Sap_SHI07230-RA	OG0001656.inclade1.codeml	0.444663	1.200075
2410				
2630	Sap_SHI20703-RA	OG0006935.inclade1.codeml	0.078894	1.190478
2447				
2387	Sap_SHI09275-RA	OG0007796.inclade1.codeml	0.201517	1.09623
2584	Sap_SHI12784-RA	OG0007724.inclade1.codeml	0.120975	1.469608
2486	Sap_SHI13457-RA	OG0003240.inclade1.codeml	0.492496	0.945551
2617				
2895	Sap_SHI51348-RA	OG0008063.inclade1.codeml	0.516708	2.213253
2767	Sap_SHI24853-RA	OG0001890.inclade1.codeml	0.156896	0.706716
2398	Sap_SHI14780-RA	OG0003634.inclade1.codeml	0.149404	0.674899
2413	Sap_SHI32767-RA	OG0004482.inclade1.codeml	0.09141	0.867082
2602	Sap_SHI02382-RA	OG0001289.inclade1.codeml	0.144247	2.483291
2619	Sap_SHI34085-RA	OG0003515.inclade1.codeml	0.106132	0.900342
2752	Sap_SHI13823-RA	OG0002017.inclade1.codeml	0.07575	0.770876
2187	Sap_SHI03897-RA	OG0006033.inclade1.codeml	0.045355	0.682212
2216	Sap_SHI08057-RA	OG0004975.inclade1.codeml	0.22713	1.02796
2286	Sap_SHI01178-RA	OG0001530.inclade1.codeml	0.041209	0.839078
2408	Sap_SHI18705-RA	OG0005393.inclade1.codeml	0.174526	0.701744
2436	Sap_SHI37431-RA	OG0004662.inclade1.codeml	0.145001	1.251238
2636	Sap_SHI21216-RA	OG0005636.inclade1.codeml	0.253783	16.865181
2639	Sap_SHI05399-RA	OG0003389.inclade1.codeml	0.067206	1.092284
2762	Sap_SHI03483-RA	OG0003895.inclade1.codeml	0.048641	0.572645
2797	Sap_SHI02851-RA	OG0002609.inclade1.codeml	0.04788	0.68729
2798	Sap_SHI28907-RA	OG0002408.inclade1.codeml	0.08366	0.709757
1932	Sap_SHI13690-RA	OG0005402.inclade1.codeml	0.115649	0.457287
3014				
2144	Sap_SHI00360-RA	OG0002057.inclade1.codeml	0.08828	0.947228
2827	Sap_SHI08141-RA	OG0002485.inclade1.codeml	0.079764	0.812881
2417	Sap_SHI31287-RA	OG0004002.inclade1.codeml	0.3307	1.388795
2787	Sap_SHI12380-RA	OG0005457.inclade1.codeml	0.153768	0.75074
2888	Sap_SHI02219-RA	OG0005894.inclade1.codeml	0.088383	0.841045
2268	Sap_SHI31290-RA	OG0003000.inclade1.codeml	0.055803	1.267167
2435				
2790	Sap_SHI13759-RA	OG0003339.inclade1.codeml	0.04331	0.783796
1947	Sap_SHI08947-RA	OG0001371.inclade1.codeml	0.31137	0.958127
2987	Sap_SHI12384-RA	OG0008563.inclade1.codeml	0.001785	0.928144
1992	Sap_SHI09598-RA	OG0006752.inclade1.codeml	0.073392	0.595246
2428	Sap_SHI17732-RA	OG0003853.inclade1.codeml	0.16543	0.924946
2761	Sap_SHI25249-RA	OG0005729.inclade1.codeml	0.01154	0.627662
2880	Sap_SHI05673-RA	OG0006103.inclade1.codeml	0.078458	1.00251
2587	Sap_SHI03263-RA	OG0006910.inclade1.codeml	0.129181	0.947724
2810	Sap_SHI04490-RA	OG0001964.inclade1.codeml	0.062027	1.186338
2256	Sap_SHI31485-RA	OG0004608.inclade1.codeml	0.061553	2.824378
2475	Sap_SHI25226-RA	OG0001436.inclade1.codeml	0.125078	0.587425
2589				
2802	Sap_SHI29109-RA	OG0004977.inclade1.codeml	0.076565	0.639625
2954				
2450	Sap_SHI03196-RA	OG0003307.inclade1.codeml	0.120476	0.829904
2226	Sap_SHI21502-RA	OG0001075.inclade2.codeml	0.103114	0.994443
2394	Sap_SHI07417-RA	OG0005493.inclade1.codeml	0.13527	0.653437
2482	Sap_SHI33774-RA	OG0002177.inclade1.codeml	0.14659	1.048873
2494	Sap_SHI08654-RA	OG0004795.inclade1.codeml	0.34107	1.153602
2914	Sap_SHI27471-RA	OG0002789.inclade1.codeml	0.184773	1.207606
2248	Sap_SHI30433-RA	OG0004351.inclade1.codeml	0.153687	13.207739
2143	Sap_SHI22285-RA	OG0006004.inclade1.codeml	0.122854	0.916373
2154	Sap_SHI11068-RA	OG0006393.inclade1.codeml	0.156493	0.727636
1938	Sap_SHI18238-RA	OG0007151.inclade1.codeml	0.092041	0.756457
2024	Sap_SHI08155-RA	OG0005590.inclade1.codeml	0.163064	0.644986
2162				
2178	Sap_SHI13602-RA	OG0005447.inclade1.codeml	0.11748	0.667187
2208	Sap_SHI25225-RA	OG0003819.inclade1.codeml	0.025836	0.61406
2324				
2595	Sap_SHI09705-RA	OG0004998.inclade1.codeml	0.098445	1.505103
2652	Sap_SHI20747-RA	OG0004457.inclade1.codeml	0.076153	0.645255
2826	Sap_SHI22482-RA	OG0002151.inclade1.codeml	0.12742	0.555237
2938	Sap_SHI05290-RA	OG0001791.inclade1.codeml	0.093751	3.108538
2176	Sap_SHI04907-RA	OG0007755.inclade1.codeml	0.147701	4.53602
2267				
2901	Sap_SHI10214-RA	OG0002116.inclade1.codeml	0.101015	0.712299
2219	Sap_SHI26313-RA	OG0004255.inclade1.codeml	0.050646	0.670398
2744	Sap_SHI18980-RA	OG0002531.inclade1.codeml	0.207946	1.292106
2239	Sap_SHI21085-RA	OG0005260.inclade1.codeml	0.063837	0.630036
2581	Sap_SHI16611-RA	OG0006094.inclade1.codeml	0.245873	0.937316
1912				
2069				
2406	Sap_SHI18001-RA	OG0005070.inclade1.codeml	0.130147	1.02589
2472	Sap_SHI25257-RA	OG0006115.inclade1.codeml	0.017255	0.484382
2664				
2692	Sap_SHI04276-RA	OG0001251.inclade1.codeml	0.159114	1.134657
2876	Sap_SHI19064-RA	OG0007736.inclade1.codeml	0.124973	0.630057
2637	Sap_SHI04911-RA	OG0004648.inclade1.codeml	0.099726	0.743522
2497	Sap_SHI24463-RA	OG0006268.inclade1.codeml	0.078321	0.754447
2657				
2662	Sap_SHI06127-RA	OG0001126.inclade1.codeml	0.328734	2.194559
1991	Sap_SHI29364-RA	OG0002085.inclade1.codeml	0.223051	1.012143
2030	Sap_SHI54853-RA	OG0004987.inclade1.codeml	0.605905	0.71788
2185	Sap_SHI29184-RA	OG0008193.inclade1.codeml	0.049097	0.808235
2504	Sap_SHI24408-RA	OG0001123.inclade1.codeml	0.124691	0.794167
2381				
2655	Sap_SHI02581-RA	OG0001617.inclade1.codeml	0.301304	2.490264
2990	Sap_SHI18766-RA	OG0001887.inclade1.codeml	0.090511	1.132829
3037	Sap_SHI26521-RA	OG0002554.inclade1.codeml	0.14781	1.556101
1895	Sap_SHI19775-RA	OG0006445.inclade1.codeml	0.097854	0.912045
2158	Sap_SHI11248-RA	OG0000895.inclade1.codeml	0.169685	0.733287
2196	Sap_SHI04050-RA	OG0005968.inclade1.codeml	0.056994	1.267084
2385	Sap_SHI24430-RA	OG0005759.inclade1.codeml	0.139699	2.557356
2397	Sap_SHI04094-RA	OG0007079.inclade1.codeml	0.187569	0.806397
2668	Sap_SHI13805-RA	OG0001928.inclade1.codeml	0.139693	1.112235
2785				
2792	Sap_SHI04110-RA	OG0005034.inclade1.codeml	0.065377	0.634047
2794	Sap_SHI17873-RA	OG0001378.inclade1.codeml	0.102086	1.285778
2838				
2470				
2659	Sap_SHI33075-RA	OG0001526.inclade1.codeml	0.047803	0.777701
2575	Sap_SHI20252-RA	OG0001986.inclade1.codeml	0.045097	0.88881
2628	Sap_SHI18323-RA	OG0003712.inclade1.codeml	2.00E-06	0
2213				
2379	Sap_SHI18783-RA	OG0006919.inclade1.codeml	0.141123	1.034111
1638	Sap_SHI26465-RA	OG0005621.inclade1.codeml	0.307875	1.118337
2378	Sap_SHI07963-RA	OG0007962.inclade1.codeml	0.085777	2.823656
2149	Sap_SHI03143-RA	OG0007704.inclade1.codeml	0.179699	0.611238
2440	Sap_SHI07995-RA	OG0003344.inclade1.codeml	0.028688	0.512127
1922	Sap_SHI28346-RA	OG0006698.inclade1.codeml	0.037515	0.258519
2592	Sap_SHI05234-RA	OG0007615.inclade1.codeml	0.124971	1.321962
2641	Sap_SHI27809-RA	OG0004277.inclade1.codeml	0.137975	0.800326
2014	Sap_SHI05627-RA	OG0001545.inclade1.codeml	0.166826	1.973119
2163	Sap_SHI05416-RA	OG0004026.inclade1.codeml	0.109864	0.572354
2209	Sap_SHI07701-RA	OG0003965.inclade1.codeml	0.298279	2.35254
1908	Sap_SHI04924-RA	OG0002285.inclade1.codeml	0.047161	0.887746
2191	Sap_SHI46597-RA	OG0008091.inclade1.codeml	0.1214	0.826961
2396	Sap_SHI20521-RA	OG0005024.inclade1.codeml	0.07747	0.666814
2457	Sap_SHI08273-RA	OG0005797.inclade1.codeml	0.092798	0.561096
2491	Sap_SHI07389-RA	OG0004191.inclade1.codeml	0.052715	0.988346
2579	Sap_SHI04891-RA	OG0001227.inclade1.codeml	0.077124	1.255035
1927	Sap_SHI18510-RA	OG0001407.inclade2.codeml	2.10E-05	0.213757
2384				
2414	Sap_SHI06952-RA	OG0008059.inclade1.codeml	0.05549	2.991333
2638	Sap_SHI04077-RA	OG0000872.inclade1.codeml	0.240717	2.007108
2609	Sap_SHI25241-RA	OG0005056.inclade1.codeml	0.198436	0.915503
1628	Sap_SHI23560-RA	OG0007219.inclade1.codeml	0.107677	0.899387
1898	Sap_SHI02356-RA	OG0007198.inclade1.codeml	0.110134	36.056398
1983	Sap_SHI24464-RA	OG0004880.inclade1.codeml	0.184558	0.530639
2253	Sap_SHI09390-RA	OG0004868.inclade1.codeml	0.137984	2.637025
2393	Sap_SHI03767-RA	OG0005874.inclade1.codeml	0.063133	0.865681
2506	Sap_SHI24220-RA	OG0003045.inclade1.codeml	0.057551	1.340051
1971	Sap_SHI07195-RA	OG0000798.inclade1.codeml	0.176533	0.696888
2157				
2220	Sap_SHI06988-RA	OG0006909.inclade1.codeml	0.163794	1.371211
2686	Sap_SHI09384-RA	OG0004912.inclade1.codeml	0.159983	0.822483
1629				
1914	Sap_SHI04909-RA	OG0007754.inclade1.codeml	0.087882	0.742078
1937	Sap_SHI15009-RA	OG0007077.inclade1.codeml	0.080439	1.798658
2021	Sap_SHI00453-RA	OG0002919.inclade1.codeml	0.161279	0.896822
2146	Sap_SHI06882-RA	OG0002445.inclade2.codeml	0.164707	0.637867
2166				
2190	Sap_SHI00062-RA	OG0006479.inclade1.codeml	0.137067	1.124238
2231	Sap_SHI11190-RA	OG0006049.inclade1.codeml	0.142096	0.837225
2237	Sap_SHI08214-RA	OG0001966.inclade1.codeml	0.091813	0.82978
2264	Sap_SHI08292-RA	OG0000865.inclade2.codeml	0.13809	0.995663
2812	Sap_SHI29283-RA	OG0001796.inclade1.codeml	0.217729	0.684619
2872	Sap_SHI19387-RA	OG0000251.inclade2.codeml	0.055738	0.620711
1946	Sap_SHI19187-RA	OG0007278.inclade1.codeml	0.243073	1.447784
1977	Sap_SHI13725-RA	OG0005809.inclade1.codeml	0.067852	1.16955
2184	Sap_SHI13878-RA	OG0000621.inclade1.codeml	0.080757	0.456895
2437	Sap_SHI24117-RA	OG0008460.inclade1.codeml	0.176443	0.988672
1653	Sap_SHI15993-RA	OG0007679.inclade1.codeml	0.117395	0.532571
1678	Sap_SHI08726-RA	OG0007565.inclade1.codeml	0.225746	0.878231
1950	Sap_SHI05288-RA	OG0004622.inclade1.codeml	0.143643	0.585721
2167	Sap_SHI23797-RA	OG0005284.inclade1.codeml	0.09736	0.626768
2183	Sap_SHI08060-RA	OG0007941.inclade1.codeml	0.087972	0.505707
2229	Sap_SHI10691-RA	OG0005275.inclade1.codeml	0.142949	0.670079
2232	Sap_SHI05074-RA	OG0004745.inclade1.codeml	0.060905	5.60075
2233				
2235	Sap_SHI02180-RA	OG0004883.inclade1.codeml	0.062843	1.016886
2295	Sap_SHI09138-RA	OG0001705.inclade1.codeml	0.197417	1.084226
2474	Sap_SHI29791-RA	OG0005514.inclade1.codeml	0.136657	0.757167
2623	Sap_SHI17333-RA	OG0001817.inclade1.codeml	0.095335	1.082219
1897	Sap_SHI16603-RA	OG0005843.inclade1.codeml	0.208586	1.187375
2260				
1911	Sap_SHI22263-RA	OG0007168.inclade1.codeml	0.226523	1.312387
1980	Sap_SHI19048-RA	OG0003955.inclade1.codeml	0.312878	0.823437
1616	Sap_SHI13706-RA	OG0008195.inclade1.codeml	0.160495	0.70859
1650	Sap_SHI16861-RA	OG0007649.inclade1.codeml	0.140718	0.702617
1752	Sap_SHI28874-RA	OG0002813.inclade1.codeml	0.285047	1.134132
1963	Sap_SHI20792-RA	OG0005488.inclade1.codeml	0.095794	0.747249
2150	Sap_SHI42710-RA	OG0008446.inclade1.codeml	0.072003	0.854949
2400	Sap_SHI10785-RA	OG0005523.inclade1.codeml	0.057147	0.623284
2422				
2675	Sap_SHI14178-RA	OG0000061.inclade2.codeml	0.212177	1.231798
2811	Sap_SHI13483-RA	OG0003589.inclade1.codeml	0.065272	0.669835
2918	Sap_SHI25712-RA	OG0002459.inclade1.codeml	0.023069	0.565212
3033	Sap_SHI34251-RA	OG0003174.inclade1.codeml	0.049805	0.712921
2246	Sap_SHI26504-RA	OG0002309.inclade1.codeml	0.289784	1.118249
2188	Sap_SHI01027-RA	OG0006352.inclade1.codeml	0.131123	1.961643
2611	Sap_SHI06101-RA	OG0001695.inclade1.codeml	0.065315	0.789382
2389				
1688	Sap_SHI11343-RA	OG0002057.inclade2.codeml	0.062217	0.626811
1701	Sap_SHI07338-RA	OG0005728.inclade1.codeml	0.107798	0.871282
1945	Sap_SHI13754-RA	OG0004590.inclade1.codeml	0.124891	0.948049
2055	Sap_SHI28179-RA	OG0003269.inclade1.codeml	0.074161	0.883454
2463	Sap_SHI10977-RA	OG0003244.inclade1.codeml	0.12593	1.152052
2479	Sap_SHI17818-RA	OG0004915.inclade1.codeml	0.115316	1.024698
1644	Sap_SHI18571-RA	OG0004178.inclade1.codeml	0.106086	0.637308
1670	Sap_SHI05801-RA	OG0002724.inclade1.codeml	0.075653	1.21292
1993	Sap_SHI03428-RA	OG0005496.inclade1.codeml	0.188353	1.229404
2257	Sap_SHI33917-RA	OG0003696.inclade1.codeml	0.103009	0.891858
2281	Sap_SHI02087-RA	OG0004118.inclade1.codeml	0.05133	0.511824
2376	Sap_SHI06096-RA	OG0006351.inclade1.codeml	0.197319	0.55475
2189				
2388	Sap_SHI03011-RA	OG0006485.inclade1.codeml	0.019161	0.933588
2211	Sap_SHI03261-RA	OG0004257.inclade1.codeml	0.223345	0.928323
2033	Sap_SHI09624-RA	OG0003797.inclade1.codeml	0.132602	0.338487
2824	Sap_SHI18785-RA	OG0000771.inclade1.codeml	0.168638	0.780007
2467	Sap_SHI03744-RA	OG0001594.inclade1.codeml	0.037844	0.643574
1934	Sap_SHI00446-RA	OG0009267.inclade1.codeml	0.071452	1.246741
2018				
2151	Sap_SHI07667-RA	OG0005966.inclade1.codeml	0.16581	0.808744
2156	Sap_SHI18675-RA	OG0005248.inclade1.codeml	0.146529	0.913286
2160	Sap_SHI27927-RA	OG0008895.inclade1.codeml	0.132582	0.39923
2168	Sap_SHI25734-RA	OG0007148.inclade1.codeml	0.219356	0.806694
2392	Sap_SHI25230-RA	OG0006404.inclade1.codeml	0.208411	0.493114
2890				
2407	Sap_SHI34775-RA	OG0002359.inclade1.codeml	0.130767	0.760214
1888	Sap_SHI26738-RA	OG0007957.inclade1.codeml	0.083016	0.205177
1969	Sap_SHI29276-RA	OG0006008.inclade1.codeml	0.044138	1.447072
1975	Sap_SHI05053-RA	OG0001267.inclade1.codeml	0.246187	1.364481
2084	Sap_SHI03251-RA	OG0001901.inclade1.codeml	0.133055	0.719217
2145	Sap_SHI10302-RA	OG0007785.inclade1.codeml	0.131215	0.962605
2224	Sap_SHI14219-RA	OG0005885.inclade1.codeml	0.231675	1.688853
2266	Sap_SHI17675-RA	OG0002689.inclade1.codeml	0.143693	2.208217
2441	Sap_SHI33752-RA	OG0005282.inclade1.codeml	0.129103	0.645364
2442	Sap_SHI24510-RA	OG0006416.inclade1.codeml	0.222296	1.466507
2443	Sap_SHI10683-RA	OG0006003.inclade1.codeml	0.102033	0.666476
2477	Sap_SHI21648-RA	OG0003230.inclade1.codeml	0.433534	1.535113
2586				
3017				
2141	Sap_SHI13682-RA	OG0006276.inclade1.codeml	0.245882	1.410854
1669				
2773	Sap_SHI09724-RA	OG0005183.inclade1.codeml	0.045174	0.622298
2935	Sap_SHI00034-RA	OG0002558.inclade1.codeml	0.05033	0.545084
1409	Sap_SHI14064-RA	OG0007240.inclade1.codeml	4.60E-05	0.464763
2080				
1691	Sap_SHI08150-RA	OG0003747.inclade1.codeml	0.138984	63.269799
1984	Sap_SHI40083-RA	OG0003682.inclade1.codeml	0.04006	0.542868
1985	Sap_SHI02110-RA	OG0004555.inclade1.codeml	0.117433	1.172183
2153	Sap_SHI05806-RA	OG0006026.inclade1.codeml	0.057832	1.184661
1463	Sap_SHI53821-RA	OG0007169.inclade1.codeml	0.095058	4.466055
1940				
1926	Sap_SHI20948-RA	OG0003023.inclade1.codeml	0.137758	0.856735
2430	Sap_SHI10505-RA	OG0008363.inclade1.codeml	0.147646	0.925074
2588	Sap_SHI30158-RA	OG0005244.inclade1.codeml	0.14118	0.570652
2751	Sap_SHI13792-RA	OG0002197.inclade1.codeml	0.037838	0.620873
1708	Sap_SHI28108-RA	OG0004008.inclade1.codeml	0.018276	0.744385
1726	Sap_SHI16367-RA	OG0002284.inclade2.codeml	0.110935	1.010252
2709				
1403	Sap_SHI00272-RA	OG0007358.inclade1.codeml	0.073254	1.564271
1659	Sap_SHI13593-RA	OG0003466.inclade1.codeml	0.132431	1.190979
1902	Sap_SHI31861-RA	OG0009219.inclade1.codeml	0.044302	1.179046
2924	Sap_SHI21529-RA	OG0003295.inclade1.codeml	0.136191	1.521675
1698	Sap_SHI03530-RA	OG0000756.inclade1.codeml	0.081186	1.008498
1649	Sap_SHI02879-RA	OG0006318.inclade1.codeml	0.081201	0.669809
1664	Sap_SHI04008-RA	OG0004828.inclade1.codeml	0.115949	1.161522
2843	Sap_SHI14564-RA	OG0001011.inclade1.codeml	0.080603	1.36201
2819				
1445	Sap_SHI08112-RA	OG0002842.inclade1.codeml	0.170334	0.745342
1464	Sap_SHI18297-RA	OG0002432.inclade1.codeml	0.31168	0.490213
1640				
1677	Sap_SHI31501-RA	OG0007974.inclade1.codeml	0.104472	0.655301
1694	Sap_SHI19520-RA	OG0008318.inclade1.codeml	0.094372	1.003686
1763	Sap_SHI18252-RA	OG0001068.inclade1.codeml	0.521083	1.730448
1886	Sap_SHI13458-RA	OG0006974.inclade1.codeml	0.149265	1.187534
2140				
2170	Sap_SHI14098-RA	OG0006133.inclade1.codeml	0.275878	0.558184
2244	Sap_SHI05615-RA	OG0000425.inclade3.codeml	0.190023	0.599745
2532	Sap_SHI09287-RA	OG0002327.inclade1.codeml	0	8.00E-06
2604				
3030	Sap_SHI21407-RA	OG0006185.inclade1.codeml	0.104545	0.710429
1480	Sap_SHI30908-RA	OG0003996.inclade1.codeml	0.077967	0.686667
1700				
2959	Sap_SHI30492-RA	OG0001857.inclade1.codeml	0.133384	1.729994
1367	Sap_SHI00666-RA	OG0007203.inclade1.codeml	0.103917	0.606064
1632	Sap_SHI17894-RA	OG0004067.inclade1.codeml	0.093449	0.549369
1661	Sap_SHI22178-RA	OG0009517.inclade1.codeml	0.275242	0.674383
1666	Sap_SHI04076-RA	OG0007869.inclade1.codeml	0.242985	1.467181
1695	Sap_SHI25061-RA	OG0006529.inclade1.codeml	0.084452	0.380619
1704	Sap_SHI02818-RA	OG0004964.inclade1.codeml	0.242988	1.354113
1721	Sap_SHI20841-RA	OG0000980.inclade2.codeml	0.000135	1.350897
1802	Sap_SHI24193-RA	OG0004794.inclade1.codeml	0.098959	0.840374
1834	Sap_SHI05858-RA	OG0001875.inclade1.codeml	0.271532	0.412017
1892	Sap_SHI13674-RA	OG0005271.inclade1.codeml	0.195565	0.836981
1896	Sap_SHI11207-RA	OG0006917.inclade1.codeml	0.163435	1.08079
1952				
2040	Sap_SHI07885-RA	OG0000295.inclade1.codeml	0.0257505	0.221772
2258	Sap_SHI11379-RA	OG0000518.inclade1.codeml	0.101585	1.637299
2500	Sap_SHI21354-RA	OG0000831.inclade1.codeml	0.06415	0.545383
2754				
2009				
2863	Sap_SHI09276-RA	OG0000742.inclade1.codeml	0.157648	1.622042
1689	Sap_SHI18622-RA	OG0004492.inclade1.codeml	0.33561	1.699185
1905				
2716	Sap_SHI11217-RA	OG0000910.inclade1.codeml	0.148835	1.028271
2936	Sap_SHI28008-RA	OG0003065.inclade1.codeml	0.385767	0.868579
1642	Sap_SHI14589-RA	OG0005224.inclade1.codeml	0.129686	0.80937
1718				
1730	Sap_SHI04048-RA	OG0001546.inclade1.codeml	0.159233	1.460348
1731	Sap_SHI37394-RA	OG0003132.inclade1.codeml	0.094706	0.51634
1810	Sap_SHI04318-RA	OG0003401.inclade1.codeml	0.000177	1.769923
1986	Sap_SHI04849-RA	OG0002491.inclade1.codeml	0.131709	0.857048
2035	Sap_SHI07507-RA	OG0003376.inclade1.codeml	0.08758	0.618836
2174	Sap_SHI29021-RA	OG0006636.inclade1.codeml	0.118574	0.815552
2601	Sap_SHI13710-RA	OG0005631.inclade1.codeml	0.066591	1.391728
2684	Sap_SHI25773-RA	OG0003410.inclade1.codeml	0.032257	0.638114
2177	Sap_SHI04046-RA	OG0009440.inclade1.codeml	0.143498	0.858569
2206	Sap_SHI08201-RA	OG0003153.inclade1.codeml	0.00262	26.200602
1625	Sap_SHI02727-RA	OG0007852.inclade1.codeml	0.087189	1.106583
1738				
1833	Sap_SHI32982-RA	OG0000955.inclade2.codeml	0.266814	1.220553
1848				
1936	Sap_SHI33391-RA	OG0005630.inclade1.codeml	0.170115	1.056036
2236	Sap_SHI18230-RA	OG0003583.inclade1.codeml	0.134778	0.829808
2458	Sap_SHI03942-RA	OG0003062.inclade1.codeml	0.15008	1.363193
2487	Sap_SHI03706-RA	OG0004186.inclade1.codeml	0.209727	0.875503
2275	Sap_SHI05596-RA	OG0001044.inclade1.codeml	0.04551	0.679421
1682				
2194				
2288	Sap_SHI10138-RA	OG0000872.inclade2.codeml	0.042657	3.625003
2485				
1345				
1668	Sap_SHI21261-RA	OG0000406.inclade1.codeml	0.034788	0.786142
2225				
2473				
2227				
1771				
2669	Sap_SHI14168-RA	OG0000274.inclade2.codeml	0.077115	1.568116
2603	Sap_SHI23375-RA	OG0002967.inclade1.codeml	0.072317	0.77102
1648	Sap_SHI06893-RA	OG0005424.inclade1.codeml	0.140118	0.718832
1966	Sap_SHI00188-RA	OG0000539.inclade1.codeml	0.310686	1.093659
2490	Sap_SHI18446-RA	OG0002005.inclade1.codeml	0.201911	0.805674
2950	Sap_SHI20494-RA	OG0002022.inclade1.codeml	0.079853	0.835053
3003	Sap_SHI06444-RA	OG0002287.inclade1.codeml	0.043413	1.043072
1361	Sap_SHI06541-RA	OG0006079.inclade1.codeml	0.025942	0.831995
1395	Sap_SHI13020-RA	OG0001177.inclade1.codeml	0.293392	0.964548
1417	Sap_SHI21120-RA	OG0005682.inclade1.codeml	0.107201	0.645642
1671	Sap_SHI11095-RA	OG0006242.inclade1.codeml	0.191521	0.959224
1722				
1743	Sap_SHI08971-RA	OG0002555.inclade1.codeml	0.076109	1.07081
1745	Sap_SHI13668-RA	OG0001403.inclade1.codeml	0.264465	0.886764
1909	Sap_SHI18835-RA	OG0003430.inclade1.codeml	0.068283	0.538235
1996	Sap_SHI18488-RA	OG0000292.inclade2.codeml	0.106122	0.703217
2165	Sap_SHI03265-RA	OG0004654.inclade1.codeml	0.044483	1.186211
2290				
2399	Sap_SHI04147-RA	OG0004704.inclade1.codeml	0.032513	0.743393
2464				
2489	Sap_SHI11411-RA	OG0005641.inclade1.codeml	0.038553	0.56995
2640	Sap_SHI07707-RA	OG0002411.inclade1.codeml	0.146059	0.623176
2919	Sap_SHI11414-RA	OG0002413.inclade1.codeml	0.077777	0.913018
1493	Sap_SHI02179-RA	OG0001133.inclade1.codeml	0.104169	0.717071
2200				
2570	Sap_SHI20331-RA	OG0005782.inclade1.codeml	0.070833	0.773498
2175	Sap_SHI18420-RA	OG0008906.inclade1.codeml	0.077209	1.228857
1621	Sap_SHI13750-RA	OG0004491.inclade1.codeml	0.07088	1.189735
1622	Sap_SHI24498-RA	OG0009153.inclade1.codeml	0.092393	1.503201
1641	Sap_SHI09041-RA	OG0005656.inclade1.codeml	0.13184	0.549849
1377	Sap_SHI31429-RA	OG0007835.inclade1.codeml	0.220556	0.760845
2314	Sap_SHI00735-RA	OG0002705.inclade1.codeml	0.123156	1.182197
1399	Sap_SHI20006-RA	OG0005686.inclade1.codeml	0.186125	0.869682
1903	Sap_SHI07451-RA	OG0007208.inclade1.codeml	0.122139	1.15436
1931	Sap_SHI12628-RA	OG0002385.inclade1.codeml	0.203718	0.837088
2199	Sap_SHI25369-RA	OG0004598.inclade1.codeml	0.082386	1.780836
2933	Sap_SHI00034-RA	OG0002558.inclade1.codeml	0.05033	0.545084
3034				
1380	Sap_SHI04675-RA	OG0004376.inclade1.codeml	0.084705	0.870403
1665	Sap_SHI53281-RA	OG0002876.inclade1.codeml	3.20E-05	0.31768
1910				
2540	Sap_SHI15388-RA	OG0001525.inclade1.codeml	0.216723	0.7178
1742				
1976	Sap_SHI43493-RA	OG0005537.inclade1.codeml	0.158163	0.944475
2008	Sap_SHI08232-RA	OG0000234.inclade3.codeml	0.111394	0.639815
2418	Sap_SHI28490-RA	OG0004550.inclade1.codeml	0.256229	1.130642
1890	Sap_SHI02152-RA	OG0008660.inclade1.codeml	0.139662	1.151336
1358	Sap_SHI12817-RA	OG0006010.inclade1.codeml	0.042024	1.128801
1386	Sap_SHI05723-RA	OG0000013.inclade1.codeml	0.301531	2.30396
1706	Sap_SHI21271-RA	OG0004411.inclade1.codeml	0.085373	1.366316
1968	Sap_SHI29483-RA	OG0005649.inclade1.codeml	0.000148	1.484691
2310	Sap_SHI27013-RA	OG0002139.inclade1.codeml	0.10985	0.250087
825	Sap_SHI04904-RA	OG0009427.inclade1.codeml	0.075508	0.653207
1614	Sap_SHI24417-RA	OG0008034.inclade1.codeml	0.112918	0.673999
1204	Sap_SHI09970-RA	OG0002979.inclade1.codeml	0.251553	1.828318
1384	Sap_SHI10508-RA	OG0002328.inclade1.codeml	0.263738	1.21581
1478	Sap_SHI04319-RA	OG0006771.inclade1.codeml	0.149401	2.264822
1513	Sap_SHI29120-RA	OG0006009.inclade1.codeml	0.09869	0.98172
1554	Sap_SHI05450-RA	OG0002971.inclade1.codeml	0.140757	0.757571
1619	Sap_SHI09124-RA	OG0007606.inclade1.codeml	0.124151	0.647895
1620	Sap_SHI30240-RA	OG0006731.inclade1.codeml	0.054524	1.13876
1900	Sap_SHI21441-RA	OG0008735.inclade1.codeml	0.052722	1.035488
1904	Sap_SHI08027-RA	OG0006601.inclade1.codeml	0.091684	46.228162
1961				
2004	Sap_SHI00564-RA	OG0001503.inclade1.codeml	0.241289	1.458141
2245	Sap_SHI10751-RA	OG0003020.inclade1.codeml	0.10284	1.292436
2269				
2280				
2615				
1791	Sap_SHI13018-RA	OG0001375.inclade1.codeml	0.148651	1.145611
2270	Sap_SHI00282-RA	OG0003912.inclade1.codeml	0.053811	1.00057
2814	Sap_SHI00749-RA	OG0003228.inclade1.codeml	0.170274	1.415723
1427	Sap_SHI02828-RA	OG0007245.inclade1.codeml	0.06394	1.384076
1379	Sap_SHI50556-RA	OG0000498.inclade2.codeml	0.097006	0.593157
1422	Sap_SHI18962-RA	OG0006818.inclade1.codeml	0.43214	2.786619
2721	Sap_SHI21378-RA	OG0001699.inclade1.codeml	0.029602	0.778521
1378	Sap_SHI18737-RA	OG0007199.inclade1.codeml	0.095788	0.484822
1398	Sap_SHI26569-RA	OG0000319.inclade3.codeml	0.052459	1.318951
1440	Sap_SHI23570-RA	OG0005357.inclade1.codeml	0.00616	61.600368
1547	Sap_SHI16392-RA	OG0004346.inclade1.codeml	0.187943	0.862164
1667	Sap_SHI06486-RA	OG0007775.inclade1.codeml	0.249621	0.708598
1707	Sap_SHI32600-RA	OG0008105.inclade1.codeml	0.1556	0.862076
1741				
1760	Sap_SHI11382-RA	OG0004522.inclade1.codeml	0.129476	1.010232
1840	Sap_SHI00189-RA	OG0000738.inclade1.codeml	0.196408	1.47592
1987	Sap_SHI13965-RA	OG0005534.inclade1.codeml	0.046978	0.47376
2241	Sap_SHI54755-RA	OG0005225.inclade1.codeml	0.046188	35.823118
2533	Sap_SHI16927-RA	OG0001035.inclade1.codeml	2.00E-06	1.00E-06
2553	Sap_SHI34087-RA	OG0001249.inclade1.codeml	0.150039	1.080126
1375	Sap_SHI02861-RA	OG0006105.inclade1.codeml	0.113976	1.801512
2070				
1939	Sap_SHI18570-RA	OG0006288.inclade1.codeml	0.189805	0.677674
2653	Sap_SHI04113-RA	OG0003678.inclade1.codeml	0.080825	1.278259
1532	Sap_SHI11339-RA	OG0006789.inclade1.codeml	0.163171	1.996148
1410	Sap_SHI29591-RA	OG0006350.inclade1.codeml	0.184118	0.917731
1419	Sap_SHI34525-RA	OG0006766.inclade1.codeml	0.287271	0.945351
1443	Sap_SHI00110-RA	OG0005521.inclade1.codeml	0.068623	0.911482
1458				
1461	Sap_SHI18197-RA	OG0005277.inclade1.codeml	0.184192	0.772592
1613	Sap_SHI08310-RA	OG0009177.inclade1.codeml	0.1079035	0.586788
1646	Sap_SHI22589-RA	OG0007900.inclade1.codeml	0.2052	1.276461
1736	Sap_SHI06964-RA	OG0002419.inclade1.codeml	0.15836	1.162888
1916	Sap_SHI18692-RA	OG0008149.inclade1.codeml	0.110526	1.025588
1943				
2142	Sap_SHI20784-RA	OG0006519.inclade1.codeml	0.203892	0.548237
2329				
2313				
1555	Sap_SHI26617-RA	OG0002613.inclade1.codeml	0.414972	3.922532
1455	Sap_SHI33812-RA	OG0007092.inclade1.codeml	0.065088	0.637407
1073	Sap_SHI05935-RA	OG0006870.inclade1.codeml	0.249789	1.32178
1325				
1425	Sap_SHI18622-RA	OG0004492.inclade1.codeml	0.33561	1.699185
1442	Sap_SHI27567-RA	OG0002262.inclade2.codeml	0.186781	0.930185
1529	Sap_SHI27368-RA	OG0003476.inclade1.codeml	0.059942	0.598684
1635	Sap_SHI05153-RA	OG0007873.inclade1.codeml	3.272446	0.003276
1709				
1850	Sap_SHI21056-RA	OG0000587.inclade1.codeml	1.910755	46.825905
1863				
2223	Sap_SHI23109-RA	OG0002988.inclade1.codeml	0.204459	0.804803
2478	Sap_SHI17061-RA	OG0002581.inclade1.codeml	0.077616	0.555834
2676	Sap_SHI20159-RA	OG0003356.inclade1.codeml	0.027441	0.650344
2860				
1964	Sap_SHI05091-RA	OG0000656.inclade1.codeml	0.083806	0.84963
2510				
1065				
1652	Sap_SHI07297-RA	OG0003380.inclade1.codeml	0.101761	0.720217
2572	Sap_SHI21583-RA	OG0006607.inclade1.codeml	0.177597	1.824129
2618				
3001	Sap_SHI12762-RA	OG0004141.inclade1.codeml	0.094339	0.65226
850	Sap_SHI34292-RA	OG0008801.inclade1.codeml	0.167629	0.603695
1488	Sap_SHI19142-RA	OG0007913.inclade1.codeml	0.136664	5.560027
1401	Sap_SHI26554-RA	OG0006713.inclade1.codeml	0.140364	1.728836
1533	Sap_SHI18079-RA	OG0002184.inclade1.codeml	0.26939	1.33708
2214	Sap_SHI14371-RA	OG0005501.inclade1.codeml	0.199876	1.216154
1612				
1385	Sap_SHI03347-RA	OG0005540.inclade1.codeml	0.161765	2.299095
2480				
2806	Sap_SHI07211-RA	OG0004532.inclade1.codeml	0.209996	1.942763
2252				
1115	Sap_SHI18942-RA	OG0004009.inclade1.codeml	0.049822	1.577595
1123	Sap_SHI20668-RA	OG0005580.inclade1.codeml	0.106692	0.563218
1155	Sap_SHI29225-RA	OG0005691.inclade1.codeml	0.017383	0.366856
1368	Sap_SHI00566-RA	OG0004923.inclade1.codeml	0.138116	0.91633
1416	Sap_SHI27031-RA	OG0000274.inclade1.codeml	0.077712	0.564714
1450	Sap_SHI34070-RA	OG0006293.inclade1.codeml	0.082937	0.785155
1498	Sap_SHI21247-RA	OG0008037.inclade1.codeml	0.276611	2.26103
1538	Sap_SHI25272-RA	OG0001703.inclade1.codeml	0.021559	8.391282
1583	Sap_SHI00139-RA	OG0003470.inclade1.codeml	0.015951	0.891752
1660	Sap_SHI21298-RA	OG0005712.inclade1.codeml	0.018119	22.812905
1780	Sap_SHI02763-RA	OG0003144.inclade1.codeml	0.117384	0.672978
1843				
1901	Sap_SHI49588-RA	OG0006106.inclade1.codeml	0.119546	0.718403
1967	Sap_SHI25282-RA	OG0004577.inclade1.codeml	0.30509	0.992888
2016	Sap_SHI13479-RA	OG0005738.inclade1.codeml	0.116453	0.977063
2047	Sap_SHI53762-RA	OG0003352.inclade1.codeml	0.096627	0.775239
2299	Sap_SHI09948-RA	OG0002110.inclade1.codeml	0.09313	0.572722
2492	Sap_SHI00301-RA	OG0004212.inclade1.codeml	0.125098	0.971519
2496				
2825	Sap_SHI51683-RA	OG0001307.inclade1.codeml	0.02134	0.626241
2834				
2911	Sap_SHI51060-RA	OG0001972.inclade1.codeml	0.034255	3.423408
1999				
2104	Sap_SHI03357-RA	OG0002036.inclade1.codeml	0.023529	0.872755
1110	Sap_SHI20752-RA	OG0005868.inclade1.codeml	0.033533	0.369246
1247				
1392	Sap_SHI35741-RA	OG0006690.inclade1.codeml	0.079693	0.923257
2889	Sap_SHI19134-RA	OG0000777.inclade2.codeml	0.051613	0.628862
1686	Sap_SHI18963-RA	OG0006841.inclade1.codeml	1.00E-06	1.00E-06
1935	Sap_SHI06067-RA	OG0006275.inclade1.codeml	0.074615	1.197333
1082	Sap_SHI02853-RA	OG0007367.inclade1.codeml	0.303742	1.024033
1109	Sap_SHI21163-RA	OG0008115.inclade1.codeml	0.373529	0.823151
1381				
1400	Sap_SHI09019-RA	OG0005471.inclade1.codeml	0.260029	6.133269
1414				
2230	Sap_SHI30684-RA	OG0000352.inclade1.codeml	0.106595	1.19593
855				
1208	Sap_SHI24848-RA	OG0001889.inclade1.codeml	0.050458	1.152701
1793	Sap_SHI21353-RA	OG0004248.inclade1.codeml	0.04843	1.206607
1352	Sap_SHI17045-RA	OG0008722.inclade1.codeml	0.072607	0.952278
1258	Sap_SHI32485-RA	OG0004059.inclade1.codeml	0.100538	0.741353
1393				
1397	Sap_SHI10169-RA	OG0004462.inclade1.codeml	0.105223	1.00738
1404	Sap_SHI28875-RA	OG0007995.inclade1.codeml	0.221668	0.534822
1432	Sap_SHI48774-RA	OG0005405.inclade1.codeml	0.121953	2.713885
1624	Sap_SHI16461-RA	OG0009391.inclade1.codeml	0.155694	0.851803
1757				
2042	Sap_SHI44928-RA	OG0003764.inclade1.codeml	0.042584	1.380947
2300	Sap_SHI15219-RA	OG0000465.inclade1.codeml	0.003191	1.284146
874	Sap_SHI24475-RA	OG0005190.inclade1.codeml	0.040773	0.637197
922	Sap_SHI17953-RA	OG0006498.inclade1.codeml	0.1592	0.631601
1374	Sap_SHI15454-RA	OG0003169.inclade1.codeml	0.304901	0.59844
1310	Sap_SHI47506-RA	OG0006384.inclade1.codeml	0.301518	2.143285
2866	Sap_SHI26624-RA	OG0000377.inclade3.codeml	0.117097	1.158942
1062	Sap_SHI05859-RA	OG0002587.inclade1.codeml	0.095885	0.499971
1112	Sap_SHI07997-RA	OG0006406.inclade1.codeml	0.212858	0.897067
1134	Sap_SHI30078-RA	OG0005067.inclade1.codeml	0.109164	0.808946
1162	Sap_SHI19077-RA	OG0006985.inclade1.codeml	0.087212	1.43415
1167	Sap_SHI01135-RA	OG0004723.inclade1.codeml	0.075614	0.563145
1283				
1369	Sap_SHI06459-RA	OG0005371.inclade1.codeml	0.072673	0.747913
1415	Sap_SHI24015-RA	OG0006013.inclade1.codeml	0.082708	0.892499
1481	Sap_SHI09005-RA	OG0001845.inclade1.codeml	0.036638	0.783771
2077				
2215	Sap_SHI22004-RA	OG0001180.inclade1.codeml	0.278181	0.457608
2625				
3058	Sap_SHI08308-RA	OG0000377.inclade1.codeml	0.089946	1.161712
866				
1210	Sap_SHI15002-RA	OG0004759.inclade1.codeml	0.105566	2.585943
2173	Sap_SHI00856-RA	OG0006608.inclade1.codeml	0.159145	1.205524
2815	Sap_SHI18768-RA	OG0001092.inclade1.codeml	0.127672	0.948903
2917	Sap_SHI29944-RA	OG0002394.inclade1.codeml	0.226014	1.045325
1077	Sap_SHI13286-RA	OG0005047.inclade1.codeml	0.242878	0.72455
1097	Sap_SHI00826-RA	OG0007350.inclade1.codeml	0.283405	0.88767
1116	Sap_SHI07089-RA	OG0006284.inclade1.codeml	0.080676	1.110836
1117	Sap_SHI12627-RA	OG0006002.inclade1.codeml	0.229187	1.236085
1136	Sap_SHI05271-RA	OG0006993.inclade1.codeml	0.153657	0.485652
1139	Sap_SHI21178-RA	OG0006320.inclade1.codeml	0.00011	1.09975
1151	Sap_SHI03891-RA	OG0004365.inclade1.codeml	0.187024	0.784476
1182	Sap_SHI04117-RA	OG0006854.inclade1.codeml	0.049888	0.690018
1184	Sap_SHI21262-RA	OG0006702.inclade1.codeml	0.314606	0.856476
1366	Sap_SHI40524-RA	OG0007190.inclade1.codeml	2.00E-05	0.19557
1615	Sap_SHI17054-RA	OG0004790.inclade1.codeml	0.081815	0.638254
1697	Sap_SHI04075-RA	OG0007211.inclade1.codeml	0.110294	0.862227
1948	Sap_SHI00477-RA	OG0008684.inclade1.codeml	0.105529	1.179682
1970	Sap_SHI34639-RA	OG0003205.inclade1.codeml	0.092106	0.58071
1982	Sap_SHI23033-RA	OG0004018.inclade1.codeml	0.053984	0.714636
2005				
2120				
2251	Sap_SHI10443-RA	OG0002251.inclade1.codeml	0.139838	1.06953
2558	Sap_SHI08207-RA	OG0002520.inclade1.codeml	0.268217	0.997012
3059	Sap_SHI11081-RA	OG0000803.inclade2.codeml	0.151725	0.624134
600	Sap_SHI25464-RA	OG0008340.inclade1.codeml	0.038394	1.089529
821	Sap_SHI21081-RA	OG0007745.inclade1.codeml	0.08034	0.601556
837	Sap_SHI03873-RA	OG0006184.inclade1.codeml	0.098887	1.316239
845	Sap_SHI02914-RA	OG0004175.inclade1.codeml	0.067109	0.340758
1412	Sap_SHI51501-RA	OG0007480.inclade1.codeml	0.141594	1.389711
1523	Sap_SHI07163-RA	OG0003968.inclade1.codeml	0.085102	0.649595
1546	Sap_SHI23452-RA	OG0003025.inclade1.codeml	0.061608	0.520323
1710	Sap_SHI10290-RA	OG0004641.inclade1.codeml	0.055402	0.766577
2927	Sap_SHI28008-RA	OG0003065.inclade1.codeml	0.385767	0.868579
1076	Sap_SHI37432-RA	OG0007505.inclade1.codeml	0.217553	1.140552
1078	Sap_SHI05447-RA	OG0007563.inclade1.codeml	0.101596	0.952261
1101	Sap_SHI02816-RA	OG0006534.inclade1.codeml	0.167035	1.547656
1120	Sap_SHI29406-RA	OG0006286.inclade1.codeml	0.211982	1.47398
1172	Sap_SHI20449-RA	OG0002479.inclade1.codeml	0.173868	0.729448
1192	Sap_SHI20590-RA	OG0007553.inclade1.codeml	0.237241	0.865799
1260	Sap_SHI12970-RA	OG0002943.inclade1.codeml	0.044486	0.792748
1520	Sap_SHI09836-RA	OG0005100.inclade1.codeml	0.275749	1.169091
1626	Sap_SHI24847-RA	OG0008668.inclade1.codeml	0.141795	0.754267
1647	Sap_SHI18161-RA	OG0004446.inclade1.codeml	0.18436	1.053749
2550	Sap_SHI12329-RA	OG0003254.inclade1.codeml	0.047022	0.94797
828	Sap_SHI05043-RA	OG0007276.inclade1.codeml	0.112327	0.693474
870	Sap_SHI29459-RA	OG0006413.inclade1.codeml	0.322977	1.052189
1696	Sap_SHI24327-RA	OG0008371.inclade1.codeml	0.162175	0.594044
2902	Sap_SHI16506-RA	OG0004911.inclade1.codeml	0.030219	0.603442
1923				
1063	Sap_SHI33378-RA	OG0005483.inclade1.codeml	0.071437	0.989053
1080	Sap_SHI23799-RA	OG0006504.inclade1.codeml	0.199029	0.657306
1096	Sap_SHI49793-RA	OG0004946.inclade1.codeml	0.136047	0.998997
1107	Sap_SHI25883-RA	OG0006295.inclade1.codeml	0.130289	0.656161
1111	Sap_SHI04053-RA	OG0006260.inclade1.codeml	0.120011	1.299725
1125				
1179	Sap_SHI19206-RA	OG0003771.inclade1.codeml	0.099528	0.785948
1457				
1468	Sap_SHI02871-RA	OG0007121.inclade1.codeml	0.228608	1.205128
1516	Sap_SHI14524-RA	OG0002029.inclade1.codeml	0.210173	4.045827
1779	Sap_SHI17990-RA	OG0003708.inclade1.codeml	0.032314	0.673056
1805	Sap_SHI10895-RA	OG0003600.inclade1.codeml	0.082812	0.544225
1806	Sap_SHI17281-RA	OG0003165.inclade1.codeml	0.274067	1.406883
1827				
1979				
2067	Sap_SHI17414-RA	OG0000399.inclade1.codeml	0.113203	1.12042
2642				
2970				
663	Sap_SHI16520-RA	OG0005104.inclade1.codeml	0.216376	0.580953
933	Sap_SHI22736-RA	OG0000332.inclade1.codeml	0.056482	0.672123
1238	Sap_SHI09253-RA	OG0003925.inclade1.codeml	0.100997	1.489843
1453				
2910	Sap_SHI09286-RA	OG0002560.inclade1.codeml	0.069384	1.635321
2947	Sap_SHI25234-RA	OG0001486.inclade1.codeml	0.106296	1.253573
1133	Sap_SHI08448-RA	OG0003695.inclade1.codeml	0.225095	1.001347
1141	Sap_SHI09368-RA	OG0005883.inclade1.codeml	0.182103	0.590532
1373	Sap_SHI16032-RA	OG0009186.inclade1.codeml	0.210307	1.957801
1477				
1737	Sap_SHI09068-RA	OG0001581.inclade1.codeml	0.114398	1.064704
1949				
2309	Sap_SHI05356-RA	OG0004391.inclade1.codeml	0.144628	0.647044
2665	Sap_SHI31078-RA	OG0006312.inclade1.codeml	0.079126	1.323632
1218	Sap_SHI13341-RA	OG0003201.inclade1.codeml	0.244634	1.267855
1365	Sap_SHI02837-RA	OG0006336.inclade1.codeml	0.198253	0.913356
1411	Sap_SHI13722-RA	OG0005928.inclade1.codeml	0.126925	1.585753
1431	Sap_SHI07945-RA	OG0001598.inclade2.codeml	0.118779	0.796128
2454	Sap_SHI25231-RA	OG0005822.inclade1.codeml	0.0802	0.978452
1389	Sap_SHI10481-RA	OG0006729.inclade1.codeml	0.100579	0.175174
1919				
2455	Sap_SHI50712-RA	OG0003610.inclade1.codeml	0.058859	0.6254205
2607	Sap_SHI25269-RA	OG0000249.inclade1.codeml	0.083726	1.060307
1420				
2831				
1086	Sap_SHI33379-RA	OG0005974.inclade1.codeml	0.09948	0.039539
1089	Sap_SHI12393-RA	OG0007513.inclade1.codeml	0.315321	2.357948
1104	Sap_SHI25863-RA	OG0003623.inclade1.codeml	0.254447	0.83983
1137	Sap_SHI22502-RA	OG0002256.inclade1.codeml	0.058544	0.396962
1160	Sap_SHI02350-RA	OG0005490.inclade1.codeml	0.412181	1.18084
1171	Sap_SHI10565-RA	OG0005151.inclade1.codeml	0.056599	0.828994
1200	Sap_SHI09778-RA	OG0005330.inclade1.codeml	0.188382	1.162999
1251	Sap_SHI22344-RA	OG0004237.inclade1.codeml	4.20E-05	0.418688
1261	Sap_SHI30106-RA	OG0005757.inclade1.codeml	0.279233	1.899004
1353	Sap_SHI00127-RA	OG0005814.inclade1.codeml	0.124935	1.210972
1391	Sap_SHI24520-RA	OG0002887.inclade1.codeml	0.139937	0.635683
1474	Sap_SHI25250-RA	OG0000999.inclade1.codeml	0.055324	1.028241
1484	Sap_SHI13285-RA	OG0002438.inclade1.codeml	0.064254	1.280737
1527				
1534	Sap_SHI00412-RA	OG0002761.inclade1.codeml	0.160526	2.241469
1637				
1705	Sap_SHI03512-RA	OG0005819.inclade1.codeml	0.134226	0.74889
1837	Sap_SHI26283-RA	OG0003659.inclade1.codeml	0.174816	0.832334
1920	Sap_SHI16731-RA	OG0006804.inclade1.codeml	0.184082	1.481765
2003	Sap_SHI19006-RA	OG0004623.inclade1.codeml	0.068705	0.63041
2966	Sap_SHI05303-RA	OG0000351.inclade2.codeml	0.080393	0.819343
841	Sap_SHI13584-RA	OG0002445.inclade1.codeml	0.208662	0.91282
844	Sap_SHI24890-RA	OG0003929.inclade1.codeml	0.103562	1.254615
916	Sap_SHI00597-RA	OG0001191.inclade1.codeml	0.173687	1.020155
1021	Sap_SHI07387-RA	OG0000228.inclade1.codeml	0.181105	0.947771
1349	Sap_SHI07660-RA	OG0007030.inclade1.codeml	0.229132	1.286848
1591	Sap_SHI37430-RA	OG0002565.inclade1.codeml	0.288807	0.832415
2616	Sap_SHI06812-RA	OG0004558.inclade1.codeml	0.054323	1.00664
2250	Sap_SHI21177-RA	OG0000319.inclade4.codeml	0.035623	0.689081
1436	Sap_SHI25243-RA	OG0008774.inclade1.codeml	0.074443	0.637642
2023				
1997	Sap_SHI19195-RA	OG0003096.inclade1.codeml	0.064513	0.502082
2198	Sap_SHI00051-RA	OG0005806.inclade1.codeml	0.055714	2.511748
1106				
1747	Sap_SHI09429-RA	OG0009024.inclade1.codeml	0.069895	0.942631
853	Sap_SHI00197-RA	OG0005507.inclade1.codeml	0.052771	0.44574
654	Sap_SHI13387-RA	OG0004802.inclade1.codeml	0.251173	0.662918
2333	Sap_SHI04920-RA	OG0002330.inclade1.codeml	0.246316	2.142632
1070	Sap_SHI01708-RA	OG0008564.inclade1.codeml	0.147525	0.559777
1114	Sap_SHI11691-RA	OG0002527.inclade1.codeml	0.424174	0.98164
1990	Sap_SHI04456-RA	OG0004047.inclade1.codeml	0.153214	1.652205
2088	Sap_SHI18145-RA	OG0001608.inclade1.codeml	0.098755	1.057912
2331	Sap_SHI11486-RA	OG0000646.inclade1.codeml	0.071044	1.236736
2348	Sap_SHI06012-RA	OG0001062.inclade1.codeml	0.076688	0.580932
2848	Sap_SHI00007-RA	OG0002050.inclade1.codeml	0.024153	1.903758
2957	Sap_SHI21791-RA	OG0000570.inclade1.codeml	0.023798	1.0355
813	Sap_SHI00180-RA	OG0007665.inclade1.codeml	0.185981	1.387448
843	Sap_SHI33895-RA	OG0008234.inclade1.codeml	0.283604	0.948191
927	Sap_SHI27835-RA	OG0005527.inclade1.codeml	0.104419	0.630689
988	Sap_SHI25218-RA	OG0004061.inclade1.codeml	0.350763	0.809966
2002				
979	Sap_SHI19508-RA	OG0001340.inclade1.codeml	0.203241	1.331196
1069	Sap_SHI08075-RA	OG0007491.inclade1.codeml	0.137102	0.692238
1402	Sap_SHI11174-RA	OG0006348.inclade1.codeml	0.1662	1.560119
1627	Sap_SHI09106-RA	OG0009525.inclade1.codeml	0.116036	1.198999
1645	Sap_SHI11232-RA	OG0005823.inclade1.codeml	0.144731	0.56524
1759	Sap_SHI26375-RA	OG0003983.inclade1.codeml	0.070684	0.496176
2277	Sap_SHI11150-RA	OG0001117.inclade1.codeml	0.088764	0.808815
2419				
2646				
2842	Sap_SHI11614-RA	OG0001800.inclade1.codeml	0.072201	1.904494
451	Sap_SHI16700-RA	OG0003308.inclade1.codeml	0.104252	0.60409
729	Sap_SHI16610-RA	OG0005109.inclade1.codeml	0.188993	1.874091
920	Sap_SHI39626-RA	OG0007204.inclade1.codeml	0.213489	0.950384
1447	Sap_SHI10528-RA	OG0001732.inclade1.codeml	0.519777	1.901429
2513	Sap_SHI21486-RA	OG0000196.inclade4.codeml	0.092988	1.295079
1360	Sap_SHI43202-RA	OG0008025.inclade1.codeml	0.088466	0.975963
1357	Sap_SHI00084-RA	OG0008918.inclade1.codeml	0.123466	5.840787
1029	Sap_SHI50669-RA	OG0000981.inclade1.codeml	0.257814	0.743417
1087	Sap_SHI24867-RA	OG0008533.inclade1.codeml	0.16739	1.651304
1119	Sap_SHI12483-RA	OG0006762.inclade1.codeml	0.230038	0.656828
1124	Sap_SHI30467-RA	OG0006023.inclade1.codeml	0.095247	0.607498
1144	Sap_SHI20711-RA	OG0007281.inclade1.codeml	0.102251	3.086583
1225	Sap_SHI14560-RA	OG0006249.inclade1.codeml	0.193548	0.793817
1376	Sap_SHI10149-RA	OG0006161.inclade1.codeml	0.101907	0.578359
1441				
1465	Sap_SHI08133-RA	OG0004582.inclade1.codeml	0.272779	2.47831
1774	Sap_SHI26259-RA	OG0007067.inclade1.codeml	0.213215	1.08593
2304	Sap_SHI18077-RA	OG0006203.inclade1.codeml	0.041982	4.20E-05
614	Sap_SHI12778-RA	OG0008282.inclade1.codeml	0.333151	1.391367
737	Sap_SHI34759-RA	OG0004695.inclade1.codeml	0.07457	0.601763
770	Sap_SHI00268-RA	OG0003837.inclade1.codeml	0.202189	4.619974
812	Sap_SHI27943-RA	OG0008652.inclade1.codeml	0.18652	0.66051
822	Sap_SHI22830-RA	OG0002717.inclade1.codeml	0.177153	3.698731
838	Sap_SHI14385-RA	OG0008583.inclade1.codeml	0.081428	0.604309
848	Sap_SHI30442-RA	OG0007147.inclade1.codeml	0.203995	0.857833
851	Sap_SHI39628-RA	OG0005486.inclade1.codeml	0.154064	0.000429
885	Sap_SHI11690-RA	OG0002065.inclade2.codeml	3.90E-05	0.387226
887	Sap_SHI07126-RA	OG0004048.inclade1.codeml	0.045938	0.547157
1433	Sap_SHI12325-RA	OG0004928.inclade1.codeml	0.177267	0.791692
1536	Sap_SHI29789-RA	OG0000501.inclade1.codeml	0.083074	0.59783
1776				
2032				
2315				
682	Sap_SHI18604-RA	OG0005780.inclade1.codeml	0.382321	0.80066
938	Sap_SHI04080-RA	OG0003586.inclade1.codeml	0.060216	0.627244
1655				
2661	Sap_SHI06255-RA	OG0005373.inclade1.codeml	0.038969	1.826495
1354	Sap_SHI18061-RA	OG0008165.inclade1.codeml	0.203524	1.125703
1178				
1199	Sap_SHI19022-RA	OG0004211.inclade1.codeml	0.097322	1.305513
1242	Sap_SHI31882-RA	OG0005529.inclade1.codeml	0.08427	1.708941
1246	Sap_SHI23370-RA	OG0001264.inclade1.codeml	0.27582	0.898644
1269	Sap_SHI05781-RA	OG0002198.inclade1.codeml	0.26871	2.280353
1270	Sap_SHI24098-RA	OG0004218.inclade1.codeml	0.099161	0.955867
1272	Sap_SHI07352-RA	OG0001985.inclade1.codeml	0.306478	0.889693
1301	Sap_SHI08011-RA	OG0000223.inclade1.codeml	0.214722	1.68474
1350	Sap_SHI18989-RA	OG0008517.inclade1.codeml	0.241615	0.728776
1452	Sap_SHI30171-RA	OG0004302.inclade1.codeml	0.036122	0.92733
1460				
1568	Sap_SHI02241-RA	OG0002715.inclade1.codeml	0.104122	0.747442
1658	Sap_SHI19763-RA	OG0007152.inclade1.codeml	0.234531	0.861738
1755				
2006	Sap_SHI10092-RA	OG0006092.inclade1.codeml	0.059765	0.692292
2020				
2058	Sap_SHI05040-RA	OG0001482.inclade1.codeml	0.142713	1.552679
2079	Sap_SHI04464-RA	OG0002720.inclade1.codeml	0.357475	1.029674
693	Sap_SHI32841-RA	OG0004387.inclade1.codeml	0.073915	0.895318
814	Sap_SHI48439-RA	OG0009490.inclade1.codeml	0.171622	0.664382
856	Sap_SHI18043-RA	OG0008077.inclade1.codeml	0.079539	0.658818
877	Sap_SHI21803-RA	OG0004140.inclade1.codeml	0.104187	0.751037
925	Sap_SHI06267-RA	OG0002812.inclade1.codeml	0.151809	0.938702
1514	Sap_SHI32795-RA	OG0004890.inclade1.codeml	0.316872	1.512243
2784	Sap_SHI29795-RA	OG0004125.inclade1.codeml	0.052327	0.727033
2854	Sap_SHI32911-RA	OG0000357.inclade1.codeml	0.132714	0.652374
638	Sap_SHI24313-RA	OG0007073.inclade1.codeml	0.155949	0.666044
1472	Sap_SHI00106-RA	OG0001648.inclade2.codeml	0.254826	4.286347
2868	Sap_SHI21953-RA	OG0006375.inclade1.codeml	0.075618	0.673042
1198	Sap_SHI11255-RA	OG0004160.inclade1.codeml	0.063383	0.848055
1290	Sap_SHI21140-RA	OG0003215.inclade1.codeml	0.25171	0.572394
1396				
1537	Sap_SHI22141-RA	OG0001065.inclade1.codeml	0.108857	0.424849
1567	Sap_SHI06282-RA	OG0000242.inclade1.codeml	0.190792	0.505717
1672	Sap_SHI01048-RA	OG0002147.inclade1.codeml	0.08149	0.793761
1699	Sap_SHI18695-RA	OG0002605.inclade2.codeml	0.005651	0.304831
1962	Sap_SHI00298-RA	OG0003388.inclade1.codeml	0.233469	1.152436
2524	Sap_SHI22482-RA	OG0002151.inclade1.codeml	0.12742	0.555237
2861				
601	Sap_SHI11189-RA	OG0008377.inclade1.codeml	0.161378	0.803766
691	Sap_SHI19890-RA	OG0000992.inclade1.codeml	0.099102	0.67627
824	Sap_SHI20486-RA	OG0004953.inclade1.codeml	0.155293	0.829103
854	Sap_SHI31121-RA	OG0005866.inclade1.codeml	0.151465	0.622373
860				
899				
926				
987	Sap_SHI10467-RA	OG0002852.inclade1.codeml	0.100648	0.651819
1770	Sap_SHI08683-RA	OG0003441.inclade1.codeml	0.049431	0.715945
830	Sap_SHI03421-RA	OG0006296.inclade1.codeml	0.263773	1.598561
862				
902				
1476	Sap_SHI05258-RA	OG0002104.inclade2.codeml	0.463517	0.975275
2039	Sap_SHI02232-RA	OG0003009.inclade1.codeml	0.046879	0.557478
2634	Sap_SHI29790-RA	OG0005651.inclade1.codeml	0.045774	0.694854
936	Sap_SHI02850-RA	OG0006716.inclade1.codeml	0.105235	0.476532
2941	Sap_SHI32671-RA	OG0001256.inclade1.codeml	0.148077	1.070452
2693				
1226				
1262				
1735	Sap_SHI01256-RA	OG0002153.inclade1.codeml	0.123894	0.757903
1874	Sap_SHI24885-RA	OG0002164.inclade1.codeml	0.344797	1.53097
2034				
2864	Sap_SHI33681-RA	OG0001565.inclade1.codeml	0.164698	0.804203
673	Sap_SHI03613-RA	OG0006036.inclade1.codeml	0.024364	0.690401
717				
833				
858	Sap_SHI01175-RA	OG0006199.inclade1.codeml	0.123808	1.007048
898	Sap_SHI19025-RA	OG0006429.inclade1.codeml	0.240792	1.028202
1448	Sap_SHI22569-RA	OG0007708.inclade1.codeml	0.128171	0.468042
1170	Sap_SHI07965-RA	OG0002128.inclade1.codeml	0.142411	0.89936
2056				
1035	Sap_SHI07124-RA	OG0001690.inclade1.codeml	0.281088	0.876448
1818	Sap_SHI00359-RA	OG0001954.inclade1.codeml	0.328108	1.202517
694	Sap_SHI11417-RA	OG0009981.inclade1.codeml	0.101063	0.581068
907	Sap_SHI02322-RA	OG0002884.inclade1.codeml	0.169748	0.934303
2046				
2453	Sap_SHI28923-RA	OG0002757.inclade2.codeml	0.130157	0.764476
1925	Sap_SHI23079-RA	OG0004937.inclade1.codeml	0.125295	0.532144
2852	Sap_SHI02844-RA	OG0002973.inclade1.codeml	0.2761	2.438636
2279	Sap_SHI00373-RA	OG0003485.inclade1.codeml	0.103453	0.607146
2179	Sap_SHI24420-RA	OG0001033.inclade1.codeml	0.168268	1.839813
2027				
1236	Sap_SHI18967-RA	OG0004509.inclade1.codeml	0.029735	0.993288
1684	Sap_SHI32214-RA	OG0002065.inclade1.codeml	0.054149	1.357886
1799	Sap_SHI00368-RA	OG0000420.inclade1.codeml	0.085226	0.766873
2791				
1426	Sap_SHI02909-RA	OG0005541.inclade1.codeml	0.078653	0.68861
1079	Sap_SHI24483-RA	OG0005831.inclade1.codeml	0.251329	1.364057
1145	Sap_SHI19527-RA	OG0000536.inclade1.codeml	0.234615	0.819564
1168	Sap_SHI03217-RA	OG0005838.inclade1.codeml	0.062385	0.73169
1174				
1176	Sap_SHI13391-RA	OG0006410.inclade1.codeml	0.060015	1.416716
1177				
1276	Sap_SHI26414-RA	OG0004444.inclade1.codeml	0.058864	0.681555
1424	Sap_SHI02582-RA	OG0005793.inclade1.codeml	0.114444	0.712898
1517				
1630	Sap_SHI02838-RA	OG0007138.inclade1.codeml	0.308075	0.8547
1879	Sap_SHI14516-RA	OG0000740.inclade2.codeml	0.184813	0.736058
621				
684	Sap_SHI03439-RA	OG0001825.inclade1.codeml	0.091462	0.785294
912				
2119				
2271	Sap_SHI10273-RA	OG0003665.inclade1.codeml	0.2256	1.072106
2483				
831	Sap_SHI13302-RA	OG0004853.inclade1.codeml	0.042624	0.411198
2916	Sap_SHI06019-RA	OG0001569.inclade1.codeml	0.063395	1.687495
1326	Sap_SHI17923-RA	OG0008040.inclade1.codeml	0.146011	0.861307
1454	Sap_SHI42436-RA	OG0006118.inclade1.codeml	0.201826	0.698076
666	Sap_SHI10262-RA	OG0006522.inclade1.codeml	0.22562	2.087163
1408	Sap_SHI02446-RA	OG0005459.inclade1.codeml	0.131357	0.941649
644	Sap_SHI03076-RA	OG0007742.inclade1.codeml	0.109718	0.794484
1291	Sap_SHI03531-RA	OG0000629.inclade1.codeml	0.015302	0.812067
657	Sap_SHI12596-RA	OG0008174.inclade1.codeml	0.064386	0.880286
880	Sap_SHI25152-RA	OG0001666.inclade1.codeml	0.246576	0.680074
2054	Sap_SHI04808-RA	OG0001812.inclade1.codeml	0.073178	11.566446
2249	Sap_SHI10268-RA	OG0000873.inclade1.codeml	0.024797	2.50E-05
2571	Sap_SHI31853-RA	OG0006213.inclade1.codeml	0.099457	0.695301
1421	Sap_SHI07205-RA	OG0007145.inclade1.codeml	0.049865	1.627958
1885	Sap_SHI19279-RA	OG0006181.inclade1.codeml	0.070968	0.567771
2085	Sap_SHI05829-RA	OG0000022.inclade2.codeml	0.117621	1.310126
603	Sap_SHI13726-RA	OG0006834.inclade1.codeml	0.060856	0.541898
647	Sap_SHI18626-RA	OG0003427.inclade1.codeml	0.078105	0.893146
672	Sap_SHI18081-RA	OG0007291.inclade1.codeml	0.183807	0.960336
779				
910	Sap_SHI29009-RA	OG0002886.inclade1.codeml	0.09952	2.521308
969	Sap_SHI09143-RA	OG0004696.inclade1.codeml	0.428524	0.75309
1348				
955	Sap_SHI25120-RA	OG0004294.inclade1.codeml	0.413237	1.976069
2679				
1091				
1165	Sap_SHI29796-RA	OG0006353.inclade1.codeml	0.120389	0.843685
1219	Sap_SHI14216-RA	OG0002580.inclade2.codeml	0.047717	0.824379
1479	Sap_SHI25904-RA	OG0004914.inclade1.codeml	0.026861	0.723439
388	Sap_SHI13756-RA	OG0006973.inclade1.codeml	0.156283	1.048922
734	Sap_SHI04067-RA	OG0005798.inclade1.codeml	0.033054	0.699809
1118	Sap_SHI08659-RA	OG0006673.inclade1.codeml	0.115724	0.659727
1263	Sap_SHI01195-RA	OG0005908.inclade1.codeml	0.09561	0.676473
1430	Sap_SHI00380-RA	OG0001255.inclade1.codeml	0.101544	0.811011
2460	Sap_SHI25579-RA	OG0004527.inclade1.codeml	0.192512	0.640091
635				
942	Sap_SHI21074-RA	OG0006865.inclade1.codeml	0.13695	1.034659
1015	Sap_SHI09760-RA	OG0004770.inclade1.codeml	0.138967	0.55503
1090	Sap_SHI06160-RA	OG0007031.inclade1.codeml	0.126302	0.647548
1371	Sap_SHI11001-RA	OG0006610.inclade1.codeml	0.10072	1.085759
1388	Sap_SHI17740-RA	OG0007083.inclade1.codeml	0.098644	0.615019
1539	Sap_SHI08203-RA	OG0003493.inclade1.codeml	0.101536	1.013511
1633	Sap_SHI12750-RA	OG0005376.inclade1.codeml	0.157598	1.260239
1651				
2354	Sap_SHI31836-RA	OG0001829.inclade1.codeml	0.055278	0.91814
421	Sap_SHI28796-RA	OG0000714.inclade3.codeml	0.132207	0.87389
449				
450	Sap_SHI14842-RA	OG0000857.inclade1.codeml	0.517944	0.313185
619	Sap_SHI04940-RA	OG0006691.inclade1.codeml	0.06178	0.866752
653	Sap_SHI08426-RA	OG0004659.inclade1.codeml	0.102249	0.495243
674	Sap_SHI10034-RA	OG0004348.inclade1.codeml	0.055971	0.506753
714	Sap_SHI23489-RA	OG0006733.inclade1.codeml	0.099586	0.801623
836	Sap_SHI32269-RA	OG0008373.inclade1.codeml	0.226061	1.696081
900	Sap_SHI24859-RA	OG0004116.inclade1.codeml	0.080334	1.162141
615	Sap_SHI48584-RA	OG0006084.inclade1.codeml	0.134752	1.782494
918				
1451				
1754	Sap_SHI05839-RA	OG0003656.inclade1.codeml	0.024704	0.701543
2101				
1044	Sap_SHI33964-RA	OG0002245.inclade1.codeml	0.253612	0.495697
1068				
1081	Sap_SHI11756-RA	OG0004424.inclade1.codeml	0.056535	0.490774
1159	Sap_SHI21130-RA	OG0000826.inclade2.codeml	0.010288	0.527156
1169	Sap_SHI16719-RA	OG0007857.inclade1.codeml	0.248164	0.742861
1197				
1281	Sap_SHI18324-RA	OG0003558.inclade1.codeml	0.136094	0.628399
1390				
1429	Sap_SHI13216-RA	OG0002201.inclade1.codeml	0.330118	1.353501
1573				
1832	Sap_SHI26632-RA	OG0001959.inclade1.codeml	0.122463	0.969498
2347	Sap_SHI18613-RA	OG0002150.inclade1.codeml	0.136777	0.706803
2699	Sap_SHI02990-RA	OG0004256.inclade1.codeml	0.060106	2.749592
403				
509	Sap_SHI02721-RA	OG0002173.inclade1.codeml	0.12132	0.324433
624	Sap_SHI05735-RA	OG0001891.inclade1.codeml	0.11628	0.915576
667	Sap_SHI13727-RA	OG0006781.inclade1.codeml	0.157831	1.121786
679	Sap_SHI03103-RA	OG0004811.inclade1.codeml	0.037106	0.951696
721	Sap_SHI04867-RA	OG0000757.inclade1.codeml	0.02771	0.527321
840	Sap_SHI00049-RA	OG0003469.inclade1.codeml	0.202904	0.830573
929	Sap_SHI13290-RA	OG0007002.inclade1.codeml	0.129246	1.962975
1100	Sap_SHI02132-RA	OG0005644.inclade1.codeml	0.125214	0.626208
1240	Sap_SHI15480-RA	OG0003865.inclade1.codeml	0.304485	0.76829
1438	Sap_SHI17948-RA	OG0001603.inclade2.codeml	0.129212	1.823267
1572				
2012	Sap_SHI05424-RA	OG0004146.inclade1.codeml	0.095925	0.783131
2466				
2546				
2627	Sap_SHI00569-RA	OG0005018.inclade1.codeml	0.118945	1.806113
2948	Sap_SHI29495-RA	OG0002103.inclade1.codeml	0.147467	0.900955
443	Sap_SHI04817-RA	OG0005783.inclade1.codeml	0.176513	1.573624
480	Sap_SHI26530-RA	OG0005990.inclade1.codeml	0.152833	0.914732
738				
798	Sap_SHI29168-RA	OG0003763.inclade1.codeml	0.168106	0.897346
859	Sap_SHI04272-RA	OG0007088.inclade1.codeml	0.082126	1.480359
1072	Sap_SHI18668-RA	OG0008954.inclade1.codeml	0.175168	165.359317
1025	Sap_SHI00669-RA	OG0001646.inclade1.codeml	0.132635	0.831555
2850	Sap_SHI26589-RA	OG0000555.inclade1.codeml	0.073054	0.754888
940	Sap_SHI27197-RA	OG0004003.inclade1.codeml	0.246547	15.075237
1466	Sap_SHI19225-RA	OG0003185.inclade1.codeml	0.084608	0.80328
2614	Sap_SHI23993-RA	OG0003520.inclade1.codeml	0.083308	0.559378
1028	Sap_SHI00869-RA	OG0003848.inclade1.codeml	0.220497	6.287052
1235				
1255	Sap_SHI11209-RA	OG0002118.inclade1.codeml	0.099744	0.556676
1494	Sap_SHI04550-RA	OG0004692.inclade1.codeml	0.146428	0.308782
1575				
1584				
1712	Sap_SHI35792-RA	OG0000410.inclade1.codeml	0.115	1.592892
1812	Sap_SHI11209-RA	OG0002118.inclade1.codeml	0.099744	0.556676
2082	Sap_SHI00157-RA	OG0001745.inclade1.codeml	0.398032	1.163146
2346	Sap_SHI23764-RA	OG0001198.inclade1.codeml	0.061445	0.634634
2476	Sap_SHI13705-RA	OG0001193.inclade1.codeml	0.048093	0.781628
276	Sap_SHI29124-RA	OG0005987.inclade1.codeml	0.182048	69.125657
396	Sap_SHI27705-RA	OG0006061.inclade1.codeml	0.157916	1.210094
705	Sap_SHI13440-RA	OG0005361.inclade1.codeml	0.053129	0.591411
728				
743				
795	Sap_SHI31119-RA	OG0003856.inclade1.codeml	0.008817	0.580639
852				
891				
974	Sap_SHI11418-RA	OG0004250.inclade1.codeml	0.237812	0.669578
2282	Sap_SHI13880-RA	OG0001655.inclade1.codeml	0.125468	0.93282
2301	Sap_SHI08050-RA	OG0003613.inclade1.codeml	0.08302	1.048308
425				
486	Sap_SHI19233-RA	OG0006377.inclade1.codeml	0.765324	0.677979
604	Sap_SHI05149-RA	OG0008496.inclade1.codeml	0.098592	0.973884
896	Sap_SHI05822-RA	OG0006934.inclade1.codeml	0.073452	0.829977
919	Sap_SHI04931-RA	OG0005328.inclade1.codeml	0.286507	1.534137
963	Sap_SHI27675-RA	OG0004841.inclade1.codeml	0.074721	0.498592
991	Sap_SHI04876-RA	OG0002024.inclade1.codeml	0.169539	0.621108
939	Sap_SHI07965-RA	OG0002128.inclade1.codeml	0.142411	0.89936
1209				
1132	Sap_SHI26036-RA	OG0007963.inclade1.codeml	0.105554	1.330374
1175	Sap_SHI04038-RA	OG0006317.inclade1.codeml	0.071657	0.756383
2113				
2338				
393	Sap_SHI16717-RA	OG0008887.inclade1.codeml	0.139551	0.726875
411	Sap_SHI09613-RA	OG0006991.inclade1.codeml	0.470092	1.805241
429	Sap_SHI18738-RA	OG0002682.inclade1.codeml	0.090069	1.943485
465	Sap_SHI11434-RA	OG0006693.inclade1.codeml	0.129876	0.984304
732	Sap_SHI31120-RA	OG0007328.inclade1.codeml	0.196158	1.29899
882	Sap_SHI10531-RA	OG0002346.inclade1.codeml	0.089494	0.853568
897	Sap_SHI25645-RA	OG0007864.inclade1.codeml	0.212508	1.258542
970				
1122	Sap_SHI08566-RA	OG0002531.inclade2.codeml	0.230134	0.812814
1217	Sap_SHI08683-RA	OG0003441.inclade1.codeml	0.049431	0.715945
1548	Sap_SHI24525-RA	OG0003757.inclade1.codeml	0.092159	4.928356
1656	Sap_SHI13987-RA	OG0002848.inclade1.codeml	0.315772	0.823962
1727	Sap_SHI03519-RA	OG0003117.inclade1.codeml	0.148636	0.68232
2361				
871				
2102	Sap_SHI26317-RA	OG0000496.inclade1.codeml	0.168966	0.730103
3025	Sap_SHI04150-RA	OG0001946.inclade1.codeml	0.012486	0.635731
1127	Sap_SHI31092-RA	OG0008733.inclade1.codeml	2.633203	2.864222
1213	Sap_SHI12093-RA	OG0003722.inclade2.codeml	0.201277	0.842842
1241				
1243	Sap_SHI02298-RA	OG0003424.inclade1.codeml	0.436308	0.774215
1275				
1509	Sap_SHI07961-RA	OG0001116.inclade1.codeml	0.160789	1.536141
2152				
445	Sap_SHI24959-RA	OG0007233.inclade1.codeml	0.224545	0.557477
463	Sap_SHI16745-RA	OG0005672.inclade1.codeml	0.154009	0.707623
469	Sap_SHI01276-RA	OG0003325.inclade1.codeml	0.215122	1.442981
611	Sap_SHI02790-RA	OG0007542.inclade1.codeml	0.306308	1.708675
735	Sap_SHI02832-RA	OG0002015.inclade1.codeml	0.225052	1.356302
744				
832	Sap_SHI19235-RA	OG0007759.inclade1.codeml	0.14568	0.73039
892				
901	Sap_SHI43297-RA	OG0006051.inclade1.codeml	0.161444	1.064106
1280	Sap_SHI04216-RA	OG0000360.inclade2.codeml	0.07016	1.872273
1610	Sap_SHI18758-RA	OG0001210.inclade1.codeml	0.079665	1.381066
2099				
608	Sap_SHI30551-RA	OG0009434.inclade1.codeml	0.183773	0.699825
718	Sap_SHI19246-RA	OG0001027.inclade1.codeml	0.138947	1.918398
2780	Sap_SHI10582-RA	OG0005283.inclade1.codeml	0.089507	0.69635
416				
1207	Sap_SHI23842-RA	OG0001375.inclade2.codeml	0.238629	0.672052
670	Sap_SHI14848-RA	OG0009674.inclade1.codeml	0.189004	1.287883
1344	Sap_SHI21576-RA	OG0006721.inclade1.codeml	0.073736	0.740213
2107	Sap_SHI24885-RA	OG0002164.inclade1.codeml	0.344797	1.53097
2438	Sap_SHI03908-RA	OG0002553.inclade1.codeml	0.268522	0.736872
1406	Sap_SHI08576-RA	OG0004470.inclade1.codeml	0.256282	1.197954
2960				
817	Sap_SHI17429-RA	OG0001907.inclade1.codeml	0.088334	0.779705
1051	Sap_SHI13608-RA	OG0002849.inclade1.codeml	0.057715	0.693529
1108	Sap_SHI13471-RA	OG0005419.inclade1.codeml	0.123833	0.839379
1164	Sap_SHI18309-RA	OG0007495.inclade1.codeml	0.124252	8.265803
1363	Sap_SHI10104-RA	OG0007568.inclade1.codeml	0.089958	1.090776
1486	Sap_SHI16014-RA	OG0001263.inclade1.codeml	0.235825	1.208982
1491	Sap_SHI19166-RA	OG0003776.inclade1.codeml	0.012955	0.498098
1679	Sap_SHI30165-RA	OG0002185.inclade1.codeml	0.095572	1.358284
1713				
1733	Sap_SHI31108-RA	OG0005053.inclade1.codeml	0.093103	0.579166
1746				
1815	Sap_SHI22870-RA	OG0000130.inclade1.codeml	0.284129	1.030722
2097				
2202	Sap_SHI52973-RA	OG0001284.inclade1.codeml	0.063272	1.407812
2536	Sap_SHI07004-RA	OG0002513.inclade1.codeml	0.091131	1.55374
378				
452	Sap_SHI04358-RA	OG0006310.inclade1.codeml	0.047367	0.612775
456	Sap_SHI00537-RA	OG0006390.inclade1.codeml	0.038677	0.263963
612	Sap_SHI12767-RA	OG0007496.inclade1.codeml	0.183875	0.739775
623	Sap_SHI06997-RA	OG0007519.inclade1.codeml	0.559631	2.438408
695	Sap_SHI08524-RA	OG0007939.inclade1.codeml	0.189451	0.500536
696	Sap_SHI13985-RA	OG0004813.inclade1.codeml	0.205032	3.649706
702	Sap_SHI14147-RA	OG0006110.inclade1.codeml	0.098544	60.532578
781	Sap_SHI30472-RA	OG0004087.inclade1.codeml	0.158268	2.486095
879	Sap_SHI27910-RA	OG0004181.inclade1.codeml	0.033677	0.764966
889	Sap_SHI14075-RA	OG0006420.inclade1.codeml	0.101179	0.826859
914	Sap_SHI06917-RA	OG0008645.inclade1.codeml	0.181513	0.897228
928	Sap_SHI32261-RA	OG0006767.inclade1.codeml	0.180852	1.085165
931	Sap_SHI07341-RA	OG0001101.inclade1.codeml	0.186615	5.70457
1034	Sap_SHI11342-RA	OG0001919.inclade1.codeml	0.089823	0.960472
1485	Sap_SHI02617-RA	OG0002265.inclade1.codeml	0.078104	0.810171
1825	Sap_SHI17231-RA	OG0005196.inclade1.codeml	0.326219	0.90297
1836	Sap_SHI18562-RA	OG0002031.inclade1.codeml	0.180025	1.168776
379	Sap_SHI06999-RA	OG0008320.inclade1.codeml	0.142056	0.8367
707	Sap_SHI11516-RA	OG0003786.inclade1.codeml	0.254565	1.102994
2733	Sap_SHI12572-RA	OG0001484.inclade1.codeml	0.253611	2.096697
1803	Sap_SHI05444-RA	OG0000663.inclade2.codeml	7.50E-05	0.725883
1861	Sap_SHI12235-RA	OG0001087.inclade1.codeml	0.031123	0.579901
521	Sap_SHI19249-RA	OG0001524.inclade1.codeml	0.000115	1.153269
523	Sap_SHI46683-RA	OG0003537.inclade1.codeml	0.188094	0.683042
689	Sap_SHI07333-RA	OG0001391.inclade1.codeml	0.094569	0.661713
1382	Sap_SHI15153-RA	OG0006446.inclade1.codeml	0.248717	1.337011
1508	Sap_SHI08840-RA	OG0005245.inclade1.codeml	0.211202	2.415051
191	Sap_SHI21436-RA	OG0004535.inclade1.codeml	0.106353	0.588976
1915	Sap_SHI31849-RA	OG0008826.inclade1.codeml	0.249466	1.05953
2076	Sap_SHI16852-RA	OG0002496.inclade1.codeml	0.152703	0.890554
340	Sap_SHI08064-RA	OG0000741.inclade1.codeml	0.347301	1.359178
407	Sap_SHI28983-RA	OG0006150.inclade1.codeml	0.263676	0.920001
827	Sap_SHI26986-RA	OG0008950.inclade1.codeml	0.105788	0.482169
1009	Sap_SHI30653-RA	OG0004271.inclade1.codeml	0.139267	0.544496
1098	Sap_SHI11775-RA	OG0003365.inclade1.codeml	0.139019	0.817326
1148				
1150	Sap_SHI39591-RA	OG0000199.inclade1.codeml	0.063829	0.841805
620				
658	Sap_SHI21179-RA	OG0007729.inclade1.codeml	0.176066	1.647961
713				
731	Sap_SHI15149-RA	OG0001136.inclade1.codeml	0.236527	0.966016
81				
1129	Sap_SHI09525-RA	OG0008520.inclade1.codeml	0.01607	0.83187
401	Sap_SHI23847-RA	OG0009028.inclade1.codeml	0.130515	1.190102
617	Sap_SHI00275-RA	OG0008586.inclade1.codeml	0.32961	1.991703
640	Sap_SHI08168-RA	OG0007965.inclade1.codeml	0.05274	0.492138
2074	Sap_SHI19580-RA	OG0001223.inclade1.codeml	0.401502	1.003287
1064				
1558	Sap_SHI21646-RA	OG0001402.inclade2.codeml	0.060138	0.690215
165	Sap_SHI25987-RA	OG0007981.inclade1.codeml	9.279518	0.009289
170				
2057	Sap_SHI09796-RA	OG0003089.inclade1.codeml	0.061177	0.685089
211	Sap_SHI25478-RA	OG0005994.inclade1.codeml	0.104567	0.817033
2821	Sap_SHI06951-RA	OG0001208.inclade1.codeml	0.123733	1.281864
381	Sap_SHI18305-RA	OG0009029.inclade1.codeml	0.124201	0.653679
444	Sap_SHI26631-RA	OG0008190.inclade1.codeml	0.083932	0.758171
471	Sap_SHI28632-RA	OG0004410.inclade1.codeml	0.14082	2.115671
502	Sap_SHI17121-RA	OG0007672.inclade1.codeml	0.208089	0.55983
648	Sap_SHI34040-RA	OG0006443.inclade1.codeml	0.0892145	0.546345
659	Sap_SHI23170-RA	OG0005037.inclade1.codeml	0.147517	0.726044
699				
773	Sap_SHI13822-RA	OG0001397.inclade1.codeml	0.093424	0.808989
786	Sap_SHI22715-RA	OG0000180.inclade1.codeml	0.094408	1.457845
1071	Sap_SHI31901-RA	OG0009399.inclade1.codeml	0.158192	0.827659
1267	Sap_SHI07056-RA	OG0001292.inclade1.codeml	0.13916	1.849561
1787				
395				
442				
539	Sap_SHI28323-RA	OG0005721.inclade1.codeml	0.262709	1.384508
709	Sap_SHI37414-RA	OG0007228.inclade1.codeml	0.088722	0.412791
715	Sap_SHI04030-RA	OG0003042.inclade1.codeml	0.088911	0.709741
1011	Sap_SHI04918-RA	OG0004216.inclade1.codeml	0.122269	0.607303
1126				
1289	Sap_SHI12722-RA	OG0001566.inclade1.codeml	1.30E-05	0.131991
1773	Sap_SHI09372-RA	OG0002881.inclade1.codeml	0.107829	0.568871
1899	Sap_SHI09110-RA	OG0008192.inclade1.codeml	0.097594	0.768254
2010				
2527	Sap_SHI19186-RA	OG0002766.inclade1.codeml	0.149289	0.797929
374	Sap_SHI06942-RA	OG0006231.inclade1.codeml	0.115645	1.350702
400				
428	Sap_SHI08082-RA	OG0004700.inclade1.codeml	0.263921	2.312556
430	Sap_SHI27907-RA	OG0005998.inclade1.codeml	0.209995	0.794029
487	Sap_SHI11674-RA	OG0003888.inclade1.codeml	0.103374	0.773731
493	Sap_SHI07761-RA	OG0007181.inclade1.codeml	0.177449	0.542971
498	Sap_SHI07141-RA	OG0006587.inclade1.codeml	0.13902	0.440698
514	Sap_SHI01121-RA	OG0004822.inclade1.codeml	0.137136	1.19144
528	Sap_SHI13677-RA	OG0006131.inclade1.codeml	0.090667	0.874841
535	Sap_SHI33348-RA	OG0007357.inclade1.codeml	0.086129	1.298773
540	Sap_SHI19396-RA	OG0002806.inclade1.codeml	0.144744	0.693231
596	Sap_SHI23057-RA	OG0007200.inclade1.codeml	0.179001	0.850425
669	Sap_SHI19196-RA	OG0002262.inclade1.codeml	0.210713	1.2179
685	Sap_SHI00370-RA	OG0007325.inclade1.codeml	0.050837	0.557793
710				
869	Sap_SHI01161-RA	OG0002244.inclade1.codeml	0.299917	0.722679
930				
1003	Sap_SHI09632-RA	OG0000833.inclade1.codeml	0.104407	0.882069
1203	Sap_SHI32381-RA	OG0005114.inclade1.codeml	0.02313	0.349029
1330	Sap_SHI11191-RA	OG0001012.inclade1.codeml	0.037061	0.694296
1557	Sap_SHI01545-RA	OG0006188.inclade1.codeml	0.111305	0.890814
1574	Sap_SHI29189-RA	OG0003532.inclade1.codeml	0.090689	0.769677
1720	Sap_SHI08927-RA	OG0004230.inclade1.codeml	0.116627	0.96183
2234	Sap_SHI31117-RA	OG0007120.inclade1.codeml	0.060115	0.55104
326	Sap_SHI11585-RA	OG0003633.inclade1.codeml	0.032531	0.765817
789	Sap_SHI03190-RA	OG0000926.inclade1.codeml	0.073667	0.851817
839	Sap_SHI00992-RA	OG0006137.inclade1.codeml	0.083095	0.974094
888	Sap_SHI20691-RA	OG0009164.inclade1.codeml	0.119132	1.036886
908	Sap_SHI06081-RA	OG0007703.inclade1.codeml	0.111889	0.744614
1038	Sap_SHI04999-RA	OG0001838.inclade1.codeml	0.096376	0.614985
1142				
1444	Sap_SHI05150-RA	OG0002216.inclade2.codeml	0.040528	0.506425
1580	Sap_SHI16722-RA	OG0002928.inclade1.codeml	0.000206	2.057511
1764				
1844	Sap_SHI29133-RA	OG0004386.inclade1.codeml	0.081814	0.664103
190	Sap_SHI02542-RA	OG0002992.inclade1.codeml	0.083915	0.798074
2065				
215	Sap_SHI21090-RA	OG0008732.inclade1.codeml	0.113283	0.257269
2530	Sap_SHI14922-RA	OG0001414.inclade1.codeml	0.042991	1.21254
375	Sap_SHI14903-RA	OG0006575.inclade1.codeml	0.05453	0.411007
402	Sap_SHI11459-RA	OG0007783.inclade1.codeml	0.035376	3.50E-05
404				
448	Sap_SHI08024-RA	OG0006987.inclade1.codeml	0.123933	0.614801
497	Sap_SHI29738-RA	OG0003274.inclade1.codeml	0.070085	0.595361
563				
634				
652	Sap_SHI09056-RA	OG0006331.inclade1.codeml	0.078857	7.90E-05
668	Sap_SHI21060-RA	OG0006060.inclade1.codeml	0.130973	0.832894
704				
706				
769	Sap_SHI04073-RA	OG0004814.inclade1.codeml	0.427727	66.832004
1216				
1305				
2053	Sap_SHI07120-RA	OG0000298.inclade1.codeml	0.070283	0.712924
236	Sap_SHI03949-RA	OG0009369.inclade1.codeml	0.21153	0.783761
237	Sap_SHI11127-RA	OG0007043.inclade1.codeml	0.154628	0.980745
628	Sap_SHI31292-RA	OG0009815.inclade1.codeml	0.018806	1.90E-05
650	Sap_SHI04277-RA	OG0006786.inclade1.codeml	0.182046	1.500344
973	Sap_SHI34084-RA	OG0002906.inclade1.codeml	0.129865	0.91276
1768	Sap_SHI41289-RA	OG0001219.inclade1.codeml	0.181344	0.773765
2064	Sap_SHI20570-RA	OG0003772.inclade1.codeml	0.060895	0.781666
1010	Sap_SHI10397-RA	OG0000241.inclade1.codeml	0.122344	1.145024
1237	Sap_SHI26351-RA	OG0000988.inclade1.codeml	0.318637	0.707132
1506	Sap_SHI08509-RA	OG0001384.inclade1.codeml	0.045375	0.862625
1828	Sap_SHI14916-RA	OG0002193.inclade1.codeml	0.044132	0.770825
188	Sap_SHI10304-RA	OG0008995.inclade1.codeml	0.079097	0.928098
260	Sap_SHI13436-RA	OG0006077.inclade1.codeml	0.383595	0.869571
287	Sap_SHI28437-RA	OG0006015.inclade1.codeml	0.105848	0.571471
292	Sap_SHI25493-RA	OG0001122.inclade2.codeml	0.055334	0.94386
344	Sap_SHI32668-RA	OG0005098.inclade1.codeml	0.139785	0.948411
394	Sap_SHI17323-RA	OG0008140.inclade1.codeml	0.098535	0.233064
414	Sap_SHI03475-RA	OG0005063.inclade1.codeml	0.206884	2.084724
524	Sap_SHI17905-RA	OG0000459.inclade1.codeml	0.228837	1.151234
804	Sap_SHI25224-RA	OG0000546.inclade2.codeml	0.158481	0.505547
873	Sap_SHI00489-RA	OG0003907.inclade1.codeml	0.055362	0.921899
878				
1553	Sap_SHI40082-RA	OG0000228.inclade3.codeml	0.233051	76.689736
173	Sap_SHI11278-RA	OG0003606.inclade1.codeml	0.05294	1.010141
198	Sap_SHI12342-RA	OG0005192.inclade1.codeml	0.220728	0.838436
406	Sap_SHI02689-RA	OG0008717.inclade1.codeml	0.163814	0.531685
466	Sap_SHI11508-RA	OG0002049.inclade2.codeml	0.168913	1.2697335
629	Sap_SHI11316-RA	OG0008542.inclade1.codeml	0.142192	2.457653
665				
697	Sap_SHI11688-RA	OG0003085.inclade1.codeml	0.114663	1.093432
2573				
1092	Sap_SHI12609-RA	OG0009858.inclade1.codeml	0.190908	0.923097
1318	Sap_SHI21555-RA	OG0001665.inclade1.codeml	0.246335	0.637844
1456	Sap_SHI23868-RA	OG0005439.inclade1.codeml	0.279404	0.910506
1471				
194	Sap_SHI03505-RA	OG0007434.inclade1.codeml	0.138217	0.93855
195	Sap_SHI12690-RA	OG0005982.inclade1.codeml	0.04797	0.565024
2519				
399				
424				
506	Sap_SHI30381-RA	OG0005926.inclade1.codeml	0.080764	0.537804
946				
1279	Sap_SHI04849-RA	OG0002491.inclade1.codeml	0.131709	0.857048
1542	Sap_SHI02380-RA	OG0003219.inclade1.codeml	0.241609	1.250528
2358	Sap_SHI02849-RA	OG0000881.inclade1.codeml	0.039877	1.380204
565	Sap_SHI00413-RA	OG0002387.inclade1.codeml	4.20E-05	0.397807
639	Sap_SHI09072-RA	OG0007527.inclade1.codeml	0.148557	0.780407
692				
746	Sap_SHI02395-RA	OG0005445.inclade1.codeml	0.039872	1.130879
886	Sap_SHI31745-RA	OG0007317.inclade1.codeml	1.00E-06	2.50E-06
1294				
2307	Sap_SHI37242-RA	OG0005345.inclade1.codeml	0.18043	0.992985
2828	Sap_SHI06111-RA	OG0002737.inclade1.codeml	0.045211	0.649829
2274				
1099	Sap_SHI01272-RA	OG0006343.inclade1.codeml	0.231837	1.389947
1921	Sap_SHI29933-RA	OG0000171.inclade2.codeml	0.157293	0.556969
2666	Sap_SHI05318-RA	OG0004852.inclade1.codeml	0.152938	0.827774
545	Sap_SHI30493-RA	OG0006144.inclade1.codeml	0.264437	0.746414
755	Sap_SHI00733-RA	OG0006718.inclade1.codeml	0.102378	0.818335
2296				
1113				
1128	Sap_SHI33526-RA	OG0003874.inclade1.codeml	0.194793	0.926396
1146	Sap_SHI08844-RA	OG0008740.inclade1.codeml	0.088194	0.65862
1564	Sap_SHI08508-RA	OG0001153.inclade1.codeml	0.255104	0.678558
1599				
1643	Sap_SHI17270-RA	OG0002891.inclade1.codeml	0.145496	0.499291
2129	Sap_SHI20352-RA	OG0001272.inclade1.codeml	0.166346	1.13989
2456	Sap_SHI05289-RA	OG0006473.inclade1.codeml	0.22267	0.635615
2672	Sap_SHI02332-RA	OG0003699.inclade1.codeml	0.079146	0.880454
274	Sap_SHI00581-RA	OG0005512.inclade1.codeml	0.113093	0.719965
345	Sap_SHI31781-RA	OG0005854.inclade1.codeml	0.133321	0.940408
436	Sap_SHI27742-RA	OG0003863.inclade1.codeml	0.218384	0.908443
485	Sap_SHI04445-RA	OG0005203.inclade1.codeml	0.019337	0.678248
609	Sap_SHI00253-RA	OG0004340.inclade1.codeml	0.027767	1.397801
645	Sap_SHI02825-RA	OG0006483.inclade1.codeml	0.0595325	0.264737
649	Sap_SHI08131-RA	OG0007827.inclade1.codeml	0.06947	0.714268
661	Sap_SHI27213-RA	OG0004960.inclade1.codeml	0.122852	8.854956
681	Sap_SHI28208-RA	OG0005872.inclade1.codeml	0.108138	0.588903
947	Sap_SHI31837-RA	OG0005189.inclade1.codeml	0.027477	0.74505
960	Sap_SHI11900-RA	OG0003472.inclade1.codeml	0.121171	1.081362
1286	Sap_SHI00060-RA	OG0003798.inclade1.codeml	0.122383	0.44006
383	Sap_SHI13371-RA	OG0005184.inclade1.codeml	0.079719	0.6801
462	Sap_SHI10255-RA	OG0001852.inclade1.codeml	0.329788	1.447867
496	Sap_SHI11362-RA	OG0006494.inclade1.codeml	0.393429	1.063725
605	Sap_SHI02454-RA	OG0001683.inclade1.codeml	0.18594	0.691571
941	Sap_SHI08970-RA	OG0002526.inclade1.codeml	0.17931	0.874717
757	Sap_SHI02972-RA	OG0000198.inclade1.codeml	0.05701	1.783927
174	Sap_SHI12700-RA	OG0008526.inclade1.codeml	0.576329	1.28133
305	Sap_SHI26374-RA	OG0004596.inclade1.codeml	0.104395	0.337813
1147				
468	Sap_SHI03693-RA	OG0003611.inclade2.codeml	0.192205	1.414609
646	Sap_SHI30124-RA	OG0005967.inclade1.codeml	0.197334	0.494251
201	Sap_SHI04292-RA	OG0005924.inclade1.codeml	0.089053	0.908085
226	Sap_SHI05286-RA	OG0006130.inclade1.codeml	7.90E-05	0.788459
799	Sap_SHI29496-RA	OG0002134.inclade1.codeml	0.113419	0.820345
1418				
2620	Sap_SHI18589-RA	OG0004404.inclade1.codeml	0.044509	0.839744
1663	Sap_SHI11668-RA	OG0001638.inclade1.codeml	0.028259	0.003413
178				
1856	Sap_SHI08452-RA	OG0000861.inclade1.codeml	0.014468	0.442827
2343	Sap_SHI12527-RA	OG0000821.inclade1.codeml	0.16464	0.715337
405				
419	Sap_SHI04828-RA	OG0008176.inclade1.codeml	0.13756	0.971406
420	Sap_SHI14937-RA	OG0007600.inclade1.codeml	0.108961	0.782339
529	Sap_SHI18558-RA	OG0001184.inclade1.codeml	0.132002	1.337983
794				
924	Sap_SHI06936-RA	OG0005637.inclade1.codeml	0.038508	1.663735
179				
200	Sap_SHI31870-RA	OG0005784.inclade1.codeml	0.029139	0.493025
298	Sap_SHI08479-RA	OG0004967.inclade1.codeml	0.187035	1.440897
698				
818	Sap_SHI52085-RA	OG0007423.inclade1.codeml	0.139802	0.659787
865				
876	Sap_SHI03532-RA	OG0006208.inclade1.codeml	0.158806	0.941813
752	Sap_SHI34304-RA	OG0000777.inclade1.codeml	0.068794	1.026456
520	Sap_SHI33818-RA	OG0002144.inclade1.codeml	0.024481	1.089654
1490				
152	Sap_SHI18236-RA	OG0000257.inclade1.codeml	0.537476	1.413218
1732	Sap_SHI16512-RA	OG0000585.inclade1.codeml	0.070219	0.529882
2078	Sap_SHI50301-RA	OG0000146.inclade1.codeml	0.153827	0.559037
297				
302	Sap_SHI04960-RA	OG0000460.inclade1.codeml	0.185378	1.31319
427				
441				
46				
507				
53	Sap_SHI13345-RA	OG0005239.inclade1.codeml	0.467005	1.566087
541	Sap_SHI18533-RA	OG0002119.inclade1.codeml	0.178537	1.033583
602	Sap_SHI02792-RA	OG0008852.inclade1.codeml	0.27781	0.788086
727	Sap_SHI11218-RA	OG0000422.inclade1.codeml	0.086956	0.742036
765	Sap_SHI17870-RA	OG0004020.inclade1.codeml	0.007468	1.008743
863				
87	Sap_SHI27755-RA	OG0003450.inclade1.codeml	0.107602	0.778299
953				
98	Sap_SHI07143-RA	OG0003814.inclade1.codeml	0.085876	1.194376
100	Sap_SHI33593-RA	OG0005572.inclade1.codeml	0.046559	2.424351
158	Sap_SHI18652-RA	OG0000640.inclade1.codeml	0.301834	1.302295
182	Sap_SHI15490-RA	OG0003137.inclade1.codeml	0.113062	0.53783
834				
777				
1020	Sap_SHI04492-RA	OG0001744.inclade1.codeml	0.132594	1.106138
1181	Sap_SHI19136-RA	OG0002538.inclade1.codeml	0.039466	0.617617
1287	Sap_SHI09972-RA	OG0003988.inclade1.codeml	0.070056	0.532933
163	Sap_SHI09758-RA	OG0006717.inclade1.codeml	0.171287	0.318684
1687				
171	Sap_SHI24852-RA	OG0004687.inclade1.codeml	0.224906	6.337466
1824	Sap_SHI35747-RA	OG0001848.inclade1.codeml	0.038505	0.656716
1859	Sap_SHI24429-RA	OG0001516.inclade1.codeml	0.331205	0.466655
1865	Sap_SHI12956-RA	OG0006456.inclade1.codeml	0.027754	0.346936
187	Sap_SHI18844-RA	OG0008120.inclade1.codeml	0.170031	0.717398
1872				
209	Sap_SHI04955-RA	OG0000604.inclade3.codeml	0.057263	0.682965
214				
216				
227	Sap_SHI03355-RA	OG0009335.inclade1.codeml	0.149501	0.619846
230				
278	Sap_SHI24846-RA	OG0005117.inclade1.codeml	0.221893	1.251006
478	Sap_SHI11215-RA	OG0000881.inclade2.codeml	0.032651	2.078225
490	Sap_SHI05961-RA	OG0005417.inclade1.codeml	0.116906	0.625763
566	Sap_SHI13388-RA	OG0001141.inclade1.codeml	0.170194	0.694978
583	Sap_SHI02962-RA	OG0003264.inclade1.codeml	0.178799	2.671295
599	Sap_SHI06188-RA	OG0007567.inclade1.codeml	0.205396	1.305901
631	Sap_SHI39226-RA	OG0007823.inclade1.codeml	0.248101	0.810536
687	Sap_SHI54754-RA	OG0007007.inclade1.codeml	0.190499	1.1452
881				
962	Sap_SHI14643-RA	OG0003183.inclade1.codeml	0.207288	3.367154
977	Sap_SHI27223-RA	OG0008100.inclade1.codeml	0.229373	0.833399
1543	Sap_SHI09239-RA	OG0005713.inclade1.codeml	0.252246	1.794499
186	Sap_SHI48690-RA	OG0001799.inclade1.codeml	0.098075	0.682178
202	Sap_SHI03892-RA	OG0006282.inclade1.codeml	0.145552	2.782634
225				
3	Sap_SHI02513-RA	OG0006419.inclade1.codeml	0.059939	45.013455
308	Sap_SHI33189-RA	OG0005397.inclade1.codeml	0.187059	0.488789
341	Sap_SHI05762-RA	OG0002049.inclade1.codeml	0.146577	0.763302
350	Sap_SHI26204-RA	OG0003541.inclade1.codeml	0.393831	16.021956
376	Sap_SHI08056-RA	OG0005953.inclade1.codeml	0.139958	0.75421
548				
642	Sap_SHI14791-RA	OG0003235.inclade1.codeml	0.132889	0.755604
788				
999	Sap_SHI08395-RA	OG0002089.inclade1.codeml	0.239475	1.519097
1196	Sap_SHI18003-RA	OG0003024.inclade1.codeml	0.050908	2.184163
2327	Sap_SHI32536-RA	OG0001876.inclade1.codeml	0.060634	0.338864
586	Sap_SHI26317-RA	OG0000496.inclade1.codeml	0.168966	0.730103
2934	Sap_SHI04332-RA	OG0000304.inclade2.codeml	0.129539	2.430536
3042	Sap_SHI00715-RA	OG0002681.inclade1.codeml	0.034899	0.494627
422	Sap_SHI15868-RA	OG0005146.inclade1.codeml	0.118933	1.025573
106	Sap_SHI03893-RA	OG0004344.inclade1.codeml	0.068179	0.696983
1083	Sap_SHI27954-RA	OG0007016.inclade1.codeml	0.235989	0.605156
1221	Sap_SHI00299-RA	OG0008585.inclade1.codeml	0.229078	0.644876
1234	Sap_SHI21105-RA	OG0000779.inclade1.codeml	0.153702	0.970209
1511	Sap_SHI24440-RA	OG0006982.inclade1.codeml	0.14636	1.532287
1680				
193	Sap_SHI27655-RA	OG0007635.inclade1.codeml	0.12213	0.382461
1955				
210	Sap_SHI32770-RA	OG0007385.inclade1.codeml	0.18646	1.164347
3046	Sap_SHI12072-RA	OG0001071.inclade1.codeml	0.066521	0.62555
321	Sap_SHI02103-RA	OG0007928.inclade1.codeml	0.125605	1.347537
453	Sap_SHI24488-RA	OG0008337.inclade1.codeml	0.24256	0.623323
531	Sap_SHI08374-RA	OG0001754.inclade2.codeml	0.042813	0.910044
532	Sap_SHI02848-RA	OG0000179.inclade5.codeml	0.068429	1.53285
549	Sap_SHI13678-RA	OG0005830.inclade1.codeml	0.224117	0.426596
561	Sap_SHI03377-RA	OG0002938.inclade1.codeml	0.121402	0.438447
956	Sap_SHI12965-RA	OG0003770.inclade1.codeml	0.050615	0.93405
983	Sap_SHI14114-RA	OG0001207.inclade2.codeml	0.154353	0.580784
1342	Sap_SHI31110-RA	OG0000922.inclade1.codeml	0.085489	1.022958
1590	Sap_SHI03694-RA	OG0003061.inclade1.codeml	0.09257	0.429987
1692	Sap_SHI17371-RA	OG0003126.inclade1.codeml	0.193913	1.493092
1951	Sap_SHI26740-RA	OG0007352.inclade1.codeml	0.131763	1.092819
220	Sap_SHI17840-RA	OG0000549.inclade1.codeml	0.242131	1.062059
256	Sap_SHI02824-RA	OG0005736.inclade1.codeml	0.072505	1.395701
2563	Sap_SHI25781-RA	OG0001341.inclade1.codeml	0.039885	1.805345
2867	Sap_SHI08308-RA	OG0000377.inclade1.codeml	0.089946	1.161712
290	Sap_SHI22982-RA	OG0000932.inclade1.codeml	0.082878	0.433435
391	Sap_SHI14614-RA	OG0005787.inclade1.codeml	0.111816	0.676557
413	Sap_SHI19221-RA	OG0002360.inclade1.codeml	0.030177	0.531004
423	Sap_SHI29125-RA	OG0005083.inclade1.codeml	0.193923	0.942804
500	Sap_SHI18207-RA	OG0004869.inclade1.codeml	0.194315	1.509295
597	Sap_SHI47160-RA	OG0008203.inclade1.codeml	0.271648	1.173873
1252	Sap_SHI28288-RA	OG0000730.inclade1.codeml	0.733237	2.544737
2462	Sap_SHI15152-RA	OG0003036.inclade1.codeml	0.019307	0.867734
366	Sap_SHI29900-RA	OG0000234.inclade2.codeml	0.051111	0.645181
759	Sap_SHI30092-RA	OG0001483.inclade1.codeml	0.113786	0.641271
116	Sap_SHI11249-RA	OG0000366.inclade1.codeml	0.095686	1.455403
1300	Sap_SHI31089-RA	OG0002981.inclade1.codeml	0.154845	1.425037
1783				
2377	Sap_SHI00704-RA	OG0003948.inclade1.codeml	0.072515	0.592829
245	Sap_SHI40662-RA	OG0007210.inclade1.codeml	0.26741	0.82539
281				
418	Sap_SHI24924-RA	OG0005565.inclade1.codeml	0.129173	0.900924
720	Sap_SHI02340-RA	OG0001989.inclade1.codeml	0.107897	1.694992
807				
1014				
1304	Sap_SHI45061-RA	OG0002449.inclade1.codeml	4.50E-05	0.44732
2499	Sap_SHI13200-RA	OG0002646.inclade1.codeml	0.132685	1.413267
2574	Sap_SHI08294-RA	OG0007335.inclade1.codeml	0.151952	0.704768
553	Sap_SHI05567-RA	OG0005014.inclade1.codeml	0.176787	1.044168
567	Sap_SHI21302-RA	OG0005711.inclade1.codeml	0.200167	0.754413
207	Sap_SHI04962-RA	OG0006204.inclade1.codeml	0.15248	0.810538
1913				
244				
2667	Sap_SHI33188-RA	OG0005839.inclade1.codeml	0.180973	0.838267
28	Sap_SHI13696-RA	OG0005337.inclade1.codeml	0.079048	0.635588
576	Sap_SHI25517-RA	OG0002732.inclade1.codeml	0.07208	0.130843
626				
95	Sap_SHI04246-RA	OG0005749.inclade1.codeml	0.157444	0.624096
1266				
1855	Sap_SHI17795-RA	OG0000573.inclade1.codeml	0.062781	0.633882
192	Sap_SHI19203-RA	OG0007209.inclade1.codeml	0.066449	0.665622
2359	Sap_SHI08319-RA	OG0000927.inclade2.codeml	0.214261	0.823286
515	Sap_SHI18609-RA	OG0000430.inclade1.codeml	0.406658	0.9883
632	Sap_SHI24500-RA	OG0007224.inclade1.codeml	0.246325	2.662946
711				
829				
996	Sap_SHI25823-RA	OG0007739.inclade1.codeml	0.107895	0.977536
2375	Sap_SHI21270-RA	OG0009025.inclade1.codeml	0.12711	0.898929
2698	Sap_SHI05761-RA	OG0003035.inclade1.codeml	0.064213	1.600782
118	Sap_SHI24965-RA	OG0005372.inclade1.codeml	0.019758	0.641686
94	Sap_SHI17961-RA	OG0007102.inclade1.codeml	0.113924	1.071363
1507	Sap_SHI03142-RA	OG0000022.inclade4.codeml	0.216441	1.309986
1549	Sap_SHI13482-RA	OG0002016.inclade1.codeml	0.231057	2.427531
2847	Sap_SHI16720-RA	OG0001092.inclade2.codeml	0.211284	0.304151
1819	Sap_SHI06268-RA	OG0001164.inclade1.codeml	0.248934	3.258572
1211	Sap_SHI18994-RA	OG0000039.inclade1.codeml	0.12078	0.758813
1333	Sap_SHI01633-RA	OG0000076.inclade3.codeml	0.197716	1.452012
135	Sap_SHI06641-RA	OG0002982.inclade1.codeml	0.052571	0.1989
1499	Sap_SHI05442-RA	OG0001252.inclade1.codeml	0.206832	68.547528
1502				
1504	Sap_SHI18794-RA	OG0004249.inclade1.codeml	1.00E-06	0
1636				
172	Sap_SHI13062-RA	OG0008824.inclade1.codeml	0.234061	2.14372
303	Sap_SHI00285-RA	OG0007122.inclade1.codeml	0.068065	0.612066
439	Sap_SHI13543-RA	OG0004765.inclade1.codeml	0.092819	0.801065
555	Sap_SHI07769-RA	OG0002233.inclade1.codeml	0.075909	0.471473
662				
739	Sap_SHI48756-RA	OG0005776.inclade1.codeml	0.089785	0.795044
797	Sap_SHI03266-RA	OG0000952.inclade1.codeml	0.115403	1.051163
1031	Sap_SHI07133-RA	OG0001753.inclade1.codeml	0.283896	2.69434
1296	Sap_SHI28252-RA	OG0000923.inclade1.codeml	0.200399	0.697076
291				
45	Sap_SHI03016-RA	OG0008417.inclade1.codeml	0.221827	1.214449
519	Sap_SHI06416-RA	OG0006411.inclade1.codeml	0.156338	1.168702
219				
2501				
3013				
68	Sap_SHI09058-RA	OG0005675.inclade1.codeml	0.070093	3.260199
701	Sap_SHI01719-RA	OG0006983.inclade1.codeml	0.07964	0.863729
1835	Sap_SHI08370-RA	OG0001209.inclade1.codeml	0.109322	1.456634
559	Sap_SHI18097-RA	OG0000344.inclade1.codeml	0.125425	1.84252
240	Sap_SHI22953-RA	OG0001832.inclade1.codeml	0.1501285	0.595826
2862	Sap_SHI22478-RA	OG0001094.inclade1.codeml	0.037536	0.541246
1673	Sap_SHI08329-RA	OG0005563.inclade1.codeml	0.266599	1.73833
2727	Sap_SHI05200-RA	OG0003106.inclade1.codeml	0.046411	0.616948
47	Sap_SHI10578-RA	OG0008024.inclade1.codeml	0.170709	0.638666
2951	Sap_SHI33984-RA	OG0000566.inclade3.codeml	0.088344	0.771264
656	Sap_SHI02893-RA	OG0008414.inclade1.codeml	0.195179	1.440948
2432	Sap_SHI03198-RA	OG0002636.inclade1.codeml	0.087234	0.645355
3061	Sap_SHI07085-RA	OG0000673.inclade1.codeml	0.188206	2.51001
2221	Sap_SHI28867-RA	OG0003340.inclade1.codeml	0.121428	0.848344
1954	Sap_SHI04093-RA	OG0005707.inclade1.codeml	0.123623	2.252441
2405				
2503	Sap_SHI10350-RA	OG0001481.inclade1.codeml	0.400499	1.294542