Gene	focal_clades	Ixonanthaceae	sp_num	Pandaceae	aa_length	root2tip_variance	tree_legnth	spTr_bipartition
2909	5	Y	42	Y	416	0.390243902		
3070	5	Y	42	Y	388.5	0.0604675	7.59887	0.43902439
2886	5	N	41	Y	484	0.463414634		
2912	5	Y	41	Y	483	0.365853659		
2983	5	Y	41	Y	193.5	0.189891	10.8003	0.43902439
3029	5	N	41	Y	245	0.0217892	6.03333	0.585365854
3031	5	Y	41	Y	257	0.0180002	5.39535	0.43902439
3032	5	Y	41	Y	236.5	0.0194921	5.35636	0.43902439
3036	5	Y	41	Y	347	0.0168283	5.84871	0.512195122
2578	5	Y	40	Y	290	0.00902767	5.20962	0.463414634
2786	5	Y	40	Y	395.5	0.0468295	5.6165	0.56097561
2883	5	Y	40	Y	356	0.0107863	5.47578	0.341463415
2884	5	N	40	Y	552	0.0220471	6.26538	0.43902439
2892	5	Y	40	Y	498	0.00623192	4.09685	0.414634146
2904	5	Y	40	Y	562	0.00992031	4.14152	0.43902439
2985	5	Y	40	Y	311.5	0.031925	6.69283	0.43902439
2994	5	Y	40	Y	219	0.292682927		
3043	5	Y	40	Y	393.5	0.0121138	6.52297	0.317073171
3065	5	N	40	Y	411	0.0172287	5.60218	0.512195122
2374	5	Y	39	Y	226	0.292682927		
2423	5	Y	39	Y	178	0.317073171		
2569	5	Y	39	Y	157	0.317073171		
2606	5	Y	39	Y	162	0.0122432	4.9104	0.341463415
2624	5	N	39	Y	402	0.0128729	4.92777	0.341463415
2635	5	N	39	Y	230	0.00806954	3.73121	0.414634146
2648	5	Y	39	Y	425.5	0.0189278	5.65076	0.43902439
2691	5	N	39	Y	550	0.00966716	4.52247	0.414634146
2758	5	N	39	Y	828.5	0.00547978	4.52543	0.414634146
2809	5	N	39	Y	282	0.341463415		
2877	5	N	39	Y	244	0.0178526	7.54155	0.365853659
2878	5	Y	39	Y	143	0.0506217	6.8382	0.195121951
2991	5	Y	39	Y	240	0.365853659		
3002	5	Y	39	Y	363	0.0166909	6.38475	0.390243902
3038	5	Y	39	Y	488	0.00466444	5.47079	0.414634146
2382	5	N	38	Y	317	0.0281046	5.26918	0.43902439
2398	5	Y	38	Y	239	0.317073171		
2413	5	Y	38	Y	543	0.390243902		
2420	5	Y	38	Y	361	0.0112926	4.26231	0.390243902
2447	5	N	38	Y	416	0.0130515	5.51807	0.487804878
2598	5	Y	38	Y	406	0.0136062	5.65421	0.43902439
2599	5	N	38	Y	436	0.0130424	4.1616	0.463414634
2602	5	Y	38	Y	813.5	0.317073171		
2619	5	N	38	Y	440	0.390243902		
2752	5	N	38	Y	364	0.390243902		
2769	5	N	38	Y	301	0.0181946	5.51807	0.341463415
2796	5	Y	38	Y	295	0.0272174	6.73607	0.390243902
2879	5	N	38	Y	439.5	0.00680283	4.97745	0.341463415
2922	5	N	38	Y	388	0.0672133	8.87946	0.414634146
3040	5	Y	38	Y	395.5	0.0113536	3.61996	0.341463415
1932	5	Y	37	Y	131	0.0130092	5.2404	0.243902439
1947	5	N	37	Y	423	0.0319134	5.52828	0.292682927
2143	5	Y	37	Y	175	0.0219966	4.6638	0.365853659
2154	5	N	37	Y	330	0.0305261	5.26996	0.365853659
2267	5	Y	37	Y	529	0.0186332	5.13613	0.390243902
2417	5	Y	37	Y	199	0.0184259	5.12319	0.268292683
2581	5	N	37	Y	365.5	0.0395689	5.74209	0.414634146
2587	5	N	37	Y	283	0.0176819	5.205	0.317073171
2637	5	Y	37	Y	296	0.0174627	4.6598	0.43902439
2655	5	N	37	Y	386	0.414634146		
2657	5	Y	37	Y	261	0.0298229	6.76797	0.463414634
2662	5	Y	37	Y	290	0.0146674	6.87309	0.463414634
2787	5	Y	37	Y	265	0.0222789	5.07923	0.268292683
2810	5	Y	37	Y	554	0.00263677	3.04198	0.317073171
2888	5	Y	37	Y	407	0.0248761	4.52928	0.268292683
2901	5	Y	37	Y	219	0.00979209	3.61883	0.390243902
2987	5	Y	37	Y	295	0.00666078	3.5005	0.292682927
2990	5	Y	37	Y	214	0.170731707		
3014	5	N	37	Y	513	0.0179751	5.78732	0.243902439
1897	5	N	36	Y	197	0.0193748	5.64684	0.365853659
1927	5	Y	36	Y	362	0.00920607	3.89517	0.292682927
1934	5	Y	36	Y	140	0.243902439		
1946	5	N	36	Y	177	0.279482	6.91719	0.341463415
1971	5	N	36	Y	354.5	0.011839	5.01573	0.317073171
1977	5	N	36	Y	273	0.0141388	5.22877	0.341463415
2014	5	N	36	Y	313	0.0207545	4.7756	0.268292683
2018	5	N	36	Y	831	0.341463415		
2149	5	Y	36	Y	129	0.0153282	3.99372	0.243902439
2151	5	Y	36	Y	235	0.268292683		
2156	5	N	36	Y	350	0.365853659		
2157	5	Y	36	Y	229	0.0158788	5.95282	0.317073171
2160	5	N	36	Y	233	0.268292683		
2163	5	N	36	Y	250	0.0146399	6.23519	0.268292683
2168	5	N	36	Y	229	0.292682927		
2184	5	N	36	Y	290	0.0122811	4.36207	0.341463415
2188	5	N	36	Y	186	0.0190493	7.74556	0.390243902
2209	5	N	36	Y	212	0.0421724	6.9675	0.268292683
2213	5	Y	36	Y	239	0.0246945	5.66838	0.219512195
2260	5	N	36	Y	727	0.00694729	3.8122	0.365853659
2379	5	Y	36	Y	254.5	0.0421989	6.42563	0.219512195
2384	5	Y	36	Y	179	0.00700055	4.12062	0.292682927
2392	5	N	36	Y	235	0.317073171		
2414	5	N	36	Y	460.5	0.0257296	4.00911	0.292682927
2437	5	Y	36	Y	216.5	0.0395524	6.80746	0.341463415
2611	5	N	36	Y	548	0.026204	4.91076	0.390243902
2638	5	N	36	Y	354.5	0.027527	5.19106	0.292682927
2890	5	Y	36	Y	624	0.43902439		
1409	5	Y	35	Y	224	0.0666144	5.69431	0.219512195
1463	5	N	35	Y	338.5	0.0268994	5.36397	0.243902439
1480	5	N	35	Y	474	0.0247676	5.18446	0.317073171
1648	5	N	35	Y	483	0.292682927		
1649	5	N	35	Y	289	0.00957251	4.33801	0.292682927
1664	5	N	35	Y	191.5	0.0188723	5.98636	0.292682927
1689	5	N	35	Y	404.5	0.0175707	6.01359	0.341463415
1700	5	Y	35	Y	412	0.00942767	3.96367	0.317073171
1708	5	N	35	Y	492.5	0.00388892	3.112	0.268292683
1726	5	N	35	Y	352.5	0.0158043	5.73868	0.268292683
1905	5	N	35	Y	246.5	0.0270434	5.92665	0.341463415
1940	5	N	35	Y	145.5	0.036976	6.28266	0.243902439
1966	5	Y	35	Y	214	0.195121951		
2080	5	N	35	Y	261	0.00650891	5.47419	0.219512195
2177	5	N	35	Y	170.5	0.0286596	9.03044	0.365853659
2206	5	N	35	Y	605	0.00491182	3.80915	0.365853659
2490	5	N	35	Y	355.5	0.341463415		
2709	5	N	35	Y	378	0.0113405	3.84368	0.268292683
2716	5	N	35	Y	533	0.0138559	4.19626	0.341463415
2843	5	N	35	Y	549	0.0201722	4.91827	0.292682927
2936	5	Y	35	Y	369	0.0359014	5.15712	0.341463415
2950	5	N	35	Y	245	0.390243902		
2959	5	N	35	Y	293	0.0133944	4.82949	0.317073171
3003	5	Y	35	Y	160	0.170731707		
1379	5	N	34	Y	316	0.0463174	5.57093	0.292682927
1385	5	N	34	Y	328.5	0.317073171		
1422	5	N	34	Y	166	0.0219575	6.25571	0.292682927
1555	5	N	34	Y	356	0.0462903	6.60189	0.341463415
1614	5	N	34	Y	204	0.0101208	5.64538	0.268292683
1621	5	N	34	Y	169	0.011174	3.95635	0.170731707
1622	5	Y	34	Y	123.5	0.0191037	4.83806	0.170731707
1964	5	N	34	Y	212	0.010863	4.18684	0.365853659
1976	5	N	34	Y	255.5	0.0176836	5.58135	0.243902439
2008	5	N	34	Y	530	0.0042339	4.21335	0.243902439
2418	5	N	34	Y	164	0.0180212	3.61029	0.243902439
2480	5	N	34	Y	242	0.317073171		
2510	5	N	34	Y	293.5	0.0240411	4.89742	0.365853659
2806	5	Y	34	Y	413.5	0.292682927		
3034	5	Y	34	Y	232.5	0.015227	5.18686	0.219512195
1352	5	N	33	Y	268	0.0335467	5.35309	0.219512195
1374	5	N	33	Y	202	0.0146	5.10673	0.243902439
2173	5	Y	33	Y	296	0.0176997	4.22632	0.268292683
2927	5	Y	33	Y	430	0.037899	4.68825	0.292682927
2947	5	Y	33	Y	415	0.0153074	2.68571	0.341463415
1170	5	N	32	Y	873	0.0317707	5.34277	0.341463415
1236	5	N	32	Y	156	0.243902439		
1360	5	N	32	Y	343	0.0158761	4.48904	0.243902439
1436	5	N	32	Y	220	0.010083	3.14829	0.146341463
1472	5	N	32	Y	439.5	0.0379291	4.56207	0.292682927
1476	5	N	32	Y	635	0.0192657	7.16963	0.317073171
1684	5	N	32	Y	397	0.243902439		
1799	5	Y	32	Y	438	0.268292683		
1997	5	N	32	Y	322	0.00496641	4.35165	0.170731707
2039	5	N	32	Y	302.5	0.0100016	3.75218	0.317073171
2056	5	N	32	Y	307	0.0399895	5.57779	0.341463415
2198	5	N	32	Y	366	0.00998919	3.90611	0.170731707
2333	5	N	32	Y	503	0.0435208	6.18157	0.195121951
2634	5	N	32	Y	353	0.0171627	4.12211	0.317073171
2661	5	N	32	Y	448	0.00459603	3.3944	0.268292683
2791	5	Y	32	Y	408	0.170731707		
2868	5	N	32	Y	296	0.00957178	4.33605	0.292682927
936	5	N	32	Y	306	0.00784752	3.13341	0.317073171
979	5	N	32	Y	232	0.031471	6.27202	0.219512195
1025	5	N	31	Y	157	0.00980797	3.97673	0.268292683
1348	5	N	31	Y	140	0.0132679	6.05164	0.195121951
1406	5	N	31	Y	206	0.195121951		
1408	5	Y	31	Y	232	0.0137455	4.85679	0.146341463
1451	5	N	31	Y	393	0.0235683	7.36105	0.243902439
2249	5	Y	31	Y	213	0.00598486	2.91622	0.170731707
2571	5	Y	31	Y	119	0.0230284	4.98657	0.170731707
2850	5	N	31	Y	513	0.0108965	3.53135	0.268292683
2916	5	Y	31	Y	249.5	0.0323761	4.69868	0.12195122
2960	5	Y	31	Y	283.5	0.195121951		
3025	5	Y	31	Y	298.5	0.0107066	2.60517	0.317073171
644	5	N	31	Y	343	0.0439636	7.74661	0.146341463
939	5	N	31	Y	965	0.0336884	5.05363	0.292682927
940	5	N	31	Y	755	0.0139807	4.49036	0.268292683
955	5	Y	31	Y	187	0.0230495	6.99224	0.195121951
1382	5	Y	30	Y	105	0.0426789	5.83404	0.146341463
2573	5	Y	30	Y	157	0.015109	3.78751	0.292682927
827	5	N	30	Y	170	0.00973613	4.73916	0.170731707
1418	5	N	29	Y	440	0.00992124	4.29591	0.170731707
1819	5	N	29	Y	323	0.146341463		
2698	5	Y	29	Y	481.5	0.0331609	2.67556	0.317073171
2934	5	Y	29	Y	446	0.0177029	3.50011	0.243902439
777	5	N	29	Y	1105	0.0122822	5.99141	0.219512195
2501	5	Y	28	Y	178	0.0197596	4.6696	0.097560976
3013	5	N	28	Y	313	0.00760836	4.14075	0.268292683
68	5	N	28	Y	395.5	0.170731707		
1673	5	N	27	Y	169	0.044991	4.89685	0.268292683
1835	5	N	27	Y	390	0.018577	3.83473	0.195121951
240	5	N	27	Y	561	0.304791	6.59363	0.243902439
2862	5	N	27	Y	620	0.00290436	2.54419	0.243902439
559	5	N	27	Y	318	0.0367837	2.76537	0.195121951
701	5	N	27	Y	192	0.0185239	2.80667	0.170731707
2727	5	N	26	Y	462	0.0039078	2.18897	0.219512195
47	5	N	25	Y	243	0.0112722	5.12651	0.048780488
2951	5	N	22	Y	406	0.0144294	2.79601	0.243902439
2999	4	Y	41	Y	375	0.00735056	3.39013	0.463414634
3069	4	Y	41	Y	524	0.0280097	5.35012	0.512195122
2590	4	Y	39	Y	461.5	0.00691709	4.17349	0.414634146
2749	4	Y	38	Y	410	0.015489	4.42342	0.341463415
2450	4	Y	37	Y	199	0.0237568	4.71863	0.341463415
3037	4	Y	37	Y	232	0.268292683		
1911	4	N	36	Y	326.5	0.0210381	5.99543	0.365853659
1980	4	N	36	Y	327	0.0792204	7.2114	0.365853659
2220	4	Y	36	Y	395	0.108118	6.5829	0.317073171
2389	4	N	36	Y	258	0.0135584	4.95479	0.390243902
2407	4	Y	36	Y	395	0.219512195		
2440	4	Y	36	Y	132	0.00550823	3.76092	0.243902439
2609	4	N	36	Y	505.5	0.0119773	4.78642	0.292682927
2686	4	N	36	Y	422	0.0081196	4.65862	0.317073171
2819	4	N	35	Y	545	0.0162572	5.03266	0.292682927
1377	4	N	34	Y	113	0.231927	6.89782	0.195121951
1455	4	N	34	Y	224	0.0216402	5.85723	0.341463415
1532	4	N	34	Y	595	0.0371871	4.50327	0.317073171
1890	4	N	34	Y	286	0.0182769	4.88408	0.243902439
2252	4	N	34	Y	228	0.317073171		
2314	4	Y	34	Y	135	0.0664449	6.01529	0.195121951
2721	4	Y	34	Y	375	0.00335445	2.73174	0.292682927
1310	4	N	33	Y	429	0.0229635	8.16122	0.243902439
1923	4	N	33	Y	308	0.0292646	5.47634	0.317073171
2815	4	N	33	Y	396	0.0152439	4.79993	0.268292683
2831	4	Y	33	Y	219	0.170731707		
2866	4	Y	33	Y	365	0.0105415	4.82219	0.243902439
2917	4	Y	33	Y	262	0.00721143	4.33925	0.268292683
1354	4	N	32	Y	197.5	0.0159977	5.1016	0.268292683
1357	4	N	32	Y	297.5	0.0398682	5.65399	0.243902439
1426	4	Y	32	Y	374	0.195121951		
2941	4	N	32	Y	377	0.0548733	4.93761	0.317073171
1466	4	N	31	Y	482	3.24806	14.591	0.268292683
1754	4	Y	31	Y	301	0.00886379	3.12004	0.243902439
2101	4	N	31	Y	318	0.00902312	4.01458	0.243902439
2614	4	Y	31	Y	309	0.00748792	3.73499	0.268292683
2679	4	Y	31	Y	182	0.0160023	4.00003	0.195121951
817	4	N	31	Y	317	0.170731707		
2074	4	Y	30	Y	322	0.0127309	3.89513	0.195121951
2620	4	Y	29	Y	176	0.00756732	2.89526	0.170731707
3042	4	Y	29	Y	332	0.00623393	2.34117	0.243902439
422	4	N	29	Y	320	0.0104669	3.69917	0.243902439
520	4	N	29	Y	585	0.0110399	3.10897	0.195121951
757	4	N	29	Y	269	0.00572969	4.77517	0.073170732
2221	4	N	28	Y	333	0.00972747	3.99207	0.268292683
2432	4	N	28	Y	173	0.0126849	3.15627	0.219512195
3061	4	Y	28	Y	255	0.0275547	3.6643	0.219512195
656	4	N	28	Y	195	0.0265765	5.86993	0.170731707
1954	4	N	27	Y	613	0.020595	3.16174	0.146341463
2405	4	N	27	Y	193	0.0155724	4.30945	0.219512195
2503	4	N	26	Y	721	0.00762118	2.40792	0.243902439
2905	4	N	23	Y	371	0.014951	2.54129	0.219512195
2693	3	N	32	Y	395.5	0.0110759	3.07598	0.317073171
1209	3	N	31	Y	932	0.00686806	3.26933	0.292682927
261	3	N	27	Y	321.5	0.170731707		
2459	3	Y	25	Y	1012	0.0131959	3.23281	0.146341463
1059	3	N	21	Y	439	0.0147449	3.00526	0.12195122
2845	3	N	10	Y	582	0.0480415	2.07605	0.073170732
2274	2	N	30	Y	422	0.0459383	4.25677	0.317073171
2529	2	N	20	Y	272.5	0.150557	4.71384	0.12195122
454	2	N	16	Y	520	0.0215877	2.20585	0.12195122
3000	1	N	15	Y	451.5	5.95362	11.7373	0.146341463
2552	1	N	11	Y	315	0.0834127	3.09998	0.024390244
2755	4	Y	41	N	245	0.0236638	6.10203	0.536585366
2881	4	Y	41	N	404	0.0449921	5.93138	0.512195122
2921	4	Y	41	N	363.5	0.0157243	5.508	0.536585366
2745	4	Y	40	N	304	0.0152644	6.6815	0.56097561
2756	4	Y	40	N	190	0.390243902		
2771	4	N	40	N	518	0.0173625	5.33561	0.609756098
2907	4	Y	40	N	566.5	0.487804878		
2928	4	Y	40	N	419	0.365853659		
3047	4	Y	40	N	399	0.00407098	3.35325	0.463414634
2395	4	Y	39	N	326.5	0.0105902	4.66898	0.43902439
2404	4	N	39	N	333	0.0236656	5.72466	0.292682927
2566	4	Y	39	N	270.5	0.015016	5.67779	0.390243902
2580	4	N	39	N	496	0.0150402	5.54715	0.487804878
2608	4	Y	39	N	302.5	0.0209623	5.27282	0.487804878
2613	4	Y	39	N	247	0.317073171		
2631	4	N	39	N	381	0.0210932	4.31053	0.43902439
2743	4	Y	39	N	218.5	0.0163099	5.48058	0.341463415
2747	4	Y	39	N	174	0.0117569	4.39407	0.414634146
2759	4	Y	39	N	212	0.00552976	4.58126	0.390243902
2764	4	Y	39	N	254	0.268292683		
2766	4	Y	39	N	297	0.013419	4.66754	0.43902439
2776	4	Y	39	N	460	0.341463415		
2782	4	N	39	N	495	0.00556755	4.83228	0.390243902
2894	4	Y	39	N	430	0.0240479	6.70611	0.463414634
2898	4	Y	39	N	330	0.0162244	7.19886	0.414634146
2899	4	Y	39	N	541	0.365853659		
2139	4	Y	38	N	384	0.0217693	5.00718	0.414634146
2187	4	Y	38	N	203	0.365853659		
2216	4	N	38	N	250	0.317073171		
2286	4	Y	38	N	442.5	0.414634146		
2380	4	Y	38	N	533	0.0255444	5.47285	0.317073171
2387	4	N	38	N	356	0.0217152	5.35011	0.487804878
2408	4	N	38	N	426	0.390243902		
2409	4	N	38	N	501	0.0137629	4.97337	0.390243902
2410	4	N	38	N	665	0.0184998	5.65117	0.463414634
2427	4	N	38	N	267	0.060294	6.70797	0.43902439
2436	4	Y	38	N	528	0.43902439		
2481	4	Y	38	N	320.5	0.0172945	5.00069	0.390243902
2486	4	N	38	N	296	0.0290278	6.57513	0.512195122
2516	4	Y	38	N	318	0.00534994	4.16847	0.365853659
2584	4	N	38	N	818.5	0.0157511	4.69021	0.487804878
2585	4	Y	38	N	302	0.0100739	4.29294	0.43902439
2610	4	Y	38	N	314	0.00639851	4.98192	0.317073171
2617	4	N	38	N	249.5	0.040551	7.00407	0.536585366
2621	4	N	38	N	327.5	0.0949647	7.03449	0.414634146
2630	4	N	38	N	453	0.0212598	4.93823	0.463414634
2636	4	Y	38	N	347	0.317073171		
2639	4	Y	38	N	377	0.341463415		
2643	4	Y	38	N	400	0.00473575	4.19523	0.292682927
2762	4	N	38	N	329	0.390243902		
2763	4	Y	38	N	245	0.0070594	3.71319	0.365853659
2767	4	N	38	N	574	0.0131368	3.99359	0.585365854
2768	4	Y	38	N	307	0.0278095	6.13977	0.317073171
2770	4	N	38	N	407	0.0132937	4.90425	0.365853659
2778	4	N	38	N	302	0.00900411	3.7479	0.43902439
2795	4	Y	38	N	361.5	0.0197443	4.98093	0.43902439
2797	4	N	38	N	507	0.365853659		
2803	4	Y	38	N	205	0.013271	5.22469	0.317073171
2807	4	Y	38	N	541	0.00701874	3.5961	0.365853659
2882	4	Y	38	N	225	0.0150774	4.42905	0.317073171
2895	4	Y	38	N	386	0.0380852	8.18497	0.536585366
2897	4	Y	38	N	235	0.0248727	5.02773	0.390243902
2920	4	Y	38	N	323	0.0116849	5.12713	0.390243902
2956	4	Y	38	N	481	0.0116238	4.44346	0.43902439
1895	4	N	37	N	273	0.463414634		
1912	4	N	37	N	564	0.012394	3.73503	0.414634146
1938	4	Y	37	N	175	0.0186572	5.17011	0.365853659
1991	4	Y	37	N	331	0.0145956	4.76507	0.463414634
1992	4	Y	37	N	280	0.00371333	3.30187	0.292682927
2024	4	N	37	N	364	0.0135588	4.6101	0.365853659
2030	4	N	37	N	337	0.0185442	6.59286	0.463414634
2069	4	N	37	N	341	0.00574696	3.54265	0.414634146
2144	4	Y	37	N	409	0.0171825	4.82076	0.243902439
2158	4	Y	37	N	247	0.317073171		
2162	4	N	37	N	281.5	0.014885	5.75592	0.365853659
2178	4	Y	37	N	264.5	0.0260677	6.31292	0.365853659
2185	4	Y	37	N	375	0.0119472	4.31302	0.463414634
2196	4	Y	37	N	199	0.292682927		
2208	4	N	37	N	237	0.00255995	2.49114	0.365853659
2219	4	Y	37	N	526	0.0107479	4.31138	0.390243902
2226	4	N	37	N	305	0.0137183	6.01056	0.341463415
2256	4	Y	37	N	405	0.0123199	6.99699	0.317073171
2268	4	Y	37	N	299	0.0119967	3.8638	0.268292683
2324	4	N	37	N	456	0.00837971	3.96801	0.365853659
2381	4	N	37	N	345	0.00486505	5.03188	0.487804878
2385	4	Y	37	N	318	0.341463415		
2394	4	N	37	N	213	0.00923361	5.46229	0.341463415
2397	4	N	37	N	285	0.317073171		
2406	4	Y	37	N	441	0.00993939	4.79113	0.414634146
2428	4	Y	37	N	258	0.0311213	5.08695	0.292682927
2435	4	Y	37	N	356	0.00974346	4.48255	0.268292683
2472	4	Y	37	N	335	0.00560593	3.61235	0.414634146
2475	4	Y	37	N	342	0.00929905	3.90549	0.317073171
2482	4	Y	37	N	503.5	0.0175074	4.72861	0.341463415
2494	4	N	37	N	347	0.0474289	7.22103	0.341463415
2497	4	N	37	N	418	0.012233	4.48872	0.43902439
2504	4	N	37	N	467	0.00958681	3.17136	0.463414634
2589	4	N	37	N	492	0.0115881	3.85866	0.317073171
2595	4	N	37	N	390	0.00955657	4.26004	0.365853659
2652	4	Y	37	N	470	0.011914	3.92217	0.365853659
2664	4	N	37	N	461	0.0411925	6.15036	0.414634146
2668	4	N	37	N	326	0.268292683		
2692	4	N	37	N	326	0.0223063	4.99714	0.414634146
2744	4	Y	37	N	257	0.024823	5.44345	0.390243902
2761	4	N	37	N	454.5	0.00198296	2.82269	0.292682927
2785	4	Y	37	N	375.5	0.341463415		
2792	4	Y	37	N	428.5	0.292682927		
2794	4	Y	37	N	320	0.414634146		
2798	4	Y	37	N	131	0.0113885	5.5662	0.219512195
2802	4	Y	37	N	319	0.0223885	4.56911	0.317073171
2826	4	N	37	N	676	0.00442877	4.10354	0.365853659
2827	4	Y	37	N	271	0.0127241	3.49368	0.243902439
2838	4	Y	37	N	398	0.292682927		
2876	4	N	37	N	417	0.00573019	4.17338	0.414634146
2880	4	Y	37	N	262	0.0113323	4.53841	0.292682927
2914	4	N	37	N	345	0.0239524	7.03022	0.341463415
2938	4	Y	37	N	568	0.0129264	4.66388	0.365853659
2954	4	N	37	N	414	0.0119005	6.49791	0.317073171
1616	4	Y	36	N	296	0.0129675	6.20792	0.365853659
1628	4	Y	36	N	224	0.0258529	4.53699	0.292682927
1629	4	Y	36	N	202	0.0175077	4.69427	0.317073171
1638	4	Y	36	N	203	0.0656668	5.88297	0.219512195
1644	4	Y	36	N	202.5	0.0288641	5.51991	0.414634146
1650	4	N	36	N	185	0.0282717	6.19739	0.365853659
1653	4	Y	36	N	190	0.00681977	4.16352	0.341463415
1670	4	Y	36	N	425.5	0.0228595	5.71865	0.414634146
1678	4	Y	36	N	176	0.0488164	6.47631	0.341463415
1688	4	N	36	N	412	0.506228	8.00053	0.390243902
1701	4	N	36	N	304	0.00726699	3.75408	0.390243902
1752	4	N	36	N	289	0.0554463	3.92901	0.365853659
1888	4	N	36	N	189	0.463414634		
1898	4	N	36	N	218	0.020435	5.75815	0.292682927
1908	4	Y	36	N	536	0.0034312	3.44052	0.268292683
1914	4	Y	36	N	323	0.00945428	4.42334	0.317073171
1922	4	Y	36	N	241	0.0114513	3.91047	0.243902439
1937	4	Y	36	N	314	0.016544	5.01461	0.317073171
1945	4	N	36	N	289	0.0267394	6.5016	0.390243902
1950	4	N	36	N	207	0.00988534	5.22202	0.341463415
1963	4	N	36	N	332	0.00677139	3.80445	0.365853659
1969	4	N	36	N	310	0.292682927		
1975	4	Y	36	N	172	0.219512195		
1983	4	N	36	N	532	0.00719826	4.40493	0.292682927
1993	4	N	36	N	562	0.0219025	4.34292	0.414634146
2021	4	N	36	N	175	0.0337742	6.20672	0.317073171
2055	4	N	36	N	283	0.0716927	6.62182	0.390243902
2084	4	N	36	N	403	0.317073171		
2145	4	N	36	N	232	0.390243902		
2146	4	N	36	N	225	0.0533406	7.66163	0.317073171
2150	4	N	36	N	278.5	0.00457623	3.91499	0.365853659
2166	4	N	36	N	501	0.789062	8.23069	0.317073171
2167	4	N	36	N	221	0.0107212	5.37504	0.341463415
2183	4	N	36	N	361	0.0113295	4.85551	0.341463415
2190	4	N	36	N	136	0.0184645	5.107	0.317073171
2191	4	N	36	N	338	0.0157167	5.93339	0.268292683
2211	4	N	36	N	383	0.021128	6.28501	0.43902439
2224	4	N	36	N	198	0.463414634		
2229	4	N	36	N	320	0.0190089	4.99061	0.341463415
2231	4	Y	36	N	462.5	0.0139173	3.53623	0.317073171
2232	4	Y	36	N	298	0.0748313	5.87449	0.341463415
2233	4	Y	36	N	271	0.00704127	4.674	0.341463415
2235	4	Y	36	N	244	0.0119099	3.55634	0.341463415
2237	4	N	36	N	228	0.0158511	4.52664	0.317073171
2253	4	N	36	N	591	0.027655	5.05852	0.292682927
2257	4	Y	36	N	486.5	0.0225714	6.5088	0.414634146
2264	4	N	36	N	419	0.00986066	4.4321	0.317073171
2266	4	N	36	N	324.5	0.317073171		
2281	4	N	36	N	292	0.0135025	4.75744	0.414634146
2295	4	Y	36	N	353	0.0178194	6.09265	0.341463415
2376	4	N	36	N	250	0.05519	5.49548	0.414634146
2378	4	Y	36	N	182	0.0431566	5.81965	0.219512195
2393	4	N	36	N	267	0.00682591	4.31477	0.292682927
2396	4	Y	36	N	327	0.00844587	4.742	0.268292683
2400	4	Y	36	N	280	0.0135311	3.94265	0.365853659
2422	4	Y	36	N	436	0.00920719	3.95151	0.365853659
2441	4	N	36	N	311	0.341463415		
2442	4	Y	36	N	264	0.317073171		
2443	4	Y	36	N	433	0.195121951		
2457	4	Y	36	N	122	0.263613	8.05991	0.268292683
2463	4	N	36	N	306	0.0281266	5.13121	0.390243902
2467	4	Y	36	N	313.5	0.0103043	5.39007	0.487804878
2474	4	N	36	N	634.5	0.0106061	4.21885	0.341463415
2477	4	Y	36	N	478	0.365853659		
2479	4	N	36	N	504	0.00921117	5.84373	0.390243902
2491	4	Y	36	N	406	0.0114919	3.00353	0.268292683
2506	4	N	36	N	471.5	0.018092	4.56197	0.292682927
2575	4	Y	36	N	215	0.0112054	3.79512	0.195121951
2579	4	Y	36	N	357	0.0135255	5.40099	0.268292683
2586	4	Y	36	N	988	0.414634146		
2592	4	Y	36	N	211	0.0166766	4.85632	0.243902439
2623	4	Y	36	N	628	0.0193595	4.37211	0.341463415
2628	4	N	36	N	185.5	0.00854776	4.54064	0.195121951
2641	4	Y	36	N	419	0.013895	6.71774	0.243902439
2659	4	Y	36	N	216	0.00962721	4.98453	0.12195122
2675	4	Y	36	N	229	0.008097	4.51704	0.365853659
2811	4	Y	36	N	235	0.00322393	3.42652	0.365853659
2812	4	N	36	N	281	0.0209127	5.95754	0.317073171
2872	4	N	36	N	417.5	0.00472638	3.54388	0.317073171
2918	4	Y	36	N	309	0.00504516	3.07224	0.365853659
3017	4	Y	36	N	420.5	0.390243902		
3033	4	N	36	N	440	0.00935682	3.49014	0.365853659
1345	4	N	35	N	467.5	0.0123414	5.68896	0.414634146
1361	4	N	35	N	420	0.292682927		
1367	4	N	35	N	251	0.0105126	4.40564	0.317073171
1395	4	N	35	N	207	0.365853659		
1403	4	N	35	N	187	0.0191841	5.17193	0.268292683
1417	4	N	35	N	305	0.243902439		
1445	4	Y	35	N	262	0.0100021	4.14905	0.292682927
1464	4	Y	35	N	202	0.0238405	7.12492	0.292682927
1625	4	N	35	N	418.5	0.0327789	5.56942	0.365853659
1632	4	N	35	N	356	0.0189062	5.50155	0.317073171
1640	4	N	35	N	396	0.058524	7.44719	0.292682927
1642	4	N	35	N	430	0.0183202	5.42301	0.341463415
1659	4	N	35	N	309	0.0180886	4.42348	0.268292683
1661	4	N	35	N	240	0.0434108	6.00703	0.317073171
1666	4	N	35	N	369	0.0618125	4.84637	0.317073171
1668	4	N	35	N	237	0.00307817	3.43367	0.414634146
1669	4	N	35	N	345	0.963459	8.74225	0.195121951
1671	4	N	35	N	423	0.341463415		
1677	4	N	35	N	423.5	0.0285829	6.33114	0.292682927
1682	4	N	35	N	413	0.0272437	5.49461	0.390243902
1691	4	N	35	N	353	0.0218229	6.93616	0.219512195
1694	4	N	35	N	321	0.0143764	4.32623	0.292682927
1695	4	Y	35	N	372	0.0147181	5.05071	0.317073171
1704	4	N	35	N	345	0.0217255	4.57465	0.317073171
1718	4	N	35	N	751	0.00486127	3.06919	0.341463415
1721	4	N	35	N	311	0.00712353	5.46962	0.317073171
1722	4	N	35	N	501	0.365853659		
1730	4	N	35	N	368	0.038942	5.42483	0.341463415
1731	4	Y	35	N	342	0.00733012	3.4155	0.341463415
1738	4	N	35	N	879	0.0312953	4.60973	0.365853659
1743	4	N	35	N	570.5	0.341463415		
1745	4	N	35	N	207	0.219512195		
1763	4	N	35	N	465	0.043026	7.07871	0.292682927
1771	4	N	35	N	369.5	0.0368496	5.96713	0.463414634
1802	4	N	35	N	412	0.0252765	3.93178	0.317073171
1810	4	N	35	N	489	0.0103485	3.64838	0.341463415
1833	4	N	35	N	461	0.0543868	4.61713	0.365853659
1834	4	N	35	N	519	0.0121979	4.55959	0.317073171
1848	4	N	35	N	321	0.0202277	4.68178	0.365853659
1886	4	N	35	N	204	0.0207949	6.08526	0.292682927
1892	4	N	35	N	166	0.0244001	5.66153	0.317073171
1896	4	N	35	N	245.5	0.0132807	4.61764	0.317073171
1902	4	N	35	N	294	0.010245	4.62571	0.268292683
1909	4	Y	35	N	319	0.292682927		
1926	4	Y	35	N	155	0.00878415	4.39401	0.243902439
1936	4	N	35	N	392	0.00946665	5.00367	0.365853659
1952	4	Y	35	N	327	0.00668792	4.03605	0.317073171
1984	4	Y	35	N	223	0.00532218	3.93151	0.219512195
1985	4	Y	35	N	380	0.0183223	4.8932	0.219512195
1986	4	N	35	N	326	0.0154974	4.8802	0.341463415
1996	4	N	35	N	205	0.317073171		
2035	4	N	35	N	276.5	0.0122015	4.53358	0.341463415
2040	4	N	35	N	213	0.00520304	3.52511	0.317073171
2140	4	Y	35	N	172	0.0161159	4.89513	0.292682927
2141	4	Y	35	N	183	0.0522735	6.51749	0.170731707
2153	4	Y	35	N	367	0.0560497	4.9188	0.219512195
2165	4	Y	35	N	326	0.268292683		
2170	4	N	35	N	186	0.954683	12.2391	0.292682927
2174	4	N	35	N	354	0.0167972	5.18081	0.341463415
2194	4	N	35	N	377	0.0132738	3.97849	0.390243902
2225	4	N	35	N	563	0.0288723	4.06356	0.414634146
2227	4	N	35	N	514.5	0.0213033	4.423	0.43902439
2236	4	N	35	N	305	0.00858176	4.27776	0.365853659
2244	4	N	35	N	860.5	0.0218863	5.28334	0.292682927
2258	4	N	35	N	571	0.0119628	3.88743	0.317073171
2288	4	N	35	N	564	0.00963574	3.49317	0.390243902
2290	4	N	35	N	472	0.243902439		
2399	4	Y	35	N	284	0.317073171		
2430	4	N	35	N	273	0.827149	10.148	0.243902439
2458	4	N	35	N	499	0.0107922	4.33841	0.365853659
2464	4	N	35	N	288	0.268292683		
2473	4	N	35	N	404	0.00557129	4.87231	0.414634146
2485	4	N	35	N	480.5	0.0134415	4.70368	0.390243902
2487	4	N	35	N	269	0.0194063	4.91242	0.365853659
2489	4	N	35	N	307	0.268292683		
2500	4	N	35	N	360	0.01655	4.44184	0.317073171
2532	4	N	35	N	803	0.137095	7.48722	0.292682927
2588	4	Y	35	N	141	0.0129806	5.5839	0.243902439
2601	4	N	35	N	399	0.0155414	4.02544	0.341463415
2604	4	Y	35	N	159	0.123611	9.48216	0.292682927
2640	4	N	35	N	228	0.268292683		
2669	4	N	35	N	672	0.010185	3.7486	0.463414634
2751	4	N	35	N	200	0.00347987	2.81649	0.243902439
2754	4	N	35	N	463	0.00838181	4.1496	0.317073171
2773	4	N	35	N	421	0.00646233	3.59883	0.195121951
2919	4	N	35	N	292	0.219512195		
2924	4	Y	35	N	336	0.0225258	4.36981	0.268292683
2935	4	Y	35	N	454	0.0108918	3.97764	0.195121951
1065	4	N	34	N	224	0.0263348	6.18746	0.365853659
1073	4	N	34	N	186	0.0354464	5.91764	0.341463415
1115	4	Y	34	N	467	0.317073171		
1123	4	N	34	N	289	0.317073171		
1155	4	Y	34	N	198	0.243902439		
1204	4	Y	34	N	361	0.0239871	6.81168	0.268292683
1325	4	N	34	N	320.5	0.0451424	5.87887	0.341463415
1358	4	N	34	N	316	0.0127983	3.3139	0.243902439
1368	4	N	34	N	441	0.292682927		
1378	4	N	34	N	310	0.0233265	5.5821	0.292682927
1380	4	N	34	N	335.5	0.0126068	3.81319	0.219512195
1384	4	N	34	N	338	0.00879899	6.28179	0.268292683
1386	4	N	34	N	750	0.0849213	6.55314	0.243902439
1398	4	N	34	N	305	0.00911001	3.12624	0.292682927
1399	4	N	34	N	320	0.0240323	4.86128	0.195121951
1401	4	N	34	N	296.5	0.0506808	6.55989	0.414634146
1410	4	N	34	N	253	0.0184375	4.20947	0.317073171
1416	4	N	34	N	842.5	0.268292683		
1419	4	N	34	N	225	0.0387	6.10255	0.317073171
1425	4	N	34	N	408	0.0195301	6.10248	0.341463415
1440	4	N	34	N	416	0.00852327	4.72527	0.292682927
1442	4	N	34	N	313	0.0116123	4.56702	0.341463415
1443	4	N	34	N	402	0.00704321	3.88296	0.317073171
1450	4	N	34	N	425	0.292682927		
1458	4	N	34	N	366	0.00887389	3.78558	0.317073171
1461	4	N	34	N	385.5	0.0238833	5.05275	0.317073171
1478	4	N	34	N	528.5	0.0289928	4.81758	0.268292683
1488	4	N	34	N	341	0.0298567	5.97877	0.390243902
1498	4	N	34	N	309	0.219512195		
1513	4	N	34	N	366.5	0.0478381	4.80362	0.268292683
1529	4	N	34	N	341	0.00861945	3.43822	0.341463415
1533	4	N	34	N	737.5	0.029425	5.58396	0.414634146
1538	4	Y	34	N	347	0.317073171		
1547	4	Y	34	N	201	0.0161521	4.94282	0.292682927
1554	4	N	34	N	311.5	0.0806683	6.5652	0.268292683
1583	4	N	34	N	516	0.341463415		
1612	4	N	34	N	322.5	0.0528726	8.90659	0.43902439
1613	4	N	34	N	199	0.0383233	5.82385	0.317073171
1619	4	N	34	N	253	0.0118044	3.57413	0.268292683
1620	4	N	34	N	328	0.0173144	5.39253	0.268292683
1635	4	N	34	N	310	0.0290649	5.91295	0.341463415
1641	4	Y	34	N	239.5	0.00876794	4.44974	0.170731707
1646	4	N	34	N	395	0.0144297	4.51125	0.317073171
1652	4	N	34	N	206	0.00954913	3.93395	0.365853659
1660	4	N	34	N	258	0.219512195		
1665	4	N	34	N	404.5	0.014516	5.28114	0.219512195
1667	4	N	34	N	610	0.00994946	4.46166	0.292682927
1706	4	Y	34	N	411.5	0.00556358	3.54674	0.243902439
1707	4	N	34	N	247.5	0.0105313	3.92656	0.292682927
1709	4	N	34	N	336	0.0403365	5.13659	0.341463415
1736	4	N	34	N	343	0.0220286	4.66888	0.317073171
1741	4	N	34	N	359	0.0338323	5.72766	0.292682927
1760	4	N	34	N	374	0.010369	3.60145	0.292682927
1780	4	N	34	N	384	0.292682927		
1840	4	N	34	N	357	0.0220049	5.94309	0.292682927
1843	4	N	34	N	368	0.317073171		
1850	4	N	34	N	562	0.0224962	6.43912	0.341463415
1863	4	N	34	N	357	0.0167115	4.04716	0.341463415
1900	4	Y	34	N	368	0.0159415	5.05524	0.268292683
1901	4	Y	34	N	236	0.219512195		
1903	4	N	34	N	459	0.0227693	5.44012	0.195121951
1904	4	N	34	N	306	0.0169249	5.0265	0.268292683
1910	4	Y	34	N	129	0.0190424	5.34288	0.219512195
1916	4	N	34	N	370	0.00937405	4.68023	0.317073171
1931	4	N	34	N	199	0.0141128	6.40851	0.195121951
1943	4	N	34	N	344	0.00379758	3.76708	0.317073171
1961	4	N	34	N	264	0.0146234	6.01005	0.268292683
1967	4	N	34	N	351	0.243902439		
1968	4	N	34	N	383	0.0145209	4.73198	0.243902439
1987	4	N	34	N	286	0.0194014	4.02533	0.292682927
2004	4	N	34	N	367.5	0.0342378	6.79601	0.268292683
2016	4	N	34	N	317.5	0.365853659		
2047	4	N	34	N	297	0.243902439		
2142	4	N	34	N	187	0.0136639	4.80667	0.317073171
2175	4	N	34	N	126	0.0112431	4.1379	0.146341463
2199	4	Y	34	N	226	0.067578	4.96318	0.195121951
2214	4	N	34	N	487.5	0.0171582	4.5404	0.414634146
2223	4	N	34	N	424	0.0169635	3.7333	0.341463415
2241	4	N	34	N	342	0.0111392	3.85271	0.292682927
2245	4	Y	34	N	535	0.0148672	4.69328	0.268292683
2269	4	N	34	N	452	0.0445676	8.14264	0.268292683
2280	4	N	34	N	402	0.0121396	4.71407	0.268292683
2299	4	N	34	N	265	0.243902439		
2310	4	Y	34	N	304	0.0161188	4.87768	0.243902439
2329	4	N	34	N	381	0.0143623	4.34877	0.317073171
2478	4	N	34	N	359	0.0100136	4.91739	0.341463415
2492	4	N	34	N	343	0.292682927		
2496	4	N	34	N	387	0.292682927		
2533	4	N	34	N	624	0.0122792	4.72359	0.292682927
2540	4	N	34	N	636	0.0291648	5.37606	0.219512195
2553	4	Y	34	N	471	0.0252913	4.35433	0.292682927
2570	4	Y	34	N	135	0.0139659	4.23025	0.097560976
2572	4	Y	34	N	128	0.01251	3.59305	0.365853659
2615	4	Y	34	N	286	0.015126	6.20161	0.268292683
2618	4	Y	34	N	442	0.0156802	4.05802	0.365853659
2825	4	N	34	N	333	0.243902439		
2834	4	Y	34	N	325	0.463414634		
2911	4	N	34	N	604	0.365853659		
2933	4	Y	34	N	455	0.0106896	3.89872	0.195121951
3001	4	Y	34	N	358	0.00559985	3.35382	0.365853659
825	4	N	34	N	355	0.00660799	4.23425	0.243902439
850	4	N	34	N	239	0.0177582	5.34522	0.365853659
1062	4	Y	33	N	141	0.0211077	5.36369	0.243902439
1063	4	N	33	N	509	0.00451793	3.75421	0.317073171
1076	4	N	33	N	300	0.0329518	5.7761	0.292682927
1077	4	N	33	N	481	0.0097139	3.30734	0.268292683
1078	4	N	33	N	281	0.0202338	5.15288	0.292682927
1080	4	N	33	N	184.5	0.0217833	4.61808	0.317073171
1082	4	N	33	N	222	0.0315618	5.41156	0.195121951
1086	4	N	33	N	411	0.219512195		
1089	4	N	33	N	326	0.170731707		
1096	4	N	33	N	339	0.0133213	4.64696	0.317073171
1097	4	N	33	N	289	0.0391411	5.01851	0.268292683
1101	4	N	33	N	300	0.0122803	4.84462	0.292682927
1104	4	N	33	N	524	0.317073171		
1107	4	N	33	N	421.5	0.0102044	5.17219	0.317073171
1109	4	N	33	N	299.5	0.0148634	6.07385	0.195121951
1110	4	N	33	N	183	0.031781	5.37863	0.146341463
1111	4	N	33	N	501	0.0156836	4.24944	0.317073171
1112	4	N	33	N	393.5	0.0161029	4.26499	0.243902439
1116	4	N	33	N	252.5	0.020551	5.89773	0.268292683
1117	4	N	33	N	211	0.0207605	6.36609	0.268292683
1120	4	N	33	N	338.5	0.0150136	5.5259	0.292682927
1125	4	N	33	N	379	0.0146216	5.48309	0.317073171
1133	4	N	33	N	233.5	0.0186255	4.4595	0.341463415
1134	4	N	33	N	416	0.00932797	4.11715	0.243902439
1136	4	N	33	N	286	0.0150886	4.2155	0.268292683
1137	4	N	33	N	525	0.219512195		
1139	4	N	33	N	667	0.0141144	4.87751	0.268292683
1141	4	N	33	N	222	0.0288782	7.56449	0.341463415
1151	4	N	33	N	421	0.0117723	4.12325	0.268292683
1160	4	N	33	N	343	0.243902439		
1162	4	N	33	N	646	0.00956178	4.23133	0.243902439
1167	4	N	33	N	593	0.00399343	3.53979	0.243902439
1171	4	N	33	N	501	0.195121951		
1172	4	N	33	N	372	0.0338147	6.35645	0.292682927
1179	4	N	33	N	276	0.0255571	7.16649	0.317073171
1182	4	N	33	N	292	0.0916938	5.53608	0.268292683
1184	4	N	33	N	212	0.0669563	4.10945	0.268292683
1192	4	N	33	N	180	0.0160758	4.90145	0.292682927
1200	4	Y	33	N	438	0.243902439		
1218	4	N	33	N	295	0.0246328	4.33479	0.365853659
1247	4	N	33	N	269	0.0467343	5.17251	0.146341463
1251	4	N	33	N	183	0.243902439		
1258	4	N	33	N	429	0.00622802	3.39676	0.219512195
1260	4	N	33	N	409	0.00566581	4.15433	0.292682927
1261	4	N	33	N	265.5	0.243902439		
1283	4	N	33	N	279.5	0.0222099	4.23268	0.243902439
1353	4	N	33	N	264	0.219512195		
1365	4	N	33	N	184	0.0210869	5.42042	0.365853659
1366	4	N	33	N	297	0.0200146	5.54627	0.268292683
1369	4	N	33	N	475	0.0053364	3.88081	0.243902439
1373	4	N	33	N	257	0.0410998	5.89404	0.341463415
1381	4	N	33	N	200	0.0195603	4.61174	0.195121951
1391	4	N	33	N	352	0.243902439		
1392	4	N	33	N	152.5	0.0427758	6.07678	0.146341463
1393	4	N	33	N	265.5	0.016627	5.22684	0.219512195
1397	4	N	33	N	377.5	0.0118605	5.10431	0.219512195
1400	4	N	33	N	428	0.0178238	5.25863	0.195121951
1404	4	N	33	N	188.5	0.0206094	5.79248	0.219512195
1411	4	N	33	N	489	0.038148	5.30428	0.365853659
1414	4	Y	33	N	180	0.0271233	5.09913	0.195121951
1415	4	N	33	N	153	0.0101481	4.56856	0.243902439
1431	4	N	33	N	387.5	0.00800854	4.93858	0.365853659
1432	4	N	33	N	192	0.00875778	3.81	0.219512195
1457	4	N	33	N	313	0.00307686	5.10305	0.317073171
1468	4	N	33	N	421	0.0267307	5.55228	0.317073171
1474	4	Y	33	N	348	0.341463415		
1477	4	Y	33	N	352	0.0172621	4.92785	0.341463415
1481	4	N	33	N	262	0.00798035	4.086	0.243902439
1484	4	Y	33	N	562	0.243902439		
1516	4	N	33	N	212	0.0253283	5.91315	0.317073171
1520	4	N	33	N	464	0.0252911	4.86174	0.292682927
1527	4	N	33	N	694.5	0.243902439		
1534	4	N	33	N	521	0.341463415		
1615	4	Y	33	N	287	0.00440437	4.06259	0.268292683
1624	4	N	33	N	249	0.0222471	5.46724	0.219512195
1626	4	N	33	N	468	0.00625011	3.61372	0.292682927
1637	4	N	33	N	252	0.195121951		
1647	4	N	33	N	179	0.0320221	5.37038	0.292682927
1686	4	N	33	N	284.5	0.014986	5.33684	0.170731707
1697	4	N	33	N	360.5	0.00534462	3.69189	0.268292683
1705	4	Y	33	N	287	0.146341463		
1737	4	Y	33	N	186.5	0.0299508	6.31457	0.341463415
1757	4	N	33	N	366	0.0263026	5.95472	0.219512195
1779	4	Y	33	N	481	0.0076895	3.74844	0.317073171
1805	4	N	33	N	482	0.011981	4.09114	0.317073171
1806	4	N	33	N	297	0.0293002	5.55602	0.317073171
1827	4	N	33	N	371	0.00834165	4.64793	0.317073171
1837	4	N	33	N	293	0.219512195		
1920	4	N	33	N	329	0.219512195		
1935	4	N	33	N	116	0.0166716	6.19249	0.170731707
1948	4	N	33	N	403	0.00544663	5.37616	0.268292683
1949	4	N	33	N	300.5	0.00474886	3.79627	0.341463415
1970	4	N	33	N	389	0.00350423	3.43417	0.268292683
1979	4	N	33	N	556	0.0190497	4.3278	0.317073171
1982	4	Y	33	N	340	0.00794494	3.46514	0.268292683
2003	4	Y	33	N	342	0.195121951		
2005	4	N	33	N	303	0.102123	6.63665	0.268292683
2042	4	N	33	N	496.5	0.0268057	5.06564	0.219512195
2067	4	N	33	N	508	0.00699253	4.09311	0.317073171
2077	4	N	33	N	311	0.019923	8.67896	0.243902439
2120	4	N	33	N	530	0.0543591	6.67114	0.268292683
2215	4	N	33	N	479.5	0.074815	6.35752	0.243902439
2230	4	Y	33	N	637	0.02576	6.98721	0.195121951
2251	4	N	33	N	305.5	0.0147267	3.66994	0.268292683
2300	4	Y	33	N	435	0.0264	4.62769	0.219512195
2309	4	N	33	N	390.5	0.0180922	5.34185	0.341463415
2454	4	N	33	N	353	0.0450559	6.8027	0.390243902
2550	4	Y	33	N	459.5	0.00989015	3.22237	0.292682927
2558	4	N	33	N	312	0.038352	5.26645	0.268292683
2625	4	N	33	N	286	0.0222581	6.67926	0.243902439
2642	4	N	33	N	283	0.022018	5.27617	0.317073171
2966	4	Y	33	N	597	0.219512195		
2970	4	Y	33	N	608.5	0.0479814	5.20068	0.317073171
3058	4	N	33	N	350	0.0117163	3.86843	0.243902439
3059	4	N	33	N	572	0.0191141	3.76009	0.268292683
600	4	N	33	N	395	0.0214573	4.83999	0.268292683
663	4	N	33	N	394	0.0108308	5.29135	0.317073171
821	4	N	33	N	297	0.00497021	3.57044	0.268292683
828	4	N	33	N	272	0.00837152	4.11934	0.292682927
837	4	N	33	N	347	0.0182722	4.03779	0.268292683
841	4	N	33	N	264	0.243902439		
844	4	N	33	N	215	0.219512195		
845	4	N	33	N	489	0.00403083	3.36327	0.268292683
855	4	N	33	N	267	0.00326074	3.61178	0.195121951
866	4	N	33	N	394	0.00573429	3.50738	0.243902439
870	4	Y	33	N	486	0.025015	5.23613	0.292682927
874	4	N	33	N	511	0.0077128	3.76652	0.219512195
916	4	N	33	N	416.5	0.341463415		
922	4	N	33	N	319.5	0.0110171	4.17187	0.219512195
933	4	N	33	N	367	0.016799	4.55935	0.317073171
1029	4	N	32	N	178.5	0.050366	5.85087	0.243902439
1035	4	N	32	N	345	0.0218094	4.66484	0.341463415
1069	4	N	32	N	281	0.0183861	4.49241	0.219512195
1070	4	N	32	N	431	0.010113	4.03809	0.195121951
1079	4	N	32	N	339	0.317073171		
1087	4	N	32	N	252	0.0167294	5.1906	0.243902439
1106	4	N	32	N	192	0.0164396	5.38256	0.170731707
1114	4	N	32	N	103	0.103458	6.12094	0.195121951
1119	4	N	32	N	250	0.0101813	5.60174	0.243902439
1124	4	N	32	N	634	0.00647963	3.09563	0.243902439
1144	4	N	32	N	429.5	0.0377856	4.98866	0.243902439
1145	4	N	32	N	270	0.219512195		
1168	4	Y	32	N	174	0.12195122		
1174	4	N	32	N	204	0.292682927		
1176	4	N	32	N	487	0.268292683		
1177	4	N	32	N	479.5	0.195121951		
1178	4	Y	32	N	424	0.024282	4.30921	0.268292683
1198	4	N	32	N	347.5	0.00526441	3.39685	0.292682927
1199	4	N	32	N	398	0.00963849	3.86347	0.268292683
1225	4	N	32	N	216	0.0233895	4.09108	0.243902439
1226	4	N	32	N	537	0.0185524	7.19854	0.317073171
1242	4	N	32	N	348	0.00711447	3.13767	0.268292683
1246	4	N	32	N	824	0.0118406	4.93816	0.268292683
1262	4	N	32	N	520	0.0237123	4.67934	0.317073171
1269	4	N	32	N	451	0.0412478	5.3191	0.268292683
1270	4	N	32	N	494	0.00801657	2.94129	0.268292683
1272	4	N	32	N	576	0.0235564	5.79004	0.268292683
1276	4	N	32	N	273.5	0.268292683		
1290	4	N	32	N	433	0.0166502	5.06356	0.292682927
1301	4	N	32	N	544.5	0.0315583	4.88145	0.268292683
1350	4	Y	32	N	241	0.00899869	5.59852	0.268292683
1376	4	N	32	N	286	0.00779889	4.04396	0.243902439
1396	4	N	32	N	252.5	0.00575609	4.64635	0.292682927
1402	4	N	32	N	593	0.010473	3.16486	0.219512195
1424	4	N	32	N	179	0.243902439		
1441	4	N	32	N	627	0.0112623	4.62767	0.243902439
1452	4	N	32	N	534	0.00306656	2.68157	0.268292683
1460	4	N	32	N	267	0.0219439	3.27328	0.268292683
1465	4	N	32	N	434	0.0283374	5.45902	0.243902439
1517	4	N	32	N	293.5	0.317073171		
1537	4	N	32	N	285	0.0397607	4.70041	0.292682927
1567	4	N	32	N	389	0.0139108	3.46855	0.292682927
1568	4	N	32	N	528.5	0.0129932	4.1143	0.268292683
1627	4	N	32	N	186	0.0216676	5.42613	0.219512195
1630	4	Y	32	N	102	0.243902439		
1645	4	N	32	N	389	0.0242402	4.93203	0.219512195
1658	4	N	32	N	255	0.046047	5.57633	0.268292683
1672	4	N	32	N	413	0.0232656	5.33392	0.292682927
1699	4	N	32	N	293	0.0034557	3.45082	0.292682927
1735	4	N	32	N	326.5	0.0301969	5.57611	0.317073171
1747	4	N	32	N	386	0.0194351	5.36086	0.170731707
1755	4	N	32	N	535	0.0125083	4.49455	0.268292683
1759	4	Y	32	N	327	0.00407386	3.79842	0.219512195
1774	4	N	32	N	476.5	0.0327961	5.30422	0.243902439
1818	4	N	32	N	546	0.0173979	3.89534	0.341463415
1874	4	N	32	N	462	0.0687823	5.74353	0.317073171
1879	4	N	32	N	440	0.195121951		
1925	4	N	32	N	426	0.0128768	3.39619	0.365853659
1962	4	N	32	N	189	1.4754	12.1013	0.292682927
1990	4	N	32	N	117	0.0357097	4.31277	0.195121951
2006	4	N	32	N	404	0.0104463	3.49597	0.268292683
2020	4	N	32	N	340	0.00930891	6.77524	0.268292683
2023	4	Y	32	N	427.5	0.0204505	6.5233	0.146341463
2034	4	N	32	N	655.5	0.0233649	3.76929	0.317073171
2058	4	N	32	N	395.5	0.00473641	3.9094	0.268292683
2079	4	Y	32	N	355.5	0.0282067	5.50716	0.268292683
2088	4	N	32	N	592	0.0163316	3.89997	0.195121951
2277	4	Y	32	N	352	0.0193688	5.21916	0.219512195
2279	4	N	32	N	275	0.0346964	4.20282	0.390243902
2304	4	N	32	N	461.5	0.0101932	4.57351	0.243902439
2331	4	N	32	N	602	0.0203428	4.57246	0.195121951
2348	4	N	32	N	357	0.0161771	5.31075	0.195121951
2419	4	N	32	N	204	0.0031206	2.72871	0.219512195
2524	4	N	32	N	638	0.00451278	3.42748	0.292682927
2646	4	N	32	N	232	0.0145487	4.17205	0.219512195
2842	4	Y	32	N	467	0.0248647	3.72011	0.219512195
2848	4	Y	32	N	562	0.00640905	2.94137	0.195121951
2852	4	N	32	N	575.5	0.0442532	4.68887	0.365853659
2861	4	Y	32	N	342.5	0.00536351	2.9181	0.292682927
2864	4	Y	32	N	354.5	0.0135632	4.03219	0.317073171
2957	4	Y	32	N	413	0.0118278	3.1407	0.195121951
451	4	N	32	N	246	0.00770441	3.70971	0.219512195
601	4	N	32	N	272	0.00822219	4.18388	0.292682927
614	4	N	32	N	213	0.0335674	6.0501	0.243902439
621	4	N	32	N	344	0.317073171		
673	4	N	32	N	553	0.0052881	2.91957	0.317073171
684	4	N	32	N	256	0.219512195		
691	4	N	32	N	504.5	0.00923767	4.38137	0.292682927
693	4	N	32	N	419	0.0250843	3.8479	0.268292683
694	4	N	32	N	383	0.0108868	4.66311	0.341463415
717	4	N	32	N	640	0.00755208	4.76125	0.317073171
729	4	Y	32	N	247	0.0579895	5.72261	0.219512195
737	4	N	32	N	368	0.00717336	4.18423	0.243902439
770	4	N	32	N	477	0.0133503	5.70163	0.243902439
812	4	N	32	N	306.5	0.0143816	5.29576	0.243902439
813	4	N	32	N	219	0.0205805	5.16084	0.195121951
814	4	N	32	N	295.5	0.0126331	4.05665	0.268292683
822	4	N	32	N	332	0.0147739	6.36837	0.243902439
824	4	N	32	N	317	0.0163242	5.44482	0.292682927
833	4	N	32	N	643	0.00990691	3.92243	0.317073171
838	4	Y	32	N	199	0.00411161	3.97684	0.243902439
843	4	Y	32	N	145	0.030894	8.02768	0.195121951
848	4	N	32	N	521	0.0398294	4.59224	0.243902439
851	4	N	32	N	296	0.0122722	3.88599	0.243902439
853	4	N	32	N	245	0.0275859	5.49332	0.170731707
854	4	N	32	N	171	0.0108657	5.08225	0.292682927
856	4	N	32	N	408	0.010723	3.10647	0.268292683
858	4	N	32	N	459.5	0.0294012	4.91678	0.317073171
860	4	N	32	N	355	0.0135462	4.1	0.292682927
877	4	N	32	N	221	0.0151589	3.75966	0.268292683
885	4	N	32	N	368	0.0111353	3.29518	0.243902439
887	4	N	32	N	511.5	0.0124759	3.8177	0.243902439
899	4	N	32	N	489.5	0.012062	5.42911	0.292682927
912	4	N	32	N	399	0.243902439		
920	4	N	32	N	136	0.0173449	6.56717	0.219512195
925	4	N	32	N	532.5	0.0205103	4.43974	0.268292683
926	4	N	32	N	417	0.0200181	5.16285	0.292682927
927	4	N	32	N	268.5	0.0115096	4.57288	0.195121951
987	4	N	32	N	233	0.0153931	3.72271	0.292682927
988	4	Y	32	N	218	0.0734907	3.20391	0.195121951
1015	4	Y	31	N	686.5	0.0108975	3.9827	0.219512195
1028	4	N	31	N	454.5	0.0282977	5.80145	0.268292683
1044	4	N	31	N	378	0.0167291	5.24645	0.243902439
1051	4	N	31	N	423.5	0.219512195		
1068	4	N	31	N	572.5	0.00624657	3.86988	0.243902439
1081	4	N	31	N	336	0.0182543	4.1666	0.243902439
1090	4	N	31	N	238.5	0.00940762	5.38224	0.219512195
1091	4	N	31	N	360	0.00960608	4.61649	0.195121951
1108	4	Y	31	N	154	0.146341463		
1127	4	N	31	N	353	0.00941198	3.8903	0.317073171
1132	4	N	31	N	303	0.0289638	4.81079	0.292682927
1159	4	N	31	N	494	0.00214165	2.98653	0.243902439
1164	4	N	31	N	327.5	0.219512195		
1165	4	N	31	N	404.5	0.015556	6.53743	0.195121951
1169	4	N	31	N	416	0.00761809	4.17214	0.243902439
1175	4	N	31	N	260.5	0.00956008	4.56211	0.292682927
1197	4	N	31	N	512	0.0193608	5.38666	0.243902439
1213	4	N	31	N	435	0.00989118	5.39941	0.317073171
1219	4	N	31	N	288	0.0322114	4.19711	0.195121951
1235	4	N	31	N	399	0.0128107	6.47787	0.268292683
1241	4	N	31	N	304.5	0.00776624	3.64644	0.317073171
1243	4	N	31	N	575	0.0166488	4.58606	0.317073171
1255	4	Y	31	N	501	0.00529719	2.81133	0.268292683
1275	4	N	31	N	963	0.0159105	2.99639	0.317073171
1281	4	Y	31	N	541	0.00864243	3.70045	0.243902439
1291	4	N	31	N	303.5	0.00741354	3.46537	0.146341463
1326	4	N	31	N	287	0.0169586	4.56098	0.12195122
1344	4	N	31	N	312	0.0100167	2.46477	0.365853659
1363	4	N	31	N	234	0.219512195		
1371	4	Y	31	N	159	0.0109387	4.23297	0.219512195
1388	4	N	31	N	313.5	0.011582	4.75117	0.219512195
1390	4	N	31	N	432	0.00614405	3.42166	0.243902439
1421	4	N	31	N	519	0.0131676	5.47266	0.170731707
1429	4	N	31	N	604.5	0.0421051	5.6541	0.243902439
1454	4	Y	31	N	111	0.0500145	5.9341	0.12195122
1479	4	N	31	N	368.5	0.0316533	4.96373	0.195121951
1486	4	N	31	N	917	0.268292683		
1491	4	N	31	N	236	0.195121951		
1494	4	N	31	N	285	0.011284	5.02424	0.268292683
1509	4	N	31	N	366	0.0254717	3.79367	0.317073171
1539	4	N	31	N	374	0.0231431	5.10122	0.219512195
1573	4	N	31	N	331	0.00862449	3.08925	0.243902439
1575	4	N	31	N	402	0.00729518	4.39633	0.268292683
1584	4	N	31	N	539	0.0372156	6.26517	0.268292683
1633	4	Y	31	N	193	0.0391712	6.07793	0.219512195
1651	4	Y	31	N	167.5	0.020306	5.43565	0.219512195
1679	4	Y	31	N	1064.5	0.268292683		
1712	4	N	31	N	186	0.0170081	4.78757	0.268292683
1713	4	N	31	N	309	0.268292683		
1733	4	N	31	N	339	0.365853659		
1746	4	N	31	N	283	0.243902439		
1812	4	Y	31	N	500	0.00545314	2.81683	0.268292683
1815	4	N	31	N	409	0.243902439		
1832	4	N	31	N	461	0.0211851	4.19251	0.243902439
1885	4	Y	31	N	216.5	0.00860047	3.47797	0.170731707
2082	4	N	31	N	557	0.0478135	5.32325	0.268292683
2085	4	N	31	N	395	0.0329181	4.7919	0.170731707
2097	4	N	31	N	566	0.268292683		
2107	4	N	31	N	451	0.0450261	4.89333	0.365853659
2113	4	N	31	N	317	0.0183585	4.38164	0.292682927
2152	4	Y	31	N	216	0.0231775	5.77233	0.317073171
2202	4	Y	31	N	313	0.317073171		
2338	4	N	31	N	622	0.00902396	3.48786	0.292682927
2346	4	N	31	N	492	0.00520529	2.87956	0.268292683
2347	4	N	31	N	394.5	0.0304944	5.10881	0.243902439
2354	4	N	31	N	388	0.00885925	3.37062	0.219512195
2438	4	N	31	N	227	0.0277349	5.41712	0.365853659
2476	4	Y	31	N	416	0.00958469	3.38499	0.268292683
2536	4	Y	31	N	354	0.146341463		
2699	4	Y	31	N	601	0.157581	7.82207	0.243902439
276	4	N	31	N	331	0.0161829	4.77133	0.268292683
378	4	N	31	N	299	0.195121951		
388	4	N	31	N	368	0.0132783	5.98038	0.195121951
393	4	N	31	N	349	0.0134627	4.03299	0.292682927
396	4	N	31	N	601	0.0201648	4.54431	0.268292683
403	4	N	31	N	473	0.0150851	5.39539	0.243902439
411	4	N	31	N	238	0.0274688	6.02802	0.292682927
416	4	N	31	N	660	0.0138522	4.78445	0.341463415
421	4	N	31	N	249	0.0116789	3.908	0.219512195
429	4	Y	31	N	235	0.015116	3.96577	0.292682927
445	4	N	31	N	595.5	0.0185673	5.00683	0.317073171
449	4	N	31	N	523	0.00809181	3.20762	0.219512195
450	4	N	31	N	667	0.0169957	5.11024	0.219512195
452	4	N	31	N	426.5	0.146341463		
456	4	N	31	N	264	0.170731707		
463	4	N	31	N	321	0.00959566	3.8191	0.317073171
465	4	N	31	N	331	0.0165711	4.31949	0.292682927
469	4	N	31	N	427	0.0232837	4.34721	0.317073171
509	4	N	31	N	350	0.0307922	4.57584	0.243902439
603	4	N	31	N	377	0.00678471	4.51552	0.170731707
611	4	N	31	N	456	0.0330613	4.57207	0.317073171
612	4	N	31	N	422	0.219512195		
619	4	N	31	N	406.5	0.0110289	3.65077	0.219512195
623	4	N	31	N	353	0.292682927		
624	4	N	31	N	395	0.0268306	5.09924	0.243902439
647	4	N	31	N	354	0.0138866	4.47054	0.170731707
653	4	N	31	N	390	0.0261515	3.77735	0.219512195
657	4	N	31	N	193	0.00668201	3.665	0.146341463
666	4	Y	31	N	169	0.0422629	8.28159	0.12195122
667	4	N	31	N	518	0.0322507	5.07996	0.243902439
672	4	Y	31	N	296	0.0539265	6.48991	0.170731707
674	4	Y	31	N	291	0.0148475	3.98872	0.219512195
679	4	N	31	N	385	0.0153257	4.0962	0.243902439
695	4	N	31	N	212	0.170731707		
696	4	N	31	N	337	0.268292683		
702	4	N	31	N	351	0.268292683		
705	4	N	31	N	423	0.0164283	4.17214	0.268292683
714	4	N	31	N	269	0.020555	4.02182	0.219512195
721	4	Y	31	N	201	0.00966352	3.10722	0.243902439
728	4	N	31	N	285	3.34677	13.841	0.268292683
732	4	N	31	N	423.5	0.0250287	5.04907	0.292682927
734	4	N	31	N	348	0.00606428	3.81935	0.195121951
735	4	N	31	N	168	0.0204183	5.78989	0.317073171
743	4	N	31	N	499	0.00761324	4.12102	0.268292683
744	4	Y	31	N	405	0.00738129	3.69856	0.317073171
779	4	N	31	N	1135	0.0150244	4.94516	0.170731707
781	4	N	31	N	384	0.268292683		
795	4	N	31	N	592	0.0030859	2.22613	0.268292683
831	4	N	31	N	296	0.00772814	3.65964	0.097560976
832	4	N	31	N	339	0.0239442	5.06599	0.317073171
836	4	Y	31	N	189	0.283371	10.5274	0.219512195
840	4	N	31	N	464	0.00995619	5.12841	0.243902439
852	4	Y	31	N	243	0.00714263	4.50655	0.268292683
879	4	N	31	N	196	0.12195122		
880	4	N	31	N	260	0.0272785	4.98036	0.146341463
882	4	N	31	N	326	0.00644767	3.29606	0.292682927
889	4	N	31	N	293	0.12195122		
891	4	N	31	N	512	0.0193308	3.57813	0.268292683
892	4	N	31	N	439	0.00615556	3.83621	0.317073171
897	4	N	31	N	249	0.018015	4.1115	0.292682927
900	4	N	31	N	496	0.00481795	3.05847	0.219512195
901	4	N	31	N	700	0.0484966	5.56722	0.317073171
910	4	N	31	N	461	0.0177739	5.75458	0.170731707
914	4	N	31	N	272.5	0.292682927		
928	4	N	31	N	325	0.243902439		
929	4	N	31	N	437.5	0.0078113	5.83501	0.243902439
931	4	N	31	N	280	0.243902439		
969	4	N	31	N	480.5	0.0150155	5.24191	0.170731707
970	4	N	31	N	347	0.00450372	3.98583	0.292682927
974	4	N	31	N	454	0.00939767	5.20765	0.268292683
1009	4	N	30	N	614.5	0.0062748	3.84528	0.170731707
1010	4	N	30	N	432	0.029513	4.29179	0.268292683
1011	4	N	30	N	605	0.00824388	4.07225	0.219512195
1038	4	N	30	N	436.5	0.0102227	4.71696	0.243902439
1064	4	Y	30	N	247	0.0144811	5.28148	0.195121951
1092	4	Y	30	N	225	0.00916904	6.23142	0.292682927
1098	4	N	30	N	320.5	0.00876723	3.74132	0.170731707
1099	4	N	30	N	276	0.0199804	4.49067	0.317073171
1113	4	N	30	N	449	0.268292683		
1126	4	Y	30	N	224	0.022935	4.83587	0.219512195
1128	4	N	30	N	255	0.268292683		
1142	4	N	30	N	159.5	0.00624728	3.8382	0.243902439
1146	4	N	30	N	461.5	0.170731707		
1148	4	Y	30	N	330	0.0166349	4.7911	0.170731707
1150	4	N	30	N	634	0.0100476	3.285	0.170731707
1237	4	Y	30	N	717	0.0166615	4.1301	0.268292683
1289	4	N	30	N	296.5	0.0177419	4.41453	0.219512195
1318	4	N	30	N	417.5	0.0246118	4.7102	0.292682927
1444	4	N	30	N	342	0.0038218	2.9449	0.243902439
1456	4	Y	30	N	332	0.0182646	4.93558	0.292682927
1471	4	N	30	N	539	0.00670045	2.89451	0.292682927
1506	4	N	30	N	288	0.0080373	4.03107	0.268292683
1508	4	Y	30	N	377	0.017227	6.10351	0.146341463
1558	4	Y	30	N	396	0.0105055	4.17516	0.195121951
1564	4	N	30	N	399	0.219512195		
1580	4	N	30	N	330	0.0116324	4.14114	0.243902439
1599	4	N	30	N	403	0.268292683		
1643	4	N	30	N	208	0.292682927		
165	4	N	30	N	308	2.2214	13.1826	0.195121951
170	4	Y	30	N	419	0.00826652	4.35804	0.195121951
1764	4	N	30	N	167	0.0127694	3.3254	0.243902439
1773	4	N	30	N	343.5	0.0294038	4.03863	0.219512195
1803	4	N	30	N	643	0.0116402	3.879	0.12195122
1828	4	N	30	N	635	0.00726446	3.59854	0.268292683
1844	4	N	30	N	330	0.0172338	3.9307	0.243902439
1861	4	N	30	N	445	0.0112119	2.98843	0.12195122
188	4	N	30	N	324.5	0.017807	5.24038	0.268292683
1899	4	N	30	N	335.5	0.0157414	3.52621	0.219512195
190	4	N	30	N	501	0.0132802	3.33551	0.243902439
191	4	N	30	N	357	0.00588094	3.91103	0.146341463
1915	4	Y	30	N	146	0.0328276	4.7055	0.146341463
1921	4	N	30	N	219	0.00927301	3.26753	0.317073171
194	4	N	30	N	371	0.017677	5.64814	0.292682927
195	4	N	30	N	326	0.0192431	3.61145	0.292682927
2010	4	N	30	N	338	0.00795946	3.94994	0.219512195
2057	4	N	30	N	157	0.00839242	3.08036	0.195121951
2065	4	N	30	N	280	0.0720671	3.9884	0.243902439
2076	4	Y	30	N	470.5	0.016686	5.25136	0.146341463
211	4	N	30	N	346	0.00868306	4.01434	0.195121951
2129	4	N	30	N	548	0.219512195		
215	4	N	30	N	154	0.0122209	4.77092	0.243902439
2456	4	Y	30	N	285.5	0.219512195		
2519	4	N	30	N	329.5	0.0166545	5.14976	0.292682927
2527	4	Y	30	N	218	0.00947504	4.18977	0.219512195
2530	4	N	30	N	617	0.0104553	2.88068	0.243902439
260	4	N	30	N	196	0.0388243	6.29398	0.268292683
2666	4	N	30	N	424	0.0172498	4.12972	0.317073171
2672	4	N	30	N	318	0.292682927		
274	4	N	30	N	337	0.195121951		
2821	4	Y	30	N	592	1.20507	9.54683	0.195121951
287	4	N	30	N	442	0.00466361	2.97667	0.268292683
292	4	N	30	N	573	0.0135636	4.89738	0.268292683
340	4	N	30	N	167.5	0.0278323	8.11228	0.146341463
344	4	N	30	N	357	0.0147622	4.93346	0.268292683
345	4	N	30	N	435.5	0.170731707		
374	4	N	30	N	713	0.00728339	3.10997	0.219512195
375	4	N	30	N	354	0.00350632	2.34405	0.243902439
381	4	N	30	N	216	0.0122018	4.86475	0.195121951
394	4	N	30	N	361.5	0.00856748	3.53676	0.268292683
399	4	N	30	N	581.5	0.0249854	5.34672	0.292682927
400	4	N	30	N	580.5	0.0177909	4.6309	0.219512195
402	4	N	30	N	232.5	0.0920507	6.80843	0.243902439
404	4	N	30	N	286	0.0174063	4.8689	0.243902439
407	4	N	30	N	332	0.0260439	5.16151	0.146341463
414	4	N	30	N	313.5	0.0418204	4.46448	0.268292683
424	4	N	30	N	434.5	0.00719084	3.91584	0.292682927
428	4	N	30	N	228.5	0.021672	5.09037	0.219512195
430	4	N	30	N	518.5	0.042384	5.58495	0.219512195
436	4	N	30	N	640.5	0.219512195		
444	4	N	30	N	249	0.00938742	3.03113	0.195121951
448	4	N	30	N	454	0.0265643	5.51849	0.243902439
471	4	N	30	N	598	0.0110265	3.92882	0.195121951
485	4	N	30	N	300	0.146341463		
487	4	N	30	N	337	0.00977217	4.35238	0.219512195
493	4	N	30	N	372	0.00893568	3.89053	0.219512195
497	4	N	30	N	242	0.00953392	4.24564	0.243902439
498	4	N	30	N	476	0.00724871	3.12585	0.219512195
502	4	N	30	N	356	0.03408	5.02376	0.195121951
506	4	N	30	N	658.5	0.00633369	2.81004	0.292682927
514	4	N	30	N	514	0.0150136	3.4975	0.219512195
521	4	N	30	N	352	0.0170758	3.89222	0.12195122
523	4	N	30	N	168	0.0308463	4.76028	0.12195122
524	4	N	30	N	253	0.0446693	4.39921	0.268292683
528	4	N	30	N	190	0.0139136	4.40517	0.219512195
535	4	N	30	N	384	0.0248993	5.34687	0.219512195
540	4	N	30	N	855.5	0.0445361	5.15965	0.219512195
545	4	N	30	N	361	0.0203177	5.28407	0.317073171
563	4	N	30	N	416	0.0232451	5.02308	0.243902439
596	4	N	30	N	220	0.0200066	5.55538	0.219512195
609	4	N	30	N	478.5	0.317073171		
620	4	N	30	N	232	0.00911852	5.94225	0.170731707
634	4	N	30	N	347	0.0164798	5.71273	0.243902439
645	4	N	30	N	488.5	0.195121951		
648	4	N	30	N	528.5	0.0111708	3.75296	0.195121951
649	4	N	30	N	367	0.195121951		
652	4	N	30	N	419	0.00673122	3.36831	0.243902439
658	4	Y	30	N	198.5	0.0127684	5.35992	0.170731707
659	4	N	30	N	290.5	0.0143095	5.14999	0.195121951
661	4	N	30	N	576	0.170731707		
668	4	N	30	N	608	0.0085779	3.37981	0.243902439
669	4	N	30	N	274	0.0185738	6.26796	0.219512195
681	4	N	30	N	409.5	0.219512195		
685	4	N	30	N	327.5	0.0364917	4.41486	0.219512195
699	4	N	30	N	385	0.00499857	2.97188	0.195121951
704	4	N	30	N	192	0.0244852	6.74811	0.243902439
706	4	N	30	N	190	0.023688	4.24866	0.243902439
710	4	N	30	N	633	0.0138302	2.89335	0.219512195
713	4	N	30	N	582.5	0.0237102	4.94875	0.170731707
731	4	N	30	N	336.5	0.0241587	5.0272	0.170731707
755	4	N	30	N	642	0.0153019	4.82601	0.317073171
769	4	N	30	N	697	0.0334379	5.30161	0.243902439
773	4	N	30	N	406	0.00665143	4.5502	0.195121951
786	4	N	30	N	468	0.0197265	3.94326	0.195121951
804	4	Y	30	N	617	0.0222504	3.91295	0.268292683
81	4	N	30	N	114	0.0163774	3.9902	0.170731707
869	4	N	30	N	344.5	0.0190607	4.33082	0.219512195
873	4	N	30	N	173	0.0150424	4.78111	0.268292683
878	4	N	30	N	514.5	0.0108068	4.93224	0.268292683
930	4	Y	30	N	361	0.00459112	4.01134	0.219512195
946	4	N	30	N	601.5	0.0203006	3.13634	0.292682927
947	4	N	30	N	356.5	0.243902439		
960	4	N	30	N	746.5	0.195121951		
1020	4	N	29	N	612	0.0111588	5.6234	0.219512195
106	4	N	29	N	233	0.0249007	4.80787	0.243902439
1083	4	Y	29	N	286	0.0234613	5.17496	0.243902439
1147	4	N	29	N	263	0.0246567	6.32374	0.146341463
116	4	Y	29	N	632	0.00952038	4.69334	0.268292683
118	4	N	29	N	439	0.00224719	1.9013	0.317073171
1181	4	N	29	N	451	0.00768427	4.0877	0.219512195
1211	4	N	29	N	483	0.292682927		
1221	4	N	29	N	298	0.0291694	5.65874	0.243902439
1234	4	N	29	N	707	0.0109881	4.13706	0.243902439
1287	4	N	29	N	307.5	0.00528315	3.24147	0.219512195
1300	4	N	29	N	412	0.0105906	3.64868	0.268292683
1333	4	N	29	N	769	0.195121951		
135	4	N	29	N	310	0.170731707		
1490	4	Y	29	N	431	0.0107233	3.83765	0.195121951
1499	4	N	29	N	230.5	0.219512195		
1502	4	N	29	N	336	0.146341463		
1504	4	N	29	N	420.5	0.170731707		
1511	4	N	29	N	400	0.0134314	4.26731	0.243902439
152	4	N	29	N	353.5	0.0808608	7.31553	0.195121951
163	4	N	29	N	258	0.015688	4.08391	0.219512195
1636	4	N	29	N	140	0.219512195		
1663	4	N	29	N	464	0.0110237	4.26141	0.170731707
1680	4	N	29	N	523.5	0.00296781	3.69926	0.243902439
1687	4	N	29	N	564	0.039183	3.68212	0.219512195
171	4	N	29	N	809	0.0248642	4.5238	0.219512195
172	4	N	29	N	112	0.146341463		
1732	4	N	29	N	252	0.0141104	3.06614	0.195121951
174	4	N	29	N	254.5	0.0294562	7.48509	0.12195122
178	4	N	29	N	433	0.0198341	4.77201	0.170731707
1783	4	N	29	N	422.5	0.0156328	5.50735	0.268292683
1824	4	N	29	N	375.5	0.00969558	3.00892	0.219512195
1856	4	N	29	N	522	0.131363	5.4194	0.170731707
1859	4	N	29	N	335	0.0419559	3.90038	0.219512195
1865	4	N	29	N	395	0.017754	4.15369	0.219512195
187	4	N	29	N	379	0.01071	4.11635	0.219512195
1872	4	N	29	N	419	0.0338459	4.1838	0.219512195
1913	4	N	29	N	369	0.0326681	3.86586	0.292682927
193	4	N	29	N	491	0.0142091	4.9149	0.243902439
1955	4	Y	29	N	199.5	0.0173354	6.79247	0.243902439
2078	4	N	29	N	551.5	0.00724012	3.07777	0.195121951
209	4	N	29	N	377.5	0.00787754	4.06554	0.219512195
210	4	N	29	N	168	0.0218037	5.21277	0.243902439
214	4	N	29	N	345	0.0255841	4.13031	0.219512195
216	4	N	29	N	394.5	0.0163245	3.52579	0.219512195
227	4	N	29	N	395	0.0111184	4.78176	0.219512195
230	4	N	29	N	367.5	0.0138663	4.03822	0.219512195
2343	4	N	29	N	397	0.0103692	4.73567	0.170731707
2377	4	N	29	N	185	0.00673375	3.40099	0.268292683
244	4	N	29	N	471	0.0185235	6.09654	0.292682927
245	4	N	29	N	333	0.0475397	5.70644	0.268292683
2667	4	N	29	N	369	0.0502718	4.86221	0.292682927
278	4	N	29	N	615	0.0181827	3.73309	0.219512195
28	4	N	29	N	492	0.00710945	4.08074	0.292682927
281	4	N	29	N	460	0.00690624	3.8629	0.268292683
297	4	N	29	N	669.5	0.00971337	3.32106	0.195121951
302	4	N	29	N	296	0.0430307	6.83538	0.195121951
303	4	N	29	N	471	0.219512195		
3046	4	N	29	N	355	0.00550328	2.78073	0.243902439
305	4	Y	29	N	286	0.00498878	3.65374	0.12195122
321	4	N	29	N	739.5	0.0215813	3.76691	0.243902439
405	4	N	29	N	434	0.00726379	4.88271	0.170731707
418	4	N	29	N	185	0.0318429	4.49416	0.268292683
419	4	N	29	N	209	0.021049	4.26446	0.170731707
420	4	N	29	N	434	0.0211068	4.90455	0.170731707
427	4	N	29	N	221	0.0268489	6.8857	0.195121951
439	4	N	29	N	250	0.12195122		
441	4	N	29	N	504	0.0151014	4.46474	0.195121951
453	4	N	29	N	523.5	0.0230483	4.1274	0.243902439
46	4	N	29	N	373.5	0.0266259	5.755	0.195121951
468	4	Y	29	N	255	0.113313	6.76606	0.146341463
478	4	N	29	N	627	0.00861331	2.69638	0.219512195
490	4	N	29	N	300	0.0114007	3.64011	0.219512195
507	4	N	29	N	556	0.0424961	3.79345	0.195121951
529	4	N	29	N	652	0.0220041	4.48743	0.170731707
53	4	N	29	N	660	0.0250096	4.32275	0.195121951
531	4	N	29	N	455	0.0133012	3.76285	0.243902439
532	4	N	29	N	732	0.0088437	3.31669	0.243902439
541	4	N	29	N	391	0.0205568	3.27905	0.195121951
549	4	N	29	N	804.5	0.0184223	4.94145	0.243902439
555	4	N	29	N	494	0.243902439		
561	4	N	29	N	352	0.0190851	5.27308	0.243902439
566	4	N	29	N	314	0.0194311	5.07299	0.219512195
576	4	N	29	N	440	0.0954627	6.70413	0.292682927
583	4	N	29	N	479	0.0123005	3.81908	0.219512195
599	4	N	29	N	195	0.0166868	4.08815	0.219512195
602	4	N	29	N	194	0.0197959	4.39713	0.195121951
626	4	N	29	N	679	0.00888107	5.12635	0.292682927
631	4	N	29	N	209	0.0108601	4.96072	0.219512195
646	4	N	29	N	324	0.0200307	6.21474	0.146341463
662	4	N	29	N	667	0.146341463		
687	4	N	29	N	226	0.0206231	5.07703	0.219512195
720	4	N	29	N	232	0.0166073	3.57927	0.268292683
727	4	N	29	N	590	0.0113461	4.23729	0.195121951
739	4	N	29	N	546	0.243902439		
765	4	N	29	N	535	0.00342401	2.75775	0.195121951
794	4	N	29	N	459	0.00842585	4.23465	0.170731707
797	4	N	29	N	497	0.195121951		
807	4	N	29	N	424	0.0112541	4.74352	0.268292683
863	4	N	29	N	127	0.0339858	5.24078	0.195121951
87	4	N	29	N	543.5	0.0100837	4.66958	0.195121951
881	4	N	29	N	453	0.0347702	5.29933	0.219512195
924	4	N	29	N	691	0.00992658	3.1755	0.170731707
94	4	N	29	N	425.5	0.0192904	4.4387	0.317073171
95	4	N	29	N	222	0.0229239	4.25853	0.292682927
953	4	N	29	N	314	0.00911569	3.91677	0.195121951
956	4	N	29	N	559	0.00723133	2.7246	0.243902439
962	4	N	29	N	264	0.0262839	6.41294	0.219512195
977	4	N	29	N	394.5	0.0313451	5.76833	0.219512195
98	4	N	29	N	567	0.0140374	4.28871	0.195121951
983	4	N	29	N	340	0.0104267	3.70652	0.243902439
0	4	N	28	N	456	0.0113103	3.90894	0.170731707
1002	4	N	28	N	682	0.0282132	5.88956	0.317073171
101	4	N	28	N	482.5	0.0245852	5.4879	0.243902439
102	4	N	28	N	129	0.0134322	4.08129	0.12195122
1036	4	N	28	N	409	0.0362823	4.44285	0.195121951
1049	4	N	28	N	567	0.0282171	5.68115	0.195121951
105	4	N	28	N	405	0.0207239	4.22416	0.146341463
1057	4	N	28	N	374	0.170731707		
1103	4	N	28	N	314.5	0.00913446	3.72753	0.12195122
1163	4	N	28	N	429	0.0491777	4.75427	0.195121951
120	4	N	28	N	692	0.0213384	4.5788	0.195121951
121	4	N	28	N	640	0.0247239	6.09198	0.243902439
123	4	N	28	N	340	0.0191426	4.2553	0.195121951
1248	4	N	28	N	308	0.00615084	3.42081	0.268292683
1249	4	N	28	N	279	0.0125708	3.11119	0.146341463
1292	4	N	28	N	486	0.0134763	3.88913	0.146341463
13	4	N	28	N	224	0.0299271	5.12891	0.219512195
138	4	N	28	N	306	0.0157707	4.77812	0.195121951
1394	4	N	28	N	464	0.0117764	4.25889	0.12195122
14	4	N	28	N	359.5	0.0116018	4.42151	0.195121951
1407	4	N	28	N	536	0.0156834	5.54041	0.195121951
146	4	N	28	N	509	0.0112817	3.10407	0.268292683
1487	4	N	28	N	426	0.0199442	3.59463	0.219512195
1492	4	N	28	N	286	0.00885233	4.01314	0.170731707
15	4	N	28	N	301.5	0.0105704	4.61308	0.268292683
153	4	N	28	N	484	0.00600292	3.17816	0.195121951
155	4	N	28	N	521	0.02032	3.84833	0.170731707
1563	4	N	28	N	413	0.0292419	3.71128	0.317073171
1581	4	N	28	N	542	0.0123208	3.86203	0.146341463
1588	4	Y	28	N	391	0.0149962	5.68375	0.195121951
1589	4	N	28	N	918	0.0458605	3.52967	0.170731707
1604	4	Y	28	N	354.5	0.0129925	4.44767	0.195121951
1734	4	N	28	N	467	0.00855408	3.65645	0.170731707
1823	4	N	28	N	279	0.014093	3.60401	0.146341463
184	4	N	28	N	368.5	0.0095305	5.15405	0.292682927
1849	4	N	28	N	621.5	0.0513498	3.91057	0.195121951
1852	4	N	28	N	384	0.268292683		
1875	4	N	28	N	362	0.023011	4.46306	0.146341463
199	4	N	28	N	395	0.00874959	3.81857	0.268292683
203	4	N	28	N	429	0.031997	5.65344	0.219512195
2100	4	N	28	N	316	0.00788616	3.76491	0.292682927
213	4	N	28	N	373	0.00424387	3.16135	0.170731707
217	4	N	28	N	203.5	0.0179804	5.30364	0.195121951
224	4	N	28	N	485	0.0168045	4.15429	0.195121951
2285	4	Y	28	N	425	0.0224783	3.21598	0.317073171
229	4	N	28	N	284	0.0183991	4.41521	0.146341463
2322	4	N	28	N	455.5	0.0393299	3.95109	0.268292683
2323	4	N	28	N	430	0.00580241	3.20873	0.195121951
233	4	N	28	N	350	0.00733995	3.18181	0.170731707
235	4	N	28	N	335	0.0122066	4.18278	0.243902439
239	4	N	28	N	514.5	0.00450831	3.72584	0.195121951
243	4	N	28	N	235	0.0167579	5.4829	0.170731707
2445	4	N	28	N	463.5	0.0399601	7.10059	0.170731707
2461	4	N	28	N	491	0.0102031	3.66218	0.292682927
2468	4	N	28	N	470.5	0.195121951		
248	4	N	28	N	357	0.00953846	3.23719	0.170731707
253	4	N	28	N	356	0.0382661	4.72607	0.219512195
254	4	N	28	N	420.5	0.00720291	4.03209	0.219512195
2551	4	N	28	N	407	0.219512195		
26	4	N	28	N	231	0.0159932	5.13421	0.219512195
2702	4	N	28	N	632.5	0.170731707		
275	4	N	28	N	335	0.00366148	3.00044	0.170731707
277	4	N	28	N	822	0.0108795	4.58623	0.146341463
2775	4	N	28	N	316.5	0.243902439		
286	4	N	28	N	594.5	0.00659116	2.97465	0.195121951
289	4	N	28	N	331	0.170731707		
2903	4	N	28	N	334	0.0272673	4.42382	0.170731707
2981	4	N	28	N	449	0.0265295	5.50429	0.219512195
3056	4	N	28	N	570.5	0.00679403	2.87806	0.146341463
3060	4	N	28	N	570	0.00567709	2.93912	0.146341463
3075	4	N	28	N	362.5	0.0107239	2.935	0.170731707
3078	4	N	28	N	746	0.0147118	4.44554	0.243902439
3081	4	N	28	N	491.5	0.00569769	3.64694	0.195121951
309	4	N	28	N	270	0.0136999	5.31513	0.195121951
314	4	N	28	N	542	0.0253367	4.56233	0.219512195
319	4	N	28	N	396	0.00538246	3.15289	0.146341463
331	4	N	28	N	211	0.0248303	5.64519	0.170731707
336	4	N	28	N	1003	0.219512195		
338	4	N	28	N	552.5	0.170731707		
355	4	N	28	N	891	0.146341463		
36	4	N	28	N	474.5	0.0155406	3.92832	0.219512195
363	4	N	28	N	608.5	0.219512195		
385	4	N	28	N	412	0.0043645	3.16147	0.195121951
389	4	N	28	N	296	0.00527787	3.33925	0.219512195
434	4	N	28	N	147.5	0.0303718	6.77813	0.195121951
495	4	N	28	N	440	0.00905156	3.30407	0.146341463
5	4	N	28	N	251	0.0192481	5.51303	0.146341463
508	4	N	28	N	400	0.0181754	3.69779	0.195121951
510	4	N	28	N	107	0.0103726	3.56537	0.170731707
516	4	N	28	N	474	0.00737773	3.03275	0.219512195
517	4	N	28	N	169	0.014514	4.45745	0.219512195
522	4	N	28	N	337	0.016672	5.46535	0.243902439
536	4	N	28	N	931.5	0.0171163	4.12035	0.195121951
54	4	N	28	N	124	0.12195122		
579	4	N	28	N	458	0.00884172	4.36809	0.243902439
598	4	N	28	N	420	0.0106694	4.47205	0.195121951
6	4	N	28	N	316	0.0311782	4.2025	0.170731707
61	4	N	28	N	254.5	0.0126363	4.06138	0.170731707
627	4	N	28	N	346	0.0132527	3.48354	0.170731707
636	4	N	28	N	376	0.00837747	3.66493	0.195121951
641	4	N	28	N	214	0.503104	8.47768	0.219512195
67	4	N	28	N	243	0.0108195	5.04227	0.243902439
680	4	N	28	N	410	0.0112168	5.55288	0.170731707
686	4	N	28	N	285.5	0.00681307	4.43927	0.219512195
688	4	N	28	N	285	0.170731707		
703	4	N	28	N	468.5	0.0372512	5.15723	0.170731707
747	4	N	28	N	531	0.12195122		
75	4	Y	28	N	270	0.0112827	3.87252	0.12195122
763	4	N	28	N	429	0.041118	6.55023	0.170731707
808	4	N	28	N	480	0.195121951		
847	4	N	28	N	384	0.0108185	4.13163	0.219512195
86	4	N	28	N	338	2.43709	12.1547	0.219512195
893	4	N	28	N	257	0.00825637	4.26409	0.268292683
9	4	N	28	N	391.5	0.0232072	5.63343	0.170731707
93	4	N	28	N	537	0.0110312	4.19843	0.195121951
951	4	N	28	N	602	0.0145488	4.11279	0.170731707
984	4	N	28	N	281	0.0336022	6.27288	0.219512195
1013	4	N	27	N	400	0.0170993	3.93123	0.219512195
1121	4	N	27	N	260	0.0236167	3.13795	0.195121951
117	4	N	27	N	400	0.0222655	4.98521	0.146341463
12	4	N	27	N	254.5	0.0249743	5.69681	0.219512195
1202	4	N	27	N	244.5	0.0126984	4.41818	0.219512195
126	4	N	27	N	350	0.0227799	4.83791	0.146341463
129	4	N	27	N	304	0.0311166	5.91483	0.195121951
1324	4	N	27	N	720.5	0.0132953	3.85894	0.170731707
1552	4	N	27	N	400	0.00467975	3.26315	0.243902439
1654	4	N	27	N	409	0.0350155	5.42585	0.170731707
1761	4	N	27	N	518	0.00388602	3.12626	0.219512195
1860	4	N	27	N	485	0.00441158	3.61535	0.243902439
1870	4	N	27	N	332.5	0.00803603	4.36112	0.170731707
1877	4	N	27	N	354	0.0123092	4.56646	0.170731707
1891	4	N	27	N	240	0.020565	5.41745	0.170731707
1959	4	N	27	N	515.5	0.0207297	4.00049	0.292682927
204	4	N	27	N	332	0.0155412	4.95932	0.170731707
206	4	N	27	N	821	3.56223	10.4366	0.170731707
2114	4	N	27	N	526	0.0196043	4.63272	0.268292683
2133	4	N	27	N	541	0.485793	7.53956	0.195121951
2201	4	N	27	N	217	0.0153884	5.0646	0.146341463
2283	4	Y	27	N	328.5	0.243902439		
2293	4	N	27	N	277.5	0.243902439		
23	4	N	27	N	217	0.007077	3.32456	0.195121951
2360	4	N	27	N	434	0.0131966	3.6645	0.292682927
238	4	N	27	N	526.5	0.0159258	3.79432	0.170731707
247	4	N	27	N	290.5	0.0158679	3.87954	0.219512195
252	4	N	27	N	351	0.0155293	5.83028	0.243902439
283	4	N	27	N	870.5	0.0158284	4.15871	0.243902439
2846	4	Y	27	N	160	0.170731707		
2962	4	N	27	N	508	0.0108792	3.93882	0.170731707
299	4	N	27	N	163	0.0171369	4.51349	0.292682927
3041	4	Y	27	N	152	0.0121106	3.76228	0.195121951
3055	4	N	27	N	505	0.0149284	6.0639	0.195121951
315	4	N	27	N	271	0.0169666	5.76089	0.219512195
35	4	N	27	N	219	0.0150257	4.04726	0.12195122
356	4	Y	27	N	320	0.0172598	4.76666	0.243902439
357	4	N	27	N	593.5	0.195121951		
382	4	N	27	N	192	0.0180532	4.65926	0.195121951
384	4	N	27	N	190	0.0111902	4.12728	0.195121951
392	4	N	27	N	219	0.0202026	4.71601	0.195121951
41	4	N	27	N	465.5	0.0247249	4.65118	0.195121951
42	4	N	27	N	288.5	0.0572017	5.71181	0.146341463
459	4	N	27	N	324	0.00555926	3.47209	0.219512195
479	4	N	27	N	211.5	0.0157362	5.03684	0.170731707
48	4	N	27	N	646	0.00694167	3.72573	0.195121951
483	4	N	27	N	392	0.669505	6.92464	0.170731707
494	4	N	27	N	511	0.0139395	4.61529	0.219512195
58	4	N	27	N	221	0.118036	5.06453	0.195121951
643	4	N	27	N	621.5	0.0215953	3.08136	0.243902439
676	4	N	27	N	291	0.00643441	3.40503	0.170731707
782	4	N	27	N	231	0.00413565	2.79341	0.146341463
801	4	N	27	N	292	0.0127217	3.61348	0.097560976
1000	4	N	26	N	203	0.0118453	3.4564	0.170731707
1017	4	N	26	N	464	0.0120345	3.65345	0.268292683
1041	4	N	26	N	350.5	0.0260098	4.3109	0.195121951
124	4	N	26	N	350	0.00429546	2.78502	0.195121951
1265	4	N	26	N	267	0.121136	5.6632	0.219512195
130	4	N	26	N	593	0.00538058	2.62071	0.170731707
1314	4	N	26	N	337.5	0.0112549	3.77317	0.12195122
151	4	N	26	N	402	0.0150136	3.75686	0.243902439
1522	4	N	26	N	486	0.0138124	3.33847	0.195121951
1675	4	N	26	N	172	0.0172249	4.73643	0.097560976
1749	4	N	26	N	357	0.00953493	3.73372	0.170731707
1797	4	N	26	N	780	0.0141946	3.92122	0.146341463
18	4	N	26	N	140	0.0111908	5.54129	0.170731707
1894	4	N	26	N	372.5	0.01701	4.29877	0.268292683
1988	4	N	26	N	213	0.0194499	3.7513	0.195121951
2026	4	N	26	N	379	0.0145363	3.20181	0.146341463
2060	4	N	26	N	677.5	0.0090602	3.25587	0.170731707
2110	4	N	26	N	341.5	0.0100611	4.03169	0.146341463
212	4	N	26	N	333	0.0123864	4.0872	0.170731707
2123	4	N	26	N	416	0.0138536	4.479	0.146341463
2147	4	N	26	N	367.5	0.0222612	4.88414	0.195121951
2370	4	N	26	N	382	0.00667237	3.67395	0.195121951
2373	4	N	26	N	952	0.0131057	3.0517	0.12195122
25	4	N	26	N	471.5	0.00306715	2.61736	0.292682927
2626	4	N	26	N	604.5	0.00622804	3.35399	0.170731707
2757	4	N	26	N	296	0.0296813	4.18906	0.292682927
285	4	N	26	N	499	0.0099449	3.90749	0.170731707
2915	4	N	26	N	422.5	0.0098696	3.80044	0.12195122
2964	4	Y	26	N	197	0.00422084	2.48907	0.048780488
3020	4	N	26	N	367	0.0282625	4.58232	0.170731707
410	4	N	26	N	181.5	0.0105113	3.89291	0.146341463
56	4	Y	26	N	157	0.0232779	3.83621	0.097560976
569	4	N	26	N	700	0.0100129	4.20233	0.170731707
610	4	Y	26	N	105	0.0452547	5.37858	0.097560976
70	4	Y	26	N	157	0.0201359	3.61609	0.12195122
85	4	N	26	N	172	0.00766671	3.08728	0.195121951
958	4	N	26	N	269	0.00424797	2.67176	0.170731707
968	4	N	26	N	883	1.88664	10.5237	0.170731707
97	4	N	26	N	262	0.0148341	4.21636	0.219512195
997	4	N	26	N	296	0.195121951		
1259	4	N	25	N	538	0.0172853	3.53157	0.170731707
1271	4	N	25	N	509	0.00491614	2.18472	0.292682927
1274	4	N	25	N	461	0.0110652	3.00491	0.170731707
1341	4	N	25	N	391	0.027864	4.46301	0.219512195
148	4	N	25	N	265	0.0127229	5.64217	0.12195122
156	4	N	25	N	513.5	0.00814643	3.48725	0.12195122
1711	4	N	25	N	519.5	0.0112808	3.72098	0.12195122
19	4	N	25	N	320	0.0978196	4.26768	0.12195122
2092	4	N	25	N	395	0.0134548	3.34773	0.170731707
2135	4	N	25	N	162.5	0.0087728	5.0395	0.12195122
2197	4	N	25	N	407	0.219512195		
2369	4	Y	25	N	360	0.00717315	2.39299	0.12195122
2680	4	N	25	N	243	0.0507077	7.17417	0.219512195
458	4	N	25	N	440	0.0414535	3.24264	0.097560976
470	4	N	25	N	671	0.00435534	2.88865	0.12195122
530	4	N	25	N	428	0.00587444	3.52401	0.146341463
726	4	Y	25	N	486	0.0823235	4.43302	0.195121951
985	4	N	25	N	720	0.0077208	2.51999	0.219512195
1033	4	N	24	N	478	0.0244384	4.88568	0.170731707
1587	4	N	24	N	681.5	0.0117703	2.87603	0.170731707
2725	4	Y	24	N	374	0.00751125	3.31327	0.170731707
802	4	N	24	N	392.5	0.00501929	3.37884	0.195121951
113	4	N	23	N	680	0.0492242	4.59691	0.195121951
115	4	N	23	N	570	0.00562928	2.52799	0.146341463
1293	4	N	23	N	362	0.0209028	3.61787	0.12195122
1594	4	N	23	N	574.5	1.20785	7.53135	0.243902439
1758	4	N	23	N	626	0.0140017	4.05835	0.170731707
1830	4	N	23	N	423	0.0482994	3.5227	0.12195122
2222	4	N	23	N	424	0.146341463		
2732	4	N	23	N	588	0.0127412	2.59634	0.195121951
313	4	N	23	N	516	0.0904064	5.32182	0.097560976
40	4	N	23	N	356	0.00815298	3.7964	0.12195122
986	4	N	23	N	494.5	0.0185355	3.04593	0.097560976
1185	4	N	22	N	367	0.146341463		
1224	4	N	22	N	383.5	0.195121951		
2169	4	N	22	N	519.5	0.00908224	4.02206	0.12195122
3085	4	N	22	N	567.5	0.0515164	3.66145	0.195121951
558	4	N	22	N	500	0.00576453	1.76741	0.170731707
1337	4	N	21	N	488	0.0275218	4.24293	0.146341463
1312	4	N	20	N	570.5	0.146341463		
1765	4	Y	20	N	503	2.90689	9.35444	0.073170732
222	4	N	20	N	439	0.0176621	2.50636	0.097560976
435	4	N	20	N	548	0.00418936	2.5923	0.146341463
2717	4	N	19	N	350	0.0371795	3.14084	0.195121951
588	4	N	18	N	237	0.0077358	2.02795	0.097560976
96	4	N	18	N	305	0.0239688	3.97417	0.097560976
415	4	N	16	N	619	0.0115652	2.62124	0.12195122
2654	4	N	15	N	487.5	0.0512923	2.20995	0.219512195
2887	4	N	14	N	757	0.806878	5.52722	0.097560976
2512	4	N	13	N	503	0.0213052	2.07752	0.146341463
937	4	N	11	N	617.5	0.0144383	1.60457	0.073170732
2753	3	Y	39	N	508	0.0240014	5.01639	0.487804878
2813	3	Y	38	N	255	0.0431063	7.29533	0.43902439
3062	3	Y	38	N	252	0.0224233	5.53483	0.43902439
2176	3	Y	37	N	412.5	0.0257725	6.73152	0.365853659
2239	3	N	37	N	180	0.007885	3.45503	0.390243902
2248	3	Y	37	N	534	0.0911119	6.74322	0.341463415
2470	3	N	37	N	243	0.43902439		
2790	3	Y	37	N	246	0.0043092	4.29882	0.268292683
2033	3	N	36	N	564	0.0274793	5.52956	0.43902439
2189	3	N	36	N	437	0.0601687	5.94538	0.414634146
2246	3	Y	36	N	405	0.0477519	7.3555	0.365853659
2388	3	N	36	N	476	0.00369884	3.40444	0.414634146
2824	3	Y	36	N	458	0.00746354	4.11054	0.43902439
1493	3	N	35	N	280.5	0.219512195		
1698	3	N	35	N	189	0.0175751	3.72631	0.268292683
2009	3	Y	35	N	194	0.00821625	2.86912	0.317073171
2200	3	Y	35	N	336	0.317073171		
2275	3	N	35	N	370	0.0114393	3.38088	0.365853659
2603	3	N	35	N	879	0.0224575	4.79879	0.463414634
2684	3	N	35	N	499	0.00832243	4.81584	0.341463415
2863	3	N	35	N	602	0.0128793	4.71511	0.317073171
3030	3	Y	35	N	358	0.0100819	4.00134	0.292682927
1375	3	N	34	N	324	0.0210243	5.45959	0.292682927
1742	3	Y	34	N	311	0.0212059	5.60371	0.219512195
1791	3	N	34	N	474	0.0131431	4.59951	0.268292683
1999	3	N	34	N	474	0.268292683		
2070	3	N	34	N	261.5	0.044886	5.89033	0.292682927
2104	3	N	34	N	368	0.268292683		
2270	3	N	34	N	340	0.0117148	6.39511	0.268292683
2313	3	N	34	N	444	0.0114555	3.66811	0.317073171
2676	3	N	34	N	413	0.00775629	3.26649	0.341463415
2814	3	Y	34	N	404	0.0234547	4.58648	0.268292683
2860	3	N	34	N	277	0.0119199	5.27368	0.341463415
1021	3	N	33	N	351	0.243902439		
1208	3	Y	33	N	387	0.0318021	7.27787	0.195121951
1210	3	N	33	N	255	0.0383023	5.19583	0.243902439
1238	3	N	33	N	360.5	0.0118093	3.95741	0.317073171
1349	3	N	33	N	287.5	0.243902439		
1389	3	N	33	N	247	0.0190539	6.54647	0.390243902
1412	3	N	33	N	387	0.040547	6.00559	0.268292683
1420	3	N	33	N	232	0.0124552	3.82843	0.414634146
1453	3	N	33	N	856	0.00703233	3.90361	0.317073171
1523	3	N	33	N	841	0.00352947	3.36803	0.268292683
1546	3	N	33	N	429	0.00686366	3.91303	0.268292683
1591	3	N	33	N	620	0.243902439		
1696	3	N	33	N	291	0.0155866	3.72889	0.292682927
1710	3	Y	33	N	310	0.0975302	5.20817	0.268292683
1793	3	Y	33	N	313	0.0171493	4.40095	0.195121951
1919	3	N	33	N	280	0.0285402	5.31254	0.390243902
2455	3	N	33	N	435	0.00966509	3.3552	0.390243902
2607	3	Y	33	N	387	0.0162211	5.13576	0.390243902
2616	3	Y	33	N	351	0.317073171		
2665	3	N	33	N	247	0.0257377	6.46293	0.341463415
2889	3	N	33	N	529	0.0367032	5.89606	0.146341463
2902	3	N	33	N	503	0.00491021	3.3271	0.292682927
1433	3	N	32	N	388	0.0109972	3.88405	0.243902439
1447	3	N	32	N	490	0.0148238	3.80234	0.219512195
1514	3	Y	32	N	323.5	0.0166367	4.78609	0.268292683
1536	3	Y	32	N	306	0.0154708	5.68286	0.243902439
1770	3	N	32	N	433.5	0.00583599	3.66797	0.292682927
1776	3	N	32	N	369	0.0375806	5.41235	0.243902439
2002	3	N	32	N	350.5	0.0311101	6.00946	0.195121951
2027	3	N	32	N	586	0.023038	7.18768	0.414634146
2032	3	Y	32	N	258.5	0.0126284	5.47412	0.243902439
2119	3	N	32	N	464.5	0.292682927		
2179	3	Y	32	N	158	0.0494666	5.68447	0.390243902
2271	3	N	32	N	270	0.43902439		
2315	3	N	32	N	383	0.00518876	4.12863	0.243902439
2483	3	N	32	N	352	0.390243902		
2513	3	N	32	N	396	0.00458529	3.8717	0.219512195
2784	3	N	32	N	509	0.0289621	4.02704	0.268292683
2854	3	N	32	N	1045	0.0114483	4.228	0.268292683
638	3	N	32	N	304.5	0.0171229	5.33478	0.268292683
654	3	N	32	N	336	0.0228605	4.1605	0.170731707
682	3	N	32	N	392	0.0256349	5.34244	0.243902439
830	3	N	32	N	274	0.0176657	5.05882	0.292682927
862	3	N	32	N	329	0.0271981	6.59899	0.292682927
898	3	N	32	N	366.5	0.0150129	4.82769	0.317073171
902	3	N	32	N	695	0.0219943	4.22407	0.292682927
907	3	N	32	N	359	0.0209409	5.03407	0.341463415
938	3	N	32	N	346	0.00510435	2.89556	0.243902439
1034	3	Y	31	N	152	0.146341463		
1100	3	Y	31	N	335	0.724182	9.25321	0.243902439
1118	3	N	31	N	216	0.00933114	3.53081	0.195121951
1122	3	N	31	N	282	0.025024	5.47674	0.292682927
1207	3	N	31	N	422	0.0231621	4.19754	0.341463415
1217	3	N	31	N	435	0.00613857	3.56116	0.292682927
1240	3	N	31	N	398.5	0.0260136	4.06826	0.243902439
1263	3	N	31	N	268	0.010009	5.04653	0.195121951
1280	3	N	31	N	579	0.00833709	3.60823	0.317073171
1430	3	N	31	N	370	0.0311426	5.76326	0.195121951
1438	3	N	31	N	366	0.0414955	4.29192	0.243902439
1485	3	N	31	N	338	0.219512195		
1548	3	Y	31	N	482	0.05494	4.93482	0.292682927
1572	3	N	31	N	626	0.00802387	3.42848	0.243902439
1610	3	N	31	N	325	0.0227926	3.60157	0.317073171
1656	3	N	31	N	339.5	0.0267135	6.8969	0.292682927
1727	3	Y	31	N	339	0.00593807	3.4089	0.292682927
1825	3	N	31	N	380	0.268292683		
1836	3	Y	31	N	625	0.170731707		
2012	3	N	31	N	1090	0.0116828	3.95824	0.243902439
2054	3	N	31	N	263	0.014624	5.78427	0.146341463
2099	3	Y	31	N	614	0.0329993	5.36429	0.317073171
2282	3	Y	31	N	364	0.0218946	5.45452	0.268292683
2301	3	Y	31	N	283	0.0104768	3.98864	0.268292683
2361	3	N	31	N	331	0.0094359	3.3298	0.292682927
2460	3	Y	31	N	340	0.0158947	3.81612	0.195121951
2466	3	Y	31	N	445	0.0284564	3.49246	0.243902439
2546	3	Y	31	N	351.5	0.0115266	5.41637	0.243902439
2627	3	N	31	N	374.5	0.0191745	4.26368	0.243902439
2948	3	Y	31	N	527	0.0202518	4.07589	0.243902439
379	3	Y	31	N	323	0.219512195		
425	3	N	31	N	527	0.0279948	6.68479	0.268292683
443	3	N	31	N	367.5	0.0288072	4.36559	0.243902439
480	3	N	31	N	323	0.0116723	4.18683	0.243902439
486	3	N	31	N	339.5	0.0268371	6.49044	0.268292683
604	3	N	31	N	366	0.010087	3.57452	0.268292683
608	3	N	31	N	202	0.0172405	5.51358	0.317073171
615	3	N	31	N	249	0.0172863	4.43554	0.219512195
635	3	N	31	N	385	0.00680446	4.65356	0.195121951
670	3	N	31	N	439	0.0192677	4.67279	0.341463415
707	3	N	31	N	348.5	0.243902439		
718	3	N	31	N	493	0.0110993	4.29367	0.317073171
738	3	N	31	N	678	0.0193812	5.66096	0.243902439
798	3	Y	31	N	245	0.0290166	7.1255	0.243902439
859	3	N	31	N	211	0.0115012	4.46027	0.243902439
871	3	N	31	N	261	0.00993156	4.48683	0.292682927
896	3	N	31	N	440	0.0072501	3.59573	0.268292683
918	3	N	31	N	879.5	0.00892046	4.39285	0.219512195
919	3	Y	31	N	492	0.0330789	7.73876	0.268292683
942	3	N	31	N	205.5	0.0194395	5.44677	0.195121951
963	3	N	31	N	506.5	0.0129993	4.72912	0.268292683
991	3	N	31	N	448	0.0276919	6.33477	0.268292683
1003	3	N	30	N	293	0.0201402	5.1461	0.219512195
1071	3	N	30	N	227.5	0.0226117	4.28044	0.195121951
1129	3	N	30	N	293	0.0163528	4.52246	0.170731707
1203	3	N	30	N	220	0.00853125	3.95223	0.219512195
1216	3	Y	30	N	456	0.00895136	3.49371	0.243902439
1267	3	N	30	N	615	0.0206738	4.16734	0.195121951
1279	3	N	30	N	332	0.0102843	3.99023	0.292682927
1286	3	N	30	N	342	0.195121951		
1305	3	N	30	N	480.5	0.0215257	4.64905	0.243902439
1330	3	N	30	N	375	0.0118164	3.08588	0.219512195
1542	3	N	30	N	280	0.0126813	3.89249	0.292682927
1553	3	Y	30	N	324	0.0200027	3.66059	0.268292683
1557	3	N	30	N	596	0.00797184	3.86787	0.219512195
1574	3	Y	30	N	115	0.0125539	3.59818	0.219512195
1720	3	N	30	N	230	0.00733184	4.88923	0.219512195
173	3	N	30	N	403.5	0.0163005	3.51797	0.268292683
1787	3	N	30	N	319	0.0302574	4.42297	0.195121951
198	3	N	30	N	217	0.0193402	5.74414	0.268292683
2053	3	N	30	N	470.5	0.00754553	4.84426	0.243902439
2234	3	N	30	N	434	0.00546906	2.62478	0.219512195
2296	3	N	30	N	514	0.0361237	3.60652	0.487804878
2358	3	N	30	N	606	0.0139205	3.44463	0.292682927
236	3	N	30	N	244	0.0237355	4.25757	0.243902439
237	3	N	30	N	203	0.0273674	6.79647	0.243902439
326	3	N	30	N	510	0.00362609	2.60419	0.219512195
383	3	N	30	N	230	0.219512195		
395	3	N	30	N	568.5	0.0160857	4.09387	0.195121951
401	3	N	30	N	297	0.0158653	4.36646	0.170731707
406	3	N	30	N	502	0.0241292	5.34433	0.268292683
442	3	N	30	N	306	0.0259766	5.17375	0.195121951
462	3	N	30	N	148	0.170731707		
466	3	Y	30	N	382	0.0103117	3.84689	0.268292683
496	3	N	30	N	604.5	0.195121951		
539	3	N	30	N	324	0.0385574	5.69568	0.195121951
565	3	N	30	N	652	0.00331293	2.92885	0.292682927
605	3	N	30	N	211	0.268292683		
617	3	N	30	N	189	0.0580408	5.21315	0.170731707
628	3	N	30	N	194	0.0226524	5.57502	0.243902439
629	3	N	30	N	176	0.0368049	5.77558	0.268292683
639	3	N	30	N	422	0.0120187	3.66792	0.292682927
640	3	N	30	N	397	0.00364506	2.61671	0.170731707
650	3	N	30	N	273	0.0251665	4.50598	0.243902439
665	3	N	30	N	381	0.0163379	4.87617	0.268292683
689	3	N	30	N	274	0.0100615	3.67378	0.12195122
692	3	Y	30	N	255	0.0108546	4.07667	0.292682927
697	3	N	30	N	294	0.0105556	5.25282	0.268292683
709	3	N	30	N	333.5	0.00718092	3.4245	0.195121951
715	3	N	30	N	165	0.0114238	3.82324	0.195121951
746	3	N	30	N	509	0.00264566	3.20919	0.292682927
789	3	N	30	N	416.5	0.0118906	4.00082	0.219512195
839	3	N	30	N	315	0.0199337	5.0153	0.219512195
886	3	N	30	N	698	0.00987982	4.21743	0.292682927
888	3	N	30	N	122	0.0138197	4.98347	0.219512195
908	3	N	30	N	393.5	0.0208792	4.53307	0.219512195
941	3	Y	30	N	212	0.195121951		
973	3	Y	30	N	790	0.0143184	4.08293	0.243902439
100	3	N	29	N	432	0.0061027	2.94684	0.195121951
1014	3	N	29	N	637	0.0174462	3.87271	0.268292683
1031	3	N	29	N	724	0.219512195		
1266	3	N	29	N	581	0.016988	3.60646	0.292682927
1296	3	N	29	N	209	0.195121951		
1304	3	N	29	N	488	0.00701916	2.34992	0.268292683
1342	3	N	29	N	453	0.00877626	2.68635	0.243902439
1507	3	N	29	N	365	0.0560357	4.71	0.317073171
1543	3	N	29	N	295.5	0.0196998	5.81535	0.219512195
1549	3	N	29	N	356	0.021879	5.36159	0.341463415
158	3	N	29	N	555	0.0243889	4.08026	0.195121951
1590	3	N	29	N	529	0.00732341	3.08567	0.243902439
1692	3	N	29	N	440	0.0072948	3.48863	0.243902439
179	3	N	29	N	474.5	0.0127677	4.23289	0.170731707
182	3	N	29	N	351	0.0209221	4.86996	0.195121951
1855	3	N	29	N	389	0.00487395	3.20417	0.292682927
186	3	N	29	N	147.5	0.0395135	5.11363	0.219512195
192	3	N	29	N	368	0.0116872	3.29601	0.292682927
1951	3	N	29	N	396	3.65344	12.821	0.243902439
200	3	Y	29	N	369	0.00536336	2.93255	0.170731707
201	3	N	29	N	512	0.0274207	3.95687	0.146341463
202	3	N	29	N	1103	0.0136096	3.32311	0.219512195
220	3	N	29	N	777.5	0.0480581	4.28776	0.243902439
225	3	N	29	N	560	0.0193226	3.56486	0.219512195
226	3	N	29	N	252	0.00969644	3.22338	0.146341463
2359	3	Y	29	N	352	0.0114908	2.57413	0.292682927
2499	3	N	29	N	334	0.0417687	4.72231	0.268292683
256	3	N	29	N	444	0.0109726	3.73526	0.243902439
2563	3	Y	29	N	393.5	0.0069857	2.81641	0.243902439
2574	3	N	29	N	236	0.0119813	4.06231	0.268292683
2847	3	Y	29	N	420.5	0.0309483	4.34585	0.365853659
2867	3	N	29	N	332	0.0105815	3.52603	0.243902439
290	3	N	29	N	311	0.00724153	3.11166	0.243902439
291	3	N	29	N	942	0.195121951		
298	3	N	29	N	401	0.0108416	3.98501	0.170731707
3	3	N	29	N	333.5	0.022128	4.44461	0.219512195
308	3	N	29	N	462.5	0.00772941	3.85866	0.219512195
341	3	N	29	N	589	0.0137652	4.14685	0.219512195
350	3	N	29	N	956	0.0278841	3.61312	0.219512195
376	3	N	29	N	472	0.00852067	3.33744	0.219512195
391	3	N	29	N	266	0.0164503	3.79893	0.243902439
413	3	N	29	N	233	0.0156927	3.17601	0.243902439
423	3	N	29	N	441	0.0213905	5.11968	0.243902439
45	3	N	29	N	258	0.170731707		
500	3	N	29	N	1075	0.0189395	3.53628	0.243902439
515	3	N	29	N	459.5	0.0112416	4.59706	0.292682927
519	3	N	29	N	530	0.170731707		
548	3	N	29	N	532	0.0515667	6.40603	0.219512195
553	3	N	29	N	584	0.00918504	3.45811	0.268292683
567	3	N	29	N	460	0.0144625	4.12243	0.268292683
597	3	N	29	N	259	0.0244721	4.97804	0.243902439
632	3	N	29	N	231	0.0260206	4.74119	0.292682927
642	3	N	29	N	271	0.049814	6.0169	0.219512195
698	3	Y	29	N	127	0.00428106	4.03663	0.170731707
711	3	N	29	N	1257	0.00730085	3.29144	0.292682927
788	3	N	29	N	1592.5	0.0308844	3.65567	0.219512195
799	3	N	29	N	570	0.00712161	3.25222	0.146341463
818	3	Y	29	N	259.5	0.0208316	5.3189	0.170731707
829	3	N	29	N	731.5	0.00531676	3.23306	0.292682927
834	3	N	29	N	569	0.136236	4.12617	0.195121951
865	3	N	29	N	566	0.0152551	5.58125	0.170731707
876	3	N	29	N	299	0.0133399	3.89835	0.170731707
996	3	N	29	N	629	0.00802097	3.02572	0.292682927
999	3	N	29	N	444	0.0224548	4.98471	0.219512195
10	3	Y	28	N	227	0.014421	3.90602	0.268292683
1004	3	N	28	N	626	0.01239	3.0874	0.268292683
1018	3	N	28	N	861	0.00716775	4.13739	0.292682927
1040	3	N	28	N	275.5	0.00598074	3.28109	0.243902439
1323	3	N	28	N	348	0.0271531	4.14432	0.292682927
145	3	N	28	N	448	0.00522797	2.93705	0.195121951
1497	3	N	28	N	554.5	0.0224314	4.07124	0.12195122
1518	3	N	28	N	909	0.0407741	4.83041	0.341463415
167	3	N	28	N	170	0.0281779	5.5418	0.243902439
17	3	N	28	N	330.5	0.011143	3.05523	0.195121951
177	3	N	28	N	374	0.243902439		
183	3	N	28	N	612.5	0.0609679	5.83835	0.170731707
1839	3	N	28	N	625	0.0124351	3.84772	0.219512195
2083	3	N	28	N	347.5	0.0168265	4.15221	0.195121951
21	3	N	28	N	417	0.581551	9.05742	0.268292683
218	3	N	28	N	282.5	0.0247623	5.14836	0.170731707
2182	3	N	28	N	625	0.0160124	3.32796	0.219512195
221	3	N	28	N	252	0.00970634	4.27591	0.195121951
223	3	N	28	N	342.5	0.0110219	3.48985	0.195121951
2273	3	Y	28	N	383.5	0.219512195		
2284	3	N	28	N	431	0.0253189	4.37886	0.292682927
2362	3	N	28	N	370	0.00762233	3.04416	0.195121951
242	3	N	28	N	822.5	0.00480858	2.80421	0.219512195
2421	3	N	28	N	262.5	0.00606334	4.28815	0.268292683
2537	3	N	28	N	328	0.0285188	3.06301	0.243902439
2554	3	N	28	N	307	0.0107971	4.06914	0.219512195
257	3	N	28	N	472.5	0.0313524	3.68432	0.170731707
266	3	N	28	N	252	0.0234166	4.22567	0.170731707
2837	3	N	28	N	560	0.0123176	3.22355	0.414634146
296	3	N	28	N	788	0.00844722	3.29522	0.195121951
2967	3	N	28	N	483	0.00709621	3.58039	0.243902439
30	3	N	28	N	365	0.0130306	3.54533	0.243902439
3053	3	Y	28	N	506.5	0.0104253	3.61139	0.243902439
3086	3	N	28	N	506	0.0561608	4.95984	0.12195122
318	3	N	28	N	659.5	0.00478164	3.77142	0.195121951
323	3	N	28	N	456	0.0131726	5.67787	0.195121951
337	3	N	28	N	529.5	0.00679278	3.50589	0.219512195
339	3	N	28	N	597	0.148738	6.40172	0.195121951
387	3	N	28	N	216	0.0232651	6.00013	0.243902439
39	3	N	28	N	287	0.146341463		
4	3	N	28	N	353	0.0855606	4.78663	0.146341463
447	3	N	28	N	503	0.0393329	4.43709	0.195121951
464	3	Y	28	N	199	0.12195122		
474	3	N	28	N	284	0.0106474	4.01568	0.12195122
484	3	Y	28	N	275	0.0829287	5.11261	0.170731707
488	3	N	28	N	1129	0.0105538	4.06583	0.170731707
492	3	N	28	N	224	0.0184972	4.77298	0.243902439
513	3	N	28	N	497	0.015166	4.04364	0.195121951
560	3	N	28	N	680.5	0.0249115	3.92064	0.268292683
593	3	N	28	N	562	0.0232769	4.84433	0.195121951
60	3	N	28	N	1025	0.0151304	3.81053	0.195121951
724	3	N	28	N	366.5	0.243902439		
780	3	N	28	N	873	0.00886321	3.41255	0.146341463
803	3	N	28	N	356	0.00716257	4.22136	0.170731707
84	3	N	28	N	424	0.0102283	3.27533	0.219512195
861	3	Y	28	N	252	0.195121951		
978	3	N	28	N	444	0.011357	3.55047	0.219512195
104	3	N	27	N	530	0.035519	4.00684	0.195121951
114	3	N	27	N	209	0.0192241	5.75564	0.146341463
1173	3	N	27	N	258	0.035681	5.73431	0.268292683
125	3	N	27	N	240	0.0120723	4.29859	0.12195122
128	3	N	27	N	438	0.0094302	3.79065	0.170731707
1571	3	N	27	N	468	0.233293	5.72536	0.195121951
1582	3	N	27	N	388	0.00807577	2.72222	0.292682927
159	3	N	27	N	670	0.00965007	3.50416	0.219512195
16	3	N	27	N	438	0.00860671	4.111	0.195121951
161	3	N	27	N	831	0.0160495	2.90802	0.170731707
166	3	Y	27	N	127	0.0446252	5.48365	0.097560976
1729	3	N	27	N	623	0.0156581	4.39582	0.243902439
1744	3	N	27	N	128	0.0115844	2.41919	0.170731707
1782	3	N	27	N	427	0.0078748	4.82815	0.219512195
1811	3	Y	27	N	523	0.00866634	2.31263	0.146341463
189	3	N	27	N	384	0.00497438	3.53569	0.268292683
2059	3	N	27	N	669	0.0313341	3.81643	0.170731707
2095	3	N	27	N	458	0.0103013	2.83062	0.219512195
2105	3	N	27	N	619	0.0164649	3.83352	0.243902439
2109	3	N	27	N	421	0.0135422	4.85553	0.146341463
2121	3	N	27	N	405	0.0117482	3.19479	0.12195122
22	3	N	27	N	554	0.0116385	3.90271	0.195121951
2247	3	N	27	N	105	0.00550863	4.07679	0.170731707
2351	3	N	27	N	525.5	0.0156526	3.26012	0.195121951
2352	3	N	27	N	526	0.0153505	3.25002	0.195121951
24	3	N	27	N	299	0.0264585	4.74798	0.195121951
2446	3	N	27	N	227.5	0.0222475	5.35671	0.195121951
2518	3	N	27	N	674	0.022112	3.7216	0.195121951
2565	3	N	27	N	523.5	0.0296125	5.17631	0.292682927
258	3	N	27	N	594.5	0.0131313	3.12934	0.243902439
2723	3	N	27	N	170	0.0260044	4.44619	0.195121951
273	3	N	27	N	738	0.146341463		
2774	3	N	27	N	678	0.0102773	3.90062	0.195121951
279	3	N	27	N	334	0.0276736	5.20777	0.243902439
2835	3	N	27	N	152	0.197819	4.30978	0.170731707
2943	3	Y	27	N	391	0.0122301	2.60659	0.243902439
3012	3	N	27	N	188	0.0306215	6.13293	0.219512195
3026	3	N	27	N	481	0.00972548	4.30799	0.170731707
307	3	N	27	N	288	0.0329239	5.55852	0.195121951
332	3	N	27	N	571	0.0114637	4.41059	0.170731707
34	3	N	27	N	421.5	0.00685903	3.59927	0.146341463
37	3	N	27	N	311	0.00894521	4.61323	0.195121951
386	3	N	27	N	345.5	0.12195122		
438	3	N	27	N	235	0.02243	5.16052	0.146341463
503	3	N	27	N	353	0.011719	5.55399	0.195121951
574	3	N	27	N	714	0.0205298	4.22899	0.243902439
584	3	N	27	N	499.5	0.0124003	3.70236	0.195121951
59	3	N	27	N	562	0.0115791	3.25014	0.219512195
606	3	N	27	N	220	0.0473738	3.67709	0.146341463
613	3	N	27	N	314	0.0103214	3.97636	0.268292683
62	3	N	27	N	557	0.0125746	3.30153	0.170731707
71	3	N	27	N	391.5	0.0192359	4.86523	0.146341463
72	3	N	27	N	385	0.0120797	4.19982	0.12195122
73	3	N	27	N	515	0.0108481	4.27436	0.170731707
730	3	N	27	N	1504	0.0165472	3.74491	0.219512195
741	3	N	27	N	200	0.12195122		
76	3	N	27	N	258	0.19895	5.71414	0.243902439
945	3	N	27	N	338	0.00398853	3.08278	0.292682927
1019	3	N	26	N	784	0.0255791	4.42462	0.170731707
1024	3	Y	26	N	425	0.0200458	4.03773	0.097560976
131	3	N	26	N	439	0.0149636	4.65789	0.146341463
1693	3	N	26	N	556.5	0.0209865	3.90223	0.170731707
1766	3	Y	26	N	452	0.024667	2.99368	0.170731707
1884	3	N	26	N	631	0.0131242	4.47595	0.170731707
2	3	N	26	N	486	0.02236	3.48367	0.170731707
2037	3	N	26	N	470	0.0074624	3.52099	0.146341463
205	3	N	26	N	739	0.0170253	3.05734	0.146341463
2207	3	N	26	N	345	0.0154237	4.50829	0.170731707
2212	3	N	26	N	387	0.0236256	4.7155	0.146341463
234	3	N	26	N	549	0.00711826	3.44062	0.146341463
2342	3	N	26	N	275	0.0324502	3.22855	0.292682927
2542	3	N	26	N	327	0.0147177	3.89271	0.146341463
263	3	N	26	N	548	0.0164866	3.43492	0.195121951
2700	3	N	26	N	713.5	0.0068147	3.40201	0.146341463
29	3	N	26	N	297	0.023561	3.83524	0.146341463
294	3	N	26	N	603	0.00529081	2.40042	0.243902439
3016	3	N	26	N	306.5	0.0131877	5.28583	0.170731707
3018	3	Y	26	N	350	0.0221635	3.84295	0.170731707
3074	3	N	26	N	345	0.00346508	2.96862	0.170731707
320	3	N	26	N	740	0.0108831	3.45581	0.170731707
346	3	N	26	N	312	0.00877876	4.65028	0.146341463
349	3	N	26	N	528	0.00991413	3.27065	0.170731707
412	3	Y	26	N	185	0.0354806	4.30111	0.097560976
43	3	N	26	N	567	0.0179183	4.50838	0.146341463
44	3	N	26	N	482.5	0.015436	4.06996	0.268292683
467	3	N	26	N	832	0.0553553	4.54514	0.268292683
622	3	N	26	N	262	0.00765881	3.33104	0.170731707
700	3	N	26	N	447.5	0.0143632	3.68313	0.170731707
725	3	N	26	N	266	0.025252	3.51292	0.195121951
805	3	N	26	N	1022	0.00802295	3.76278	0.195121951
83	3	N	26	N	459	0.0332805	3.49543	0.146341463
1042	3	N	25	N	192	0.0267223	3.29291	0.146341463
1231	3	N	25	N	276	0.0109693	3.53647	0.195121951
1807	3	N	25	N	324.5	0.00927281	2.8856	0.195121951
185	3	N	25	N	446	0.0179368	3.6355	0.12195122
2038	3	N	25	N	317	0.0215828	4.96149	0.195121951
2106	3	N	25	N	407.5	0.0169424	4.0913	0.170731707
272	3	N	25	N	838	0.0112414	4.39509	0.146341463
2932	3	N	25	N	515.5	0.0236251	4.26583	0.146341463
527	3	N	25	N	343	0.170731707		
543	3	N	25	N	977	0.0136176	3.44155	0.170731707
55	3	N	25	N	305	0.0173916	3.19262	0.12195122
950	3	N	25	N	762	0.0225908	4.0272	0.219512195
169	3	N	24	N	798	0.00760212	3.31021	0.219512195
1756	3	N	24	N	291	0.0406555	4.51562	0.219512195
2015	3	N	24	N	430	0.0175165	2.94676	0.219512195
3077	3	N	24	N	875	0.0121283	4.21049	0.146341463
432	3	N	24	N	699	0.0107618	3.11345	0.146341463
82	3	N	24	N	464	0.0105578	2.41217	0.146341463
1459	3	N	23	N	670	0.0392061	2.53465	0.146341463
1597	3	N	23	N	523	0.00901961	2.64995	0.170731707
2103	3	N	23	N	238.5	0.0334	2.56337	0.195121951
2126	3	N	23	N	464	0.0226284	3.82966	0.146341463
2326	3	N	23	N	258.5	0.0872984	4.91394	0.195121951
2817	3	N	23	N	297	0.00638618	2.9834	0.292682927
334	3	N	23	N	550	0.0641018	3.61581	0.12195122
433	3	N	23	N	331	0.0497605	3.36053	0.146341463
994	3	N	23	N	465.5	0.471777	6.23024	0.12195122
1037	3	N	22	N	290	0.0067583	2.06239	0.195121951
762	3	N	22	N	683	0.0100451	2.95265	0.195121951
1228	3	N	21	N	883.5	0.195121951		
1846	3	N	21	N	508	0.0171568	1.91781	0.268292683
2372	3	N	21	N	338.5	0.0204325	3.16933	0.12195122
2687	3	N	21	N	628	0.0446372	3.52926	0.146341463
367	3	N	21	N	502	0.212573	5.47146	0.097560976
518	3	N	21	N	727.5	0.0803412	2.7878	0.219512195
1868	3	N	20	N	373	0.0101837	3.12027	0.170731707
267	3	N	20	N	387	0.0119454	2.49107	0.097560976
304	3	N	20	N	692	0.0194618	2.922	0.097560976
671	3	N	20	N	389	0.0218562	2.98115	0.219512195
791	3	N	20	N	299	0.0137491	2.05545	0.170731707
1043	3	N	19	N	286	0.101299	3.49048	0.097560976
1295	3	N	19	N	467	0.0317222	3.03215	0.170731707
1762	3	N	18	N	375.5	0.0209241	3.05269	0.048780488
2287	3	N	18	N	406	0.0191541	2.52521	0.097560976
325	3	N	17	N	599	0.157889	3.62328	0.073170732
758	3	N	16	N	257	0.0404213	3.08245	0.024390244
1562	3	N	14	N	673	0.0227646	2.3033	0.195121951
1781	3	N	13	N	365	0.0699779	1.96592	0.048780488
2545	3	N	13	N	357	0.0194712	2.23046	0.12195122
2547	3	N	13	N	357.5	0.019826	2.2338	0.12195122
895	3	N	13	N	439	0.0201882	2.13246	0.097560976
390	3	N	12	N	715	0.152984	2.09926	0.073170732
547	3	N	11	N	346	0.0343391	1.82943	0.073170732
57	3	N	11	N	1573.5	0.0193688	1.7967	0.024390244
764	3	N	11	N	375.5	0.022659	2.48546	0.073170732
952	3	N	11	N	520	0.01866	1.54134	0.097560976
2068	3	N	10	N	385	0.0474448	1.14803	0.097560976
280	3	N	10	N	683	0.0153421	1.20597	0.024390244
965	3	N	10	N	301	0.0202354	2.39707	0.048780488
1427	2	Y	34	N	312.5	0.0143358	4.99932	0.268292683
1939	2	Y	34	N	168	0.0183247	4.40855	0.292682927
2653	2	Y	34	N	652	0.00804345	3.74489	0.292682927
2250	2	Y	33	N	303	0.146341463		
1448	2	N	32	N	249	0.00678642	4.32585	0.317073171
1655	2	N	32	N	537	0.00678989	4.06703	0.243902439
2046	2	N	32	N	643	0.014497	4.83919	0.341463415
2453	2	Y	32	N	488	0.0216026	3.64991	0.341463415
1072	2	N	31	N	310	0.0251888	5.5466	0.243902439
2102	2	N	31	N	722	0.00342121	2.8615	0.292682927
2733	2	Y	31	N	291.5	0.268292683		
2780	2	N	31	N	599	0.0174561	5.21631	0.317073171
1294	2	N	30	N	452	0.00638801	3.18387	0.292682927
1768	2	N	30	N	492	0.0869623	5.74771	0.243902439
2064	2	Y	30	N	398	0.00685434	3.21148	0.243902439
2307	2	Y	30	N	460	0.0332058	5.09869	0.292682927
2828	2	N	30	N	425	0.00501524	2.82291	0.292682927
1196	2	N	29	N	652	0.00945841	3.30709	0.219512195
1252	2	N	29	N	278	0.0609511	4.37135	0.243902439
207	2	N	29	N	276.5	0.048525	6.56379	0.268292683
219	2	N	29	N	239	0.268292683		
2327	2	Y	29	N	557.5	0.0390455	4.32311	0.219512195
2375	2	Y	29	N	307	0.0114705	3.49232	0.292682927
2462	2	Y	29	N	108	0.00354792	2.32961	0.243902439
366	2	N	29	N	529	0.00381042	3.00335	0.243902439
586	2	N	29	N	761	0.0034342	2.81138	0.219512195
752	2	N	29	N	507	0.166619	6.36972	0.170731707
759	2	N	29	N	319	0.152589	6.68735	0.243902439
1016	2	Y	28	N	442.5	0.0164137	4.50182	0.219512195
150	2	N	28	N	1167	0.0146971	3.19118	0.243902439
1685	2	N	28	N	631.5	0.0190615	3.73369	0.243902439
1775	2	N	28	N	440	0.0129818	3.35954	0.243902439
2308	2	N	28	N	260	0.011301	2.94787	0.219512195
2402	2	Y	28	N	383	0.0280254	4.69404	0.341463415
2940	2	Y	28	N	285	0.00969593	2.40652	0.195121951
3010	2	Y	28	N	389	0.0158613	3.03653	0.195121951
322	2	N	28	N	628	0.243902439		
377	2	N	28	N	777.5	0.0184054	4.87699	0.195121951
66	2	N	28	N	228	0.0196227	4.90524	0.219512195
1515	2	N	27	N	305	0.00921602	3.40103	0.170731707
1785	2	N	27	N	459	0.00947262	3.90974	0.12195122
1789	2	N	27	N	463	0.00960007	4.46004	0.12195122
1994	2	N	27	N	288.5	0.0112393	2.47196	0.219512195
2075	2	N	27	N	502	0.0144432	3.82277	0.170731707
2605	2	Y	27	N	333.5	0.0761874	5.8241	0.146341463
327	2	N	27	N	291.5	0.219512195		
359	2	N	27	N	661	0.243902439		
51	2	N	27	N	232	0.0184017	5.77251	0.170731707
65	2	N	27	N	329	0.00687008	3.28167	0.170731707
1032	2	N	26	N	410.5	0.268292683		
1470	2	N	26	N	183	0.170731707		
2111	2	N	26	N	364.5	0.0115419	3.7164	0.341463415
719	2	N	26	N	322	0.0413889	4.51279	0.219512195
800	2	N	26	N	812	0.0073445	2.66401	0.219512195
1105	2	N	25	N	580	0.0505407	5.59602	0.12195122
2311	2	Y	25	N	185	0.0192079	5.91603	0.170731707
2318	2	N	25	N	560	0.00824799	2.54268	0.146341463
2822	2	Y	25	N	372	0.0345962	5.1901	0.170731707
1244	2	N	24	N	201	0.00760485	2.35863	0.097560976
1510	2	N	24	N	360	0.170731707		
2243	2	N	24	N	372.5	0.0198585	3.51044	0.219512195
2340	2	N	24	N	439	0.018017	3.81439	0.097560976
677	2	N	24	N	637.5	0.0266042	3.23082	0.195121951
1027	2	N	23	N	609	0.018953	3.15636	0.146341463
1331	2	N	23	N	400	0.032101	4.89493	0.170731707
1858	2	N	23	N	418.5	0.0105227	2.57344	0.219512195
1881	2	N	23	N	756	0.0289438	3.2187	0.146341463
551	2	N	23	N	406	0.0432884	3.91901	0.146341463
904	2	N	23	N	262.5	0.017091	3.2848	0.146341463
1592	2	N	22	N	343	0.0214553	3.14561	0.146341463
2433	2	N	22	N	807	0.0621293	2.74954	0.12195122
371	2	N	22	N	256	0.0117254	3.71688	0.12195122
461	2	N	22	N	496	0.00891202	3.17585	0.195121951
2368	2	N	21	N	394.5	0.0122956	2.7796	0.097560976
2874	2	Y	21	N	325.5	0.00781702	2.60419	0.097560976
917	2	N	20	N	908	0.00947274	2.50212	0.195121951
990	2	N	20	N	733	0.00783709	1.92904	0.12195122
1183	2	N	19	N	450	0.0171731	2.83581	0.12195122
2808	2	N	18	N	488.5	0.0647007	3.55007	0.12195122
2818	2	N	17	N	379	0.010665	2.27695	0.097560976
2576	2	N	15	N	537.5	0.0579743	3.02045	0.219512195
1566	2	N	14	N	405	0.00211141	1.6776	0.12195122
2127	2	N	14	N	293	0.00303874	1.35025	0.073170732
2305	2	N	14	N	299	0.0269728	2.38477	0.170731707
2712	2	N	14	N	328.5	0.0114045	1.96916	0.097560976
1585	2	N	13	N	549	0.0824651	2.8858	0.146341463
2937	2	N	13	N	374	0.012378	1.72454	0.12195122
1288	2	N	12	N	326	0.0327725	1.89004	0.073170732
2136	2	N	12	N	269	0.0153857	1.61436	0.097560976
2364	2	N	12	N	724	0.00858593	2.26818	0.024390244
2448	2	Y	12	N	423.5	0.025291	1.47676	0.12195122
1864	2	N	11	N	391	0.0329971	1.9579	0.146341463
1550	2	N	10	N	486.5	0.0118258	1.44331	0.024390244
2509	2	N	10	N	628	0.0321315	1.50617	0.097560976
3024	2	N	10	N	563	0.00240533	0.833653	0.097560976
806	2	N	10	N	495	0.00672171	1.47496	0.073170732
911	2	N	10	N	329.5	0.0106738	1.6661	0.048780488
2910	1	Y	33	N	438	0.029242	4.44728	0.317073171
2737	1	N	25	N	400	0.146341463		
306	1	N	25	N	442	0.0257225	3.51695	0.146341463
1233	1	N	24	N	336	0.170731707		
1989	1	Y	24	N	358	0.0130609	3.14588	0.195121951
1544	1	N	23	N	415.5	0.0291337	4.82375	0.146341463
2523	1	N	23	N	310	0.449146	6.08691	0.195121951
580	1	N	23	N	357.5	0.0201899	3.36067	0.195121951
2923	1	N	20	N	371	0.00272931	1.81958	0.195121951
293	1	N	20	N	1236	0.097560976		
1005	1	N	19	N	501	0.0167191	2.13464	0.146341463
2720	1	N	19	N	378	0.0272434	3.29631	0.073170732
2124	1	N	18	N	415	0.0622265	3.9925	0.195121951
981	1	N	18	N	354	0.00933831	3.27938	0.097560976
1058	1	N	15	N	447	0.0454148	2.16901	0.097560976
2531	1	N	14	N	309	0.0071021	0.968869	0.170731707
3006	1	Y	14	N	539	0.0122913	1.79708	0.146341463
3022	1	N	14	N	197	0.00355643	1.50684	0.048780488
1998	1	N	13	N	338.5	0.024068	3.54523	0.097560976
2217	1	N	13	N	206	0.0303254	2.67453	0.12195122
1519	1	N	12	N	250	0.0337739	2.57321	0.097560976
2688	1	N	12	N	365.5	0.0162536	1.94098	0.097560976
139	1	N	11	N	1162	0.0193766	1.40863	0.048780488
2062	1	N	11	N	356.5	0.0178458	1.84267	0.097560976
3009	1	Y	11	N	330	0.0182713	1.5748	0.097560976
594	1	N	11	N	510	0.0272897	2.10715	0.097560976
736	1	N	11	N	645	0.121775	2.22369	0.073170732
2159	1	N	10	N	1101	5.01318	8.55369	0.073170732
2294	1	N	10	N	537	0.0256647	1.40558	0.073170732
2321	1	N	10	N	422	0.0202582	1.49282	0.097560976
2425	1	N	10	N	468	0.00835517	0.682924	0.097560976
2765	1	N	10	N	630	0.0260743	1.42165	0.073170732
2871	1	Y	10	N	419	0.0197076	1.75847	0.073170732
1769	0	N	17	N	512.5	0.0278682	2.34371	0.097560976
810	0	N	17	N	338	0.0218155	3.27121	0.12195122
2708	0	N	15	N	393.5	0.0174402	1.93398	0.170731707
2800	0	N	14	N	701	0.0161818	2.06825	0.146341463
592	0	N	14	N	364	0.0217712	1.47756	0.170731707
2836	0	N	12	N	269.5	0.013794	1.41562	0.12195122
2969	0	Y	12	N	366	0.0121165	1.48425	0.146341463
2840	0	N	11	N	627	0.00803577	1.51599	0.12195122
2946	0	N	10	N	492	0.0427807	1.35243	0.12195122
2968	0	N	10	N	309	0.016809	1.98643	0.097560976