ID	BP
73	36.0
688	12.0
2523	28.0
645	32.0
836	21.0
2157	15.0
1129	11.0
1638	16.0
1412	33.0
2374	34.0
423	21.0
2215	69.0
797	38.0
125	11.0
841	0.0
1358	13.0
1460	32.0
1148	0.0
1376	18.0
2950	9.0
1861	46.0
1249	27.0
547	32.0
2808	n5944195
1770	19.0
2107	2.0
2968	n6501009
803	24.0
1044	29.0
185	n2693197
334	82.0
2104	27.0
1494	26.0
2491	10.0
235	83.0
2928	3.0
605	10.0
922	14.0
1113	88.0
1975	92.0
2904	26.0
3086	n6809008
728	12.0
341	7.0
138	17.0
2239	12.0
1134	25.0
2902	22.0
662	46.0
1378	14.0
46	61.0
2286	39.0
2759	33.0
2252	44.0
145	45.0
1687	54.0
418	27.0
2033	11.0
1963	1.0
1420	20.0
256	11.0
2179	33.0
404	31.0
1280	75.0
2409	11.0
1654	16.0
2046	7.0
152	24.0
1533	41.0
10	13.0
955	83.0
1720	3.0
682	33.0
2586	37.0
1218	11.0
516	4.0
513	15.0
1063	16.0
1999	19.0
565	41.0
2545	56.0
831	39.0
2886	2.0
401	24.0
2592	3.0
2850	45.0
2646	8.0
2425	29.0
204	34.0
412	31.0
415	18.0
2127	n3580982
1408	20.0
366	25.0
1645	16.0
390	97.0
1905	17.0
1468	2.0
2500	n4964377
432	21.0
2165	31.0
2827	3.0
781	57.0
580	6.0
247	2.0
758	38.0
2882	23.0
1243	27.0
1167	12.0
254	14.0
420	3.0
2941	39.0
3020	39.0
2810	4.0
710	13.0
2680	22.0
1101	27.0
2322	2.0
1202	54.0
799	25.0
2069	15.0
2152	18.0
1902	19.0
2405	13.0
910	28.0
1693	26.0
2749	18.0
855	17.0
2151	6.0
1388	16.0
399	45.0
1393	81.0
1920	9.0
1856	12.0
2895	12.0
1099	19.0
1564	11.0
1554	17.0
945	17.0
657	37.0
2766	22.0
1713	29.0
2369	15.0
509	45.0
2814	10.0
2490	33.0
2273	26.0
887	7.0
1000	30.0
81	26.0
1492	18.0
1824	7.0
2845	50.0
2160	15.0
1910	7.0
603	12.0
2669	28.0
1771	32.0
2800	n5920320
786	18.0
2268	43.0
838	2.0
2005	63.0
1432	1.0
549	9.0
2485	12.0
2463	12.0
2323	16.0
2892	86.0
2406	1.0
1776	21.0
2573	18.0
2767	52.0
2295	24.0
937	36.0
1787	82.0
488	30.0
2712	46.0
2903	10.0
644	26.0
539	15.0
2436	38.0
1652	56.0
2055	4.0
1436	2.0
2761	12.0
1881	41.0
1898	30.0
1738	100.0
2189	26.0
230	14.0
105	n149913
212	70.0
292	39.0
1395	9.0
2053	13.0
451	18.0
1922	10.0
1211	2.0
715	9.0
2144	32.0
2991	40.0
283	3.0
1976	32.0
1705	17.0
1759	52.0
2947	49.0
1237	21.0
685	10.0
40	44.0
21	33.0
1076	11.0
349	3.0
2364	100.0
276	21.0
825	16.0
924	9.0
2937	22.0
1058	64.0
2693	15.0
912	7.0
184	42.0
1529	31.0
1139	5.0
2542	36.0
421	12.0
1100	36.0
2527	29.0
1170	24.0
1196	13.0
895	n8503758
1263	42.0
670	15.0
2432	39.0
385	5.0
2216	4.0
669	3.0
1522	23.0
2608	37.0
1172	23.0
413	98.0
574	94.0
199	17.0
83	7.0
118	9.0
2720	1.0
699	26.0
2889	57.0
2373	4.0
422	25.0
9	5.0
1519	43.0
2531	100.0
2948	20.0
55	46.0
1414	48.0
158	29.0
1563	27.0
2166	16.0
665	51.0
2699	16.0
1266	10.0
2664	19.0
2162	25.0
400	27.0
435	20.0
1287	18.0
1488	25.0
2763	19.0
1629	25.0
346	19.0
888	14.0
2964	44.0
2032	2.0
2603	35.0
305	11.0
239	45.0
3074	18.0
2921	34.0
579	72.0
1774	9.0
84	n8345394
1791	95.0
624	11.0
448	55.0
15	12.0
1547	2.0
2288	25.0
2197	9.0
985	17.0
914	39.0
70	n7970566
1106	37.0
3043	36.0
1970	13.0
2652	8.0
2340	23.0
124	23.0
656	31.0
2819	50.0
2628	4.0
1947	8.0
28	20.0
12	10.0
393	29.0
359	13.0
694	4.0
2075	6.0
101	25.0
2248	43.0
798	19.0
735	12.0
1069	24.0
3002	10.0
1755	23.0
2643	28.0
75	0.0
1762	34.0
2402	78.0
1109	19.0
1573	21.0
1903	22.0
2026	21.0
2015	39.0
2836	n6043401
1447	16.0
1937	40.0
626	52.0
2333	46.0
487	15.0
619	24.0
2198	59.0
2190	12.0
997	42.0
465	39.0
1233	52.0
1183	4.0
2752	19.0
801	32.0
1641	20.0
2114	20.0
2018	42.0
2308	52.0
19	6.0
2187	43.0
743	24.0
2786	3.0
692	32.0
2476	80.0
1538	18.0
2655	15.0
1342	38.0
2666	10.0
2102	33.0
1549	26.0
1789	16.0
2791	5.0
1455	0.0
2470	32.0
2837	86.0
2083	59.0
378	20.0
2397	4.0
2326	41.0
1279	73.0
2936	17.0
233	41.0
859	57.0
1966	17.0
680	36.0
2780	6.0
2890	30.0
1604	2.0
518	20.0
1119	9.0
1176	26.0
2943	2.0
2807	n5938122
1179	36.0
403	16.0
327	13.0
1706	24.0
150	22.0
2342	27.0
216	48.0
495	6.0
2867	16.0
452	26.0
1037	5.0
1251	16.0
240	54.0
1111	22.0
1144	89.0
1418	25.0
456	16.0
1993	15.0
1946	32.0
236	0.0
1121	4.0
1361	17.0
2909	0.0
53	4.0
2960	23.0
493	34.0
35	17.0
1684	29.0
1818	16.0
2027	8.0
2821	31.0
1444	21.0
2370	10.0
1049	0.0
2499	35.0
541	31.0
3036	15.0
68	46.0
177	6.0
1248	55.0
2770	n5794338
977	5.0
2990	6.0
650	6.0
2566	15.0
1859	26.0
1908	56.0
1712	n2268892
2572	2.0
1260	61.0
2301	26.0
2812	52.0
747	9.0
738	30.0
583	48.0
1079	14.0
1855	44.0
620	99.0
925	44.0
2296	36.0
1949	7.0
1666	1.0
1115	33.0
1558	12.0
891	15.0
1016	10.0
717	11.0
950	15.0
919	41.0
892	7.0
387	7.0
410	13.0
1591	26.0
3046	62.0
159	13.0
2327	35.0
3016	40.0
2393	33.0
1729	9.0
1082	17.0
2388	96.0
454	60.0
2348	19.0
384	15.0
194	37.0
520	53.0
2158	32.0
1090	7.0
773	7.0
72	20.0
102	22.0
2085	28.0
1553	19.0
1424	0.0
2878	31.0
1520	7.0
531	6.0
95	26.0
2200	20.0
427	33.0
1780	20.0
1643	28.0
860	18.0
2443	35.0
2581	6.0
2311	16.0
2408	8.0
2912	0.0
3001	57.0
2615	6.0
719	35.0
1735	n2337590
2146	14.0
1585	50.0
2744	0.0
41	15.0
634	21.0
991	30.0
2847	36.0
1038	21.0
363	17.0
29	8.0
2723	6.0
2747	2.0
1543	40.0
1742	19.0
1068	33.0
1649	17.0
2250	26.0
497	14.0
1471	16.0
2362	48.0
307	36.0
1476	29.0
770	60.0
484	40.0
1027	21.0
2691	9.0
1402	17.0
2315	22.0
1078	45.0
1283	22.0
2378	12.0
146	52.0
1497	29.0
1477	3.0
885	6.0
1680	26.0
2887	37.0
762	31.0
308	21.0
2883	36.0
1207	56.0
1954	5.0
1991	44.0
1032	24.0
2835	40.0
2796	17.0
303	50.0
2156	50.0
2454	13.0
2790	38.0
1599	88.0
2247	n4065934
1544	39.0
263	39.0
2922	28.0
1566	6.0
2068	n3423705
2610	54.0
1226	3.0
1572	23.0
1807	31.0
1588	13.0
1417	16.0
1104	56.0
2621	15.0
1481	22.0
126	9.0
3025	8.0
861	51.0
1267	1.0
2222	31.0
802	13.0
2907	8.0
2537	31.0
807	22.0
2422	13.0
2570	8.0
2702	15.0
2737	3.0
1752	14.0
1691	14.0
1710	17.0
1932	24.0
3059	14.0
3022	32.0
697	72.0
3040	43.0
1594	27.0
1574	17.0
1749	8.0
814	n8225728
2097	14.0
2460	39.0
782	9.0
2815	30.0
2727	20.0
640	22.0
730	12.0
2826	0.0
1915	35.0
1811	24.0
693	27.0
2957	19.0
706	36.0
1314	4.0
1300	11.0
2244	7.0
1209	36.0
2441	32.0
1587	23.0
3012	1.0
732	17.0
1656	48.0
85	n8388419
2558	1.0
739	9.0
1825	36.0
407	45.0
326	24.0
486	19.0
2775	26.0
1509	55.0
584	21.0
274	60.0
2185	1.0
2450	11.0
1986	19.0
1394	22.0
1673	57.0
2002	18.0
434	21.0
1442	22.0
2235	50.0
709	32.0
639	8.0
704	5.0
2281	11.0
2023	3.0
190	15.0
908	15.0
2657	11.0
881	7.0
2223	1.0
1912	5.0
2634	9.0
1440	7.0
2905	64.0
952	41.0
257	4.0
2795	2.0
186	38.0
1936	36.0
123	5.0
2684	31.0
375	29.0
2589	43.0
602	22.0
1698	17.0
2604	13.0
1833	29.0
1747	10.0
1891	37.0
323	36.0
1219	30.0
1457	21.0
551	10.0
907	n8536579
3037	34.0
1123	13.0
2518	16.0
1040	30.0
2101	57.0
1931	16.0
1959	36.0
2642	10.0
1092	41.0
2817	46.0
405	65.0
1098	18.0
2641	0.0
1255	12.0
2871	56.0
700	17.0
355	47.0
3033	1.0
1425	46.0
2400	6.0
862	8.0
2084	1.0
2787	34.0
523	17.0
281	44.0
933	35.0
1224	24.0
2985	31.0
2616	12.0
1274	41.0
876	18.0
3065	11.0
1667	97.0
1466	28.0
2768	7.0
388	30.0
2927	23.0
1451	69.0
795	3.0
2329	13.0
1480	7.0
1685	28.0
1164	9.0
165	5.0
2733	46.0
2141	31.0
705	24.0
1271	20.0
463	5.0
3000	59.0
1433	16.0
1985	32.0
898	19.0
48	25.0
2398	28.0
852	44.0
920	16.0
1318	4.0
171	41.0
2579	42.0
2496	26.0
1916	12.0
1077	61.0
248	28.0
1979	4.0
965	70.0
721	5.0
2153	24.0
3056	71.0
3058	1.0
2935	6.0
2372	46.0
2396	28.0
59	12.0
1568	15.0
1379	0.0
66	9.0
2898	13.0
2129	22.0
2290	14.0
1064	64.0
804	30.0
519	12.0
474	57.0
2269	5.0
1708	20.0
1386	4.0
1542	39.0
297	24.0
1619	12.0
1508	1.0
2058	33.0
2143	9.0
610	54.0
1365	41.0
2184	68.0
1700	34.0
1059	1.0
2563	9.0
2413	47.0
2951	42.0
61	19.0
2920	32.0
1658	38.0
946	52.0
104	n136051
211	22.0
3055	14.0
1041	50.0
2765	39.0
217	49.0
429	12.0
2126	76.0
2154	33.0
2385	11.0
121	39.0
237	5.0
1635	62.0
1270	13.0
2571	50.0
3009	21.0
467	48.0
1461	23.0
2003	0.0
445	23.0
1779	13.0
1235	67.0
2519	41.0
1620	20.0
2229	2.0
205	96.0
2211	31.0
696	12.0
2227	2.0
599	47.0
1396	9.0
858	29.0
615	86.0
1238	43.0
2352	34.0
1843	4.0
1184	33.0
1515	66.0
3017	16.0
498	33.0
1718	15.0
2636	62.0
1310	12.0
2024	34.0
1989	42.0
2065	46.0
2236	3.0
597	26.0
2598	7.0
1150	19.0
2686	7.0
1244	23.0
592	38.0
2994	14.0
1452	7.0
1863	21.0
3014	10.0
981	75.0
2551	41.0
280	44.0
517	41.0
2540	6.0
2447	21.0
880	37.0
1478	23.0
2743	34.0
1744	17.0
1590	10.0
2595	41.0
1003	11.0
2709	25.0
2437	14.0
2798	46.0
2070	10.0
3053	18.0
1459	43.0
938	27.0
2067	25.0
2639	60.0
2662	27.0
958	n8680769
2918	88.0
1832	4.0
2377	23.0
3041	n6702620
1024	13.0
1333	3.0
1707	48.0
2811	22.0
1146	9.0
1865	43.0
729	12.0
2550	18.0
878	3.0
2376	15.0
2626	14.0
459	25.0
629	24.0
1737	37.0
646	7.0
332	7.0
2076	19.0
2940	26.0
2199	29.0
1722	10.0
411	10.0
506	19.0
2575	33.0
2914	59.0
1163	25.0
1261	12.0
1988	16.0
1276	18.0
1198	55.0
1773	1.0
1506	26.0
1324	39.0
416	4.0
414	40.0
3062	46.0
245	6.0
622	23.0
2430	40.0
643	20.0
1265	23.0
2149	21.0
893	26.0
2668	3.0
2313	4.0
2054	48.0
220	14.0
1996	19.0
2105	65.0
1456	29.0
1360	34.0
1204	13.0
178	27.0
648	10.0
1650	31.0
1583	17.0
2962	47.0
2226	33.0
1646	26.0
26	32.0
901	16.0
1644	24.0
1701	27.0
1948	9.0
1675	21.0
2082	8.0
652	15.0
1868	0.0
2866	29.0
1848	14.0
293	8.0
1089	11.0
1453	44.0
2220	8.0
2331	73.0
1080	26.0
128	n872522
1290	14.0
344	11.0
1185	11.0
1493	18.0
65	45.0
1110	1.0
856	30.0
2256	15.0
2100	20.0
1745	49.0
260	52.0
1014	25.0
996	21.0
2196	20.0
357	41.0
496	18.0
1031	34.0
1799	42.0
1951	97.0
1348	0.0
2274	14.0
3042	21.0
1980	84.0
1443	35.0
871	59.0
1353	25.0
1655	22.0
604	57.0
294	3.0
1741	5.0
1955	0.0
2601	33.0
1116	47.0
2967	68.0
2872	53.0
1326	49.0
1760	21.0
1065	34.0
2863	29.0
1465	12.0
2293	18.0
2717	33.0
1350	14.0
1730	42.0
1450	2.0
60	6.0
1624	21.0
2654	34.0
1498	26.0
381	100.0
1840	29.0
2966	71.0
438	4.0
1337	47.0
2667	9.0
436	21.0
1688	15.0
1935	22.0
1107	5.0
1108	10.0
172	29.0
647	44.0
628	44.0
1969	51.0
155	30.0
339	11.0
115	34.0
2438	24.0
1892	15.0
2762	19.0
2631	5.0
2565	45.0
298	19.0
641	1.0
1155	5.0
543	35.0
2206	4.0
57	67.0
1312	70.0
2225	17.0
2825	13.0
2384	36.0
1697	25.0
714	7.0
886	19.0
2588	29.0
1768	n2450405
1677	21.0
447	52.0
1019	3.0
2487	23.0
667	7.0
2923	62.0
1562	38.0
1411	63.0
2231	29.0
833	100.0
2208	81.0
1616	27.0
2638	28.0
1377	27.0
2637	10.0
2753	24.0
2246	18.0
278	71.0
902	33.0
1758	6.0
290	40.0
1177	11.0
2764	29.0
736	n8059042
2283	87.0
960	13.0
392	18.0
2481	75.0
2501	16.0
5	28.0
2679	42.0
1567	32.0
2698	7.0
2382	24.0
86	0.0
679	100.0
850	18.0
2516	36.0
1727	0.0
2343	26.0
2688	73.0
1192	21.0
1438	55.0
2665	11.0
2421	29.0
2785	33.0
1763	37.0
2687	81.0
402	10.0
1073	14.0
821	6.0
1234	44.0
2427	7.0
2954	10.0
1872	43.0
1783	41.0
2624	27.0
218	30.0
687	22.0
2483	9.0
200	23.0
1403	39.0
1900	26.0
1964	31.0
187	12.0
642	20.0
1203	21.0
560	14.0
832	27.0
374	22.0
296	20.0
769	3.0
2243	27.0
183	21.0
576	13.0
2915	33.0
2294	38.0
1899	10.0
94	5.0
1622	24.0
287	3.0
1896	26.0
1827	16.0
2981	18.0
805	20.0
703	16.0
1057	27.0
707	46.0
139	15.0
2848	57.0
131	n937287
1648	32.0
757	12.0
2368	40.0
2938	62.0
106	n179874
6	n7933721
608	4.0
1009	1.0
2271	21.0
2576	58.0
2389	39.0
1199	1.0
808	14.0
195	0.0
2482	22.0
1421	27.0
851	22.0
1668	8.0
2458	16.0
636	11.0
1018	26.0
2635	17.0
752	44.0
588	71.0
2016	3.0
927	32.0
1409	19.0
1147	20.0
315	30.0
2618	29.0
613	5.0
2267	12.0
2623	13.0
853	10.0
2453	49.0
726	2.0
1550	100.0
2692	13.0
2277	16.0
163	21.0
1806	14.0
2445	8.0
1852	14.0
14	47.0
2379	41.0
1375	15.0
1626	51.0
1836	8.0
485	26.0
1990	23.0
2758	0.0
3085	100.0
522	9.0
2174	3.0
1181	19.0
1694	79.0
2494	7.0
62	16.0
442	2.0
1035	25.0
2399	39.0
479	17.0
1236	19.0
100	37.0
968	22.0
2578	73.0
3032	7.0
1815	20.0
2106	66.0
2547	54.0
601	67.0
897	15.0
340	26.0
2300	12.0
1627	55.0
532	30.0
156	25.0
987	35.0
2136	66.0
2440	25.0
1228	36.0
2175	21.0
1582	14.0
2103	24.0
2554	28.0
1844	14.0
1390	3.0
676	31.0
2139	14.0
1091	41.0
1793	8.0
1967	19.0
2932	13.0
2479	10.0
116	9.0
2584	22.0
1010	7.0
1909	32.0
1292	7.0
1875	22.0
1499	12.0
2150	10.0
18	5.0
2477	23.0
3070	29.0
2917	20.0
1901	7.0
2774	41.0
2797	37.0
2486	4.0
1005	31.0
2307	11.0
970	56.0
2530	47.0
291	19.0
2987	3.0
314	23.0
1281	48.0
377	0.0
252	17.0
666	n7808619
2529	85.0
755	16.0
702	4.0
1731	19.0
837	3.0
2395	35.0
1225	15.0
267	34.0
225	100.0
2510	72.0
1114	2.0
2407	48.0
2358	47.0
931	12.0
1711	3.0
930	n8606657
161	10.0
428	48.0
2504	6.0
822	34.0
1087	28.0
1837	22.0
54	39.0
1382	6.0
800	5.0
829	91.0
2232	2.0
210	26.0
2513	65.0
170	35.0
23	46.0
201	92.0
1096	94.0
1846	27.0
206	43.0
1812	20.0
1344	35.0
548	22.0
2442	2.0
1162	34.0
2142	7.0
87	11.0
3003	18.0
873	40.0
1331	19.0
3069	42.0
2217	80.0
2956	11.0
2304	13.0
545	19.0
598	1.0
2897	20.0
2700	16.0
2813	58.0
1919	39.0
596	3.0
1349	14.0
1033	39.0
2280	17.0
492	47.0
2888	9.0
988	13.0
689	13.0
2375	24.0
1430	42.0
1885	26.0
2473	98.0
2536	0.0
453	4.0
2004	24.0
2640	40.0
1835	15.0
632	9.0
229	27.0
1615	0.0
56	63.0
1392	7.0
386	14.0
918	51.0
2234	30.0
2497	40.0
1288	70.0
2224	15.0
916	31.0
395	35.0
466	5.0
1416	16.0
1165	16.0
1132	3.0
2625	1.0
1231	13.0
2219	2.0
285	50.0
928	23.0
1293	44.0
1743	15.0
1663	8.0
458	7.0
1823	14.0
877	31.0
2305	31.0
1354	1.0
1982	47.0
1923	39.0
1429	12.0
450	14.0
1118	35.0
1217	17.0
2360	41.0
824	16.0
1133	3.0
508	33.0
1028	32.0
213	58.0
1914	3.0
2170	54.0
558	93.0
1210	21.0
1472	25.0
2553	10.0
433	2.0
480	7.0
2533	59.0
1849	6.0
1961	38.0
1112	10.0
1422	42.0
2894	3.0
535	14.0
553	7.0
51	n7400221
1200	26.0
614	31.0
1415	14.0
973	5.0
117	18.0
1128	42.0
1208	36.0
1431	29.0
555	30.0
791	9.0
1246	2.0
1381	1.0
1642	16.0
1839	14.0
653	5.0
2	20.0
3024	83.0
1766	6.0
1404	26.0
336	83.0
2609	39.0
524	47.0
1555	52.0
30	100.0
2119	3.0
82	24.0
167	50.0
173	20.0
2123	32.0
242	45.0
1491	8.0
1732	33.0
1511	9.0
234	61.0
2456	24.0
2176	8.0
219	12.0
1252	28.0
2080	13.0
2167	5.0
780	99.0
2201	18.0
494	21.0
2569	7.0
834	51.0
1977	17.0
153	16.0
979	n8727291
529	11.0
2648	49.0
2607	15.0
2318	15.0
2359	17.0
318	9.0
528	14.0
320	1.0
1686	21.0
1888	2.0
2419	58.0
2619	100.0
1071	3.0
1665	39.0
2757	14.0
1664	17.0
367	29.0
313	39.0
2039	9.0
2459	n4787445
2877	12.0
1921	6.0
668	24.0
1173	22.0
779	22.0
1696	55.0
214	47.0
2884	62.0
1368	20.0
3018	29.0
789	5.0
674	4.0
677	34.0
1850	37.0
1070	19.0
2177	36.0
1295	73.0
1120	12.0
962	7.0
430	24.0
500	26.0
2257	71.0
994	25.0
1757	1.0
193	25.0
2042	8.0
2056	4.0
828	37.0
2901	21.0
2489	0.0
2194	2.0
1897	13.0
631	21.0
530	38.0
1275	11.0
1259	21.0
1733	30.0
198	13.0
1864	52.0
3034	10.0
2675	42.0
2725	33.0
1516	10.0
1661	30.0
406	5.0
2249	14.0
746	31.0
1369	1.0
720	28.0
2074	6.0
1692	50.0
540	12.0
725	39.0
1884	8.0
1407	16.0
2233	29.0
1819	14.0
1103	42.0
2188	16.0
1765	24.0
2809	1.0
2478	14.0
1504	29.0
2314	29.0
1221	9.0
1911	49.0
2806	86.0
2251	35.0
1653	12.0
2999	9.0
2818	13.0
1797	33.0
1294	15.0
2606	29.0
2846	1.0
2468	26.0
623	17.0
1159	10.0
1352	14.0
376	16.0
2462	39.0
1877	8.0
617	8.0
2778	68.0
1171	43.0
1660	88.0
3047	6.0
345	34.0
2264	14.0
845	11.0
243	24.0
2420	20.0
42	48.0
999	37.0
2428	9.0
1610	41.0
2213	10.0
1366	19.0
2659	13.0
1020	15.0
1072	7.0
2212	9.0
2284	60.0
331	10.0
1736	2.0
627	31.0
223	14.0
2585	13.0
2506	12.0
2911	21.0
2410	15.0
2109	3.0
1726	34.0
1105	19.0
2237	10.0
1987	3.0
1160	8.0
1926	31.0
2020	39.0
34	24.0
148	28.0
681	10.0
1289	15.0
788	33.0
990	25.0
2079	10.0
2831	16.0
2077	35.0
777	18.0
2620	22.0
2627	12.0
97	8.0
1803	31.0
1992	3.0
1895	37.0
2599	52.0
3	8.0
114	15.0
321	40.0
2721	37.0
1398	22.0
1890	25.0
764	n8118590
1761	41.0
309	44.0
2064	27.0
1371	37.0
337	20.0
2435	9.0
2899	17.0
279	9.0
2480	8.0
396	24.0
896	4.0
1086	30.0
2552	30.0
2275	35.0
1374	12.0
969	22.0
1127	26.0
2771	23.0
1391	4.0
659	35.0
1216	75.0
2946	n6441701
2446	38.0
503	32.0
2040	24.0
2838	14.0
258	100.0
2824	36.0
1258	30.0
817	40.0
2110	1.0
1454	1.0
1834	18.0
1904	20.0
2113	9.0
3077	49.0
1879	1.0
1479	27.0
1628	36.0
2404	15.0
2266	16.0
25	18.0
2133	15.0
1410	27.0
2270	9.0
169	33.0
2587	39.0
929	25.0
1756	32.0
2868	21.0
2057	50.0
612	28.0
947	13.0
765	14.0
2934	62.0
1117	17.0
744	5.0
443	18.0
1017	31.0
2782	70.0
299	44.0
1011	99.0
1612	6.0
1537	14.0
2241	1.0
865	38.0
1636	17.0
2852	5.0
4	6.0
593	13.0
663	5.0
2006	29.0
866	4.0
2309	11.0
2611	21.0
1925	42.0
2842	26.0
2509	33.0
1051	27.0
701	53.0
1983	3.0
1580	14.0
741	0.0
490	16.0
1613	42.0
462	25.0
1934	21.0
93	13.0
2030	55.0
1621	9.0
209	23.0
1137	12.0
2191	23.0
2910	37.0
1534	21.0
1625	18.0
649	4.0
1802	1.0
1939	18.0
383	9.0
2121	27.0
2745	90.0
2822	1.0
286	10.0
1647	19.0
1419	15.0
469	21.0
763	10.0
226	22.0
3078	26.0
1695	24.0
1463	11.0
2173	6.0
1345	30.0
24	30.0
306	21.0
2221	66.0
609	95.0
2970	49.0
2145	10.0
2183	2.0
1125	44.0
848	3.0
1062	23.0
1640	18.0
2423	8.0
1858	5.0
1614	27.0
325	54.0
1169	46.0
936	12.0
0	n283
1122	36.0
1373	19.0
2008	66.0
1805	26.0
67	12.0
727	6.0
1385	9.0
2457	14.0
2387	10.0
130	9.0
561	14.0
1913	21.0
113	4.0
951	19.0
904	9.0
2776	7.0
2135	17.0
2959	14.0
98	31.0
1518	33.0
942	23.0
917	62.0
2840	n6056345
1630	22.0
2417	11.0
1168	8.0
1124	29.0
2732	54.0
2933	9.0
2147	53.0
1927	34.0
2716	8.0
1262	18.0
635	55.0
449	76.0
638	8.0
818	5.0
2467	11.0
1380	23.0
2014	14.0
1704	8.0
2392	32.0
3075	26.0
191	1.0
882	18.0
1557	1.0
1304	6.0
71	n8004354
441	29.0
1552	43.0
2346	16.0
2861	3.0
275	30.0
1994	1.0
266	31.0
671	57.0
1672	5.0
718	4.0
926	27.0
174	14.0
1151	8.0
863	53.0
2279	33.0
661	34.0
1764	28.0
1699	n2207134
1145	1.0
2512	81.0
425	2.0
1632	n1922576
854	32.0
2653	1.0
43	20.0
527	24.0
654	30.0
1546	13.0
737	2.0
911	70.0
2380	11.0
2924	27.0
2834	67.0
1015	19.0
444	n7177315
1532	15.0
1633	2.0
2754	35.0
120	40.0
1940	28.0
1830	38.0
470	20.0
1659	3.0
2178	11.0
1213	13.0
1527	25.0
222	6.0
1197	5.0
3081	16.0
1034	14.0
1445	12.0
1291	84.0
2012	19.0
594	57.0
673	17.0
2092	23.0
1769	54.0
2354	14.0
3013	23.0
44	35.0
2590	33.0
2874	33.0
468	8.0
2503	14.0
3060	79.0
2876	87.0
2037	17.0
1004	14.0
515	56.0
1584	15.0
2347	18.0
2163	5.0
2448	43.0
2475	18.0
478	64.0
974	100.0
203	n3349443
2120	27.0
356	35.0
956	27.0
1426	1.0
2209	34.0
382	28.0
215	39.0
2602	2.0
2047	10.0
2168	n3735149
3010	14.0
2828	2.0
1539	9.0
1363	8.0
379	24.0
2099	8.0
272	46.0
244	23.0
1870	0.0
1968	25.0
471	50.0
1781	n2494073
189	12.0
827	20.0
2784	13.0
2169	73.0
1247	23.0
691	4.0
2792	26.0
2466	18.0
2088	27.0
483	8.0
1682	4.0
963	42.0
389	18.0
2253	40.0
1136	28.0
1536	47.0
1406	6.0
1997	40.0
1943	31.0
1678	17.0
984	14.0
713	61.0
273	23.0
695	12.0
889	72.0
2258	39.0
2433	27.0
1323	20.0
2214	13.0
2803	21.0
840	18.0
1269	35.0
1357	34.0
1397	21.0
424	11.0
672	13.0
2207	34.0
129	7.0
566	33.0
1126	21.0
2260	31.0
1448	13.0
563	39.0
1097	31.0
806	71.0
461	30.0
419	10.0
2773	4.0
1384	11.0
1272	12.0
2919	3.0
1174	2.0
1470	11.0
2461	42.0
2474	6.0
1399	1.0
611	40.0
1043	51.0
2864	12.0
1950	46.0
1938	11.0
794	23.0
698	5.0
2059	17.0
1709	36.0
2285	38.0
277	34.0
2751	35.0
304	35.0
2843	31.0
983	15.0
2324	1.0
812	59.0
2614	17.0
188	16.0
207	70.0
1081	3.0
1689	42.0
2455	16.0
2862	20.0
2095	27.0
2672	7.0
338	19.0
2769	4.0
1679	39.0
319	44.0
1441	14.0
2361	36.0
2613	23.0
1971	3.0
2418	20.0
1671	17.0
96	73.0
464	11.0
3031	3.0
2661	8.0
2880	3.0
1178	16.0
2916	22.0
2338	35.0
1589	29.0
2381	8.0
1400	42.0
1141	19.0
1945	26.0
658	19.0
759	6.0
2983	20.0
1952	12.0
2794	50.0
238	45.0
1241	27.0
302	48.0
1474	15.0
1670	10.0
521	35.0
2299	27.0
874	22.0
2010	12.0
1894	25.0
1828	25.0
1860	43.0
1485	0.0
2038	23.0
1389	12.0
1523	83.0
586	36.0
1330	36.0
22	19.0
2969	85.0
1301	16.0
1502	90.0
2035	3.0
1029	1.0
1325	25.0
3038	11.0
2860	43.0
1507	13.0
810	41.0
1464	21.0
1637	31.0
350	27.0
813	46.0
1083	8.0
17	19.0
3006	33.0
2756	15.0
2630	7.0
1240	4.0
1182	3.0
2546	1.0
1510	53.0
2394	24.0
2182	31.0
839	18.0
2854	37.0
1427	40.0
253	74.0
2282	14.0
940	50.0
371	40.0
1175	9.0
1514	72.0
151	19.0
879	21.0
510	100.0
900	16.0
978	32.0
1998	51.0
1296	5.0
939	16.0
2230	14.0
711	47.0
3026	34.0
1597	n1820400
2617	32.0
2245	21.0
1490	13.0
227	39.0
559	n7494290
2111	2.0
1874	12.0
953	28.0
1487	30.0
224	0.0
1581	30.0
502	10.0
2310	1.0
1013	10.0
899	13.0
941	10.0
1734	42.0
1886	31.0
606	20.0
261	30.0
1962	46.0
847	18.0
1305	14.0
986	27.0
58	14.0
2708	36.0
2676	2.0
1484	39.0
731	16.0
2879	16.0
2605	1.0
1025	19.0
322	6.0
202	32.0
1746	12.0
2159	91.0
1401	17.0
600	39.0
843	22.0
182	31.0
1286	36.0
2414	9.0
37	25.0
394	10.0
1002	41.0
47	18.0
166	30.0
1036	9.0
1782	23.0
179	2.0
2881	17.0
1458	19.0
1984	41.0
3030	33.0
1142	49.0
514	23.0
869	18.0
1575	61.0
135	4.0
2060	35.0
2321	57.0
3029	10.0
684	28.0
1513	12.0
1785	43.0
1517	31.0
2009	36.0
1571	33.0
1669	47.0
1021	0.0
2802	19.0
830	11.0
569	4.0
45	18.0
16	6.0
36	10.0
2021	19.0
1592	8.0
2287	8.0
1242	3.0
2524	11.0
1775	48.0
13	98.0
2472	15.0
1042	26.0
1486	69.0
2492	7.0
1548	52.0
2140	6.0
3061	23.0
686	84.0
2124	10.0
391	29.0
2532	75.0
1651	42.0
734	4.0
2062	100.0
2078	8.0
2574	37.0
2755	27.0
2034	36.0
192	29.0
439	11.0
2202	13.0
1721	15.0
507	36.0
76	22.0
2464	12.0
289	14.0
1754	4.0
724	37.0
2580	96.0
1367	26.0
567	14.0
2351	29.0
1810	38.0
221	57.0
39	58.0
870	32.0
1341	6.0
844	32.0
536	53.0
621	14.0
