ID	stem_raff_branch_len	ancestor_of_stem_raff_bran_len	dist2root	BP
131	0.529791	0.0191914	8	
979	0.492566	0.0757863	2	9
128	0.381905	0.0845373	2	2
958	0.238226	0.0819998	2	16
930	NA	NA	2	3
907	0.409588	0.0634993	2	20
895	0.226234	0.0507211	2	73
85	0.285229	0.0221209	5	
84	0.319147	0.000494037	9	
814	0.277505	0.042768	2	29
764	0.36472	0.11815	2	19
736	NA	NA	2	58
71	0.437971	0.156945	2	19
70	0.479298	0.0246492	6	
6	0.549582	2.62E-06	8	
666	0.674339	0.174382	2	36
559	0.472339	0.0854377	2	32
51	0.170268	0.0963659	2	32
444	0.206546	0.0928713	2	12
3086	0.354091	0.0524805	2	4
3041	0.369332	0.06511	2	25
2968	0.35571	0.0394919	5	100
2946	0.415091	0.0114778	3	63
2840	0.271544	0.0822632	3	98
2836	0.335184	0.0908739	5	66
2808	0.775663	0.0024707	4	
2807	0.225664	2.50E-06	11	
2800	0.177103	0.0268915	3	
2770	0.244054	0.0130982	8	
2500	0.323186	0.366896	2	21
2459	0.298177	0.0699693	2	39
2247	0.149473	0.117614	2	36
2168	0.455056	0.13706	2	29
2127	0.0616036	0.373327	2	72
203	0.563044	0.220582	2	21
0	0.365301	0.0546049	7	
185	0.334406	0.0383108	2	53
1781	0.368624	0.363509	2	39
1768	0.0636001	0.601508	2	63
1735	0.495939	0.149285	2	8
1712	0.360824	0.0679798	2	11
1699	0.1197	0.137255	2	28
1632	0.357313	0.0983173	2	19
1597	0.25503	0.0466194	2	52
258	0.340252	0.0493186	2	100
225	0.365551	0.0251283	2	100
381	0.313516	0.0479394	2	100
2619	0.287133	0.0312759	2	100
974	0.336855	0.0588254	2	100
833	0.32732	0.0367876	2	100
679	0.311446	0.0487765	2	100
1738	0.482894	0.0331744	3	100
2062	0.340536	0.0761228	3	100
2531	0.168281	0.355747	3	100
510	0.308109	0.0376655	2	100
2364	0.268841	1.14367	3	100
30	0.308401	0.0429046	2	100
1550	0.157423	0.0593184	5	100
3085	0.996635	0.064653	2	100
620	0.45824	0.0924775	2	99
780	0.287361	0.028684	2	99
1011	0.254669	0.0249739	2	99
13	0.461703	0.0294721	2	98
2473	NA	NA	2	98
413	0.353229	0.0529933	3	98
1667	0.37056	0.0397033	3	97
1951	0.222675	0.0211944	2	97
390	0.829598	0.0173564	4	97
2388	0.191179	0.0300327	3	96
2580	0.347906	0.0372717	3	96
205	0.259546	0.0193739	2	96
609	0.348842	0.0336053	2	95
1791	0.329061	0.0730289	3	95
1096	0.438333	0.0430096	3	94
574	0.497865	0.016052	3	94
558	0.300023	0.0656546	8	93
201	0.326873	0.0239279	3	92
1975	0.383037	0.17317	10	92
829	0.314079	0.0160654	5	91
2159	NA	NA	5	91
2745	0.360942	0.0489212	3	90
1502	0.193718	0.0399418	3	90
1144	0.439671	0.107231	10	89
1660	0.282294	0.036242	2	88
1599	NA	NA	3	88
1113	NA	NA	3	88
2918	0.229973	0.0278979	2	88
2283	0.55064	0.0739882	9	87
2876	0.266415	0.0302945	10	87
615	0.388756	0.0451332	3	86
2806	0.327734	0.0244969	3	86
2837	0.31063	0.036952	3	86
2892	0.211265	0.0211821	3	86
2529	0.312559	0.0716577	6	85
2969	0.343155	0.0376485	5	85
686	NA	NA	2	84
1980	0.903948	0.0559023	3	84
1291	0.228034	0.0307862	2	84
235	0.369533	0.046759	3	83
955	0.46718	0.0566075	3	83
336	0.27922	0.0144246	3	83
1523	0.213775	0.020139	3	83
3024	0.165086	0.0201325	4	83
334	0.254836	0.0190302	3	82
1787	0.440727	0.155962	8	82
2208	0.175571	0.0260826	3	81
2512	0.491464	0.0373142	3	81
1393	0.357863	0.0281035	9	81
2687	0.488932	0.0529617	7	81
2217	0.37564	0.125334	2	80
2476	0.210809	0.0502827	7	80
3060	0.253591	0.0296865	3	79
1694	0.421171	0.0211072	3	79
2402	NA	NA	8	78
449	0.280036	0.0169456	3	76
2126	0.36063	0.14904	3	76
2481	0.413052	0.0164765	3	75
981	NA	NA	7	75
1216	0.233418	0.0430934	7	75
1280	0.273888	0.0744752	6	75
2532	0.420484	0.150159	11	75
253	0.376615	0.0791152	7	74
2331	0.380508	0.16959	3	73
1279	0.403906	0.0161568	3	73
96	0.522832	0.0438449	9	73
2169	NA	NA	5	73
2578	0.316433	0.0273188	4	73
2688	0.21149	0.0774208	5	73
1295	NA	NA	4	73
889	0.304029	0.0455479	3	72
697	0.397629	0.0315294	2	72
2510	0.509754	0.0183	2	72
1514	0.527806	0.0258296	3	72
579	0.370071	0.0689506	7	72
3056	0.252164	0.0293224	3	71
278	0.385764	0.0125105	3	71
2257	0.407067	0.021046	3	71
588	NA	NA	7	71
806	0.199242	0.0180901	4	71
2966	0.223643	0.0298754	7	71
2782	0.290675	0.0168348	3	70
207	0.439309	0.0649464	6	70
212	0.384536	0.0471889	7	70
911	0.261084	0.029017	4	70
965	0.56005	0.0112691	5	70
1288	0.250635	0.0517779	3	70
1312	NA	NA	8	70
2215	0.177857	0.0292985	3	69
1486	0.509715	0.0388245	3	69
1451	0.479287	0.0956977	12	69
2184	0.193983	0.0459407	7	68
2778	0.248976	0.0432424	8	68
2967	0.287225	0.0259601	4	68
57	NA	NA	7	67
601	0.299465	0.065002	6	67
1235	0.191162	0.0680366	8	67
2834	0.641748	0.073186	9	67
1515	0.218649	0.0198281	4	66
2008	0.216128	0.0424155	6	66
2106	0.216253	0.0220422	8	66
2136	0.315458	0.0520188	7	66
2221	0.274701	0.0229052	6	66
2513	0.282477	0.0401242	3	65
405	0.311313	0.0376318	9	65
2105	0.390117	0.0249608	10	65
1058	0.461875	0.0329341	6	64
1064	NA	NA	5	64
2905	0.271	0.03048	8	64
478	0.212279	0.0164552	11	64
56	0.482504	0.06163	7	63
1411	0.287946	0.154996	4	63
2005	0.840798	0.0924734	6	63
917	NA	NA	6	62
1635	0.428719	0.0683054	7	62
2636	0.297591	0.0703943	6	62
2884	0.251884	0.0318817	4	62
2923	0.199729	0.0150657	4	62
2934	0.28725	0.118724	11	62
2938	0.326386	0.168064	10	62
3046	0.228046	0.017919	7	62
234	0.228707	0.0305177	6	61
713	0.481001	0.0380298	11	61
1077	0.274375	0.0386902	4	61
1260	0.268776	0.0287992	5	61
1575	0.191585	0.0348963	4	61
46	0.482633	0.0485552	4	61
2284	0.532305	0.0357441	3	60
274	0.298495	0.02061	9	60
454	0.315585	0.0141932	3	60
770	0.330382	0.0562031	7	60
2639	0.281359	0.0161971	6	60
812	0.472843	0.067607	3	59
2914	0.536268	0.0363319	3	59
871	0.338436	0.0397296	4	59
2068	0.4178	0.0077	3	59
2083	0.422169	0.0161061	8	59
2198	0.28591	0.0344236	8	59
2533	0.250865	0.0399874	4	59
3000	NA	NA	7	59
2813	0.717007	0.0141985	3	58
39	0.58843	0.0479019	8	58
213	0.219521	0.0169023	7	58
2419	0.154392	0.0201315	7	58
2576	NA	NA	3	58
3001	0.277327	0.0218554	3	57
221	0.347047	0.0372099	9	57
474	0.24045	0.0349338	8	57
594	0.325282	0.028042	5	57
604	0.288496	0.0260127	10	57
671	0.337045	0.0216482	5	57
781	0.471273	0.0904205	7	57
859	0.317171	0.0337692	7	57
1673	0.42427	0.034813	8	57
2321	0.302553	0.050625	5	57
2889	0.342088	0.0291042	6	57
2101	0.32577	0.0280454	9	57
2848	0.291006	0.0285845	10	57
1652	0.272966	0.030287	3	56
970	0.226172	0.0211161	3	56
1104	0.346219	0.0159364	3	56
1207	0.37491	0.0146447	6	56
1908	0.189486	0.0227872	5	56
2545	0.458614	0.015	5	56
2871	0.148976	0.042565	5	56
515	0.303468	0.029293	8	56
1627	0.342049	0.0576774	3	55
1696	0.475395	0.00562362	3	55
1509	0.350855	0.0368495	7	55
635	0.365525	0.0131476	3	55
1198	0.243105	0.0354964	6	55
1248	0.241839	0.0520142	8	55
1438	0.493275	0.0545054	9	55
2030	0.422196	0.0382606	9	55
448	0.424612	0.0707069	8	55
2170	0.646762	0.0373783	2	54
240	NA	NA	11	54
325	0.284903	0.0768104	7	54
610	0.487341	0.128543	9	54
1202	0.392709	0.0223882	9	54
1687	NA	NA	10	54
1769	0.646642	0.0141873	5	54
2547	0.458634	0.0149981	5	54
2610	0.312149	0.0300206	6	54
2732	0.244326	0.0257752	7	54
863	NA	NA	2	53
520	0.255107	0.0305961	9	53
536	0.367598	0.0350002	8	53
701	0.272893	0.0195578	9	53
1510	NA	NA	6	53
2147	0.501232	0.0307497	7	53
2872	0.147484	0.0554851	11	53
626	NA	NA	3	52
146	0.206014	0.0431381	7	52
260	0.596162	0.080233	4	52
447	0.531425	0.0523194	7	52
946	0.350599	0.0267525	7	52
1548	0.283079	0.0769689	8	52
1555	0.657498	0.0744569	8	52
1759	0.242943	0.0152204	7	52
1864	0.486489	0.0161702	5	52
2308	0.236457	0.0257492	7	52
2599	0.347502	0.0279622	8	52
2767	0.365774	0.0214823	4	52
2812	0.427545	0.0569716	6	52
1233	0.428456	0.0562264	3	52
861	0.413306	0.0148	2	51
665	0.499375	0.036413	8	51
834	0.88386	0.0408639	7	51
918	0.431473	0.0104126	5	51
1043	0.214256	0.0336792	5	51
1626	0.253123	0.0319418	5	51
1969	0.346619	0.0460798	8	51
1998	0.367639	0.0442872	5	51
167	0.475088	0.0333699	10	50
285	0.47486	0.0362559	5	50
303	0.20237	0.014601	7	50
471	0.330056	0.0305276	4	50
940	0.296886	0.0241035	7	50
1041	0.489029	0.036439	8	50
1692	0.357875	0.0298876	5	50
2057	0.237842	0.0358107	7	50
2156	0.486752	0.0320812	7	50
2235	0.255984	0.0363963	10	50
2571	0.28423	0.0443275	6	50
2794	0.295489	0.0336063	9	50
2819	0.373371	0.0222046	4	50
2845	0.544529	0.0373025	3	50
1585	0.317423	0.0731441	2	50
2453	0.248454	0.0295064	3	49
1326	0.385096	0.0370076	3	49
217	0.302368	0.0545404	9	49
1142	NA	NA	8	49
1745	0.992956	0.0142982	9	49
1911	0.417668	0.0484961	7	49
2648	0.477924	0.0299754	9	49
2947	0.371383	0.0221518	5	49
2970	0.516983	0.0495721	6	49
3077	0.36616	0.0563505	6	49
2362	0.249669	0.0144959	3	48
42	0.341313	0.0771671	6	48
302	0.562964	0.0952967	8	48
428	0.376625	0.0629096	10	48
467	NA	NA	9	48
583	0.389687	0.0241188	6	48
1281	0.342018	0.0336702	7	48
1414	0.401306	0.145585	8	48
1656	0.479463	0.0548842	11	48
1707	0.273483	0.0287776	8	48
1775	0.250224	0.0153136	6	48
2054	0.366474	0.0576034	11	48
2407	0.20528	0.136166	9	48
216	0.404516	0.00917876	10	48
2413	0.268807	0.0217483	3	47
14	0.286192	0.0327209	6	47
214	0.360964	0.0250572	5	47
492	0.403304	0.0894826	8	47
524	0.531717	0.0504759	7	47
711	NA	NA	7	47
1116	0.405614	0.0574054	9	47
1337	0.465072	0.0500041	7	47
1669	0.220638	0.0716039	7	47
1982	0.191823	0.0136182	5	47
2358	0.244222	0.0396665	7	47
355	0.403399	0.0068206	4	47
1536	0.228302	0.0498707	10	47
599	0.456891	0.0387938	8	47
2530	0.200523	0.0634585	7	47
2962	0.279103	0.0520179	5	47
23	0.294304	0.0379141	3	46
55	NA	NA	7	46
68	0.372356	0.0599518	9	46
272	NA	NA	8	46
662	0.204453	0.0171487	7	46
707	0.686609	0.0545855	7	46
813	0.45716	0.0740812	7	46
1169	0.308659	0.0334911	5	46
1425	0.373021	0.0504369	8	46
1950	0.307157	0.0228792	6	46
1962	0.0657104	0.467229	9	46
2065	0.440688	0.0243876	9	46
2333	0.728704	0.0226201	8	46
2372	0.351668	0.0215362	8	46
2712	0.274382	0.0345973	3	46
2733	0.489651	0.0372786	8	46
2798	0.335436	0.0568301	5	46
3062	0.479788	0.0736543	8	46
1861	0.166785	0.0247575	7	46
2817	NA	NA	9	46
65	0.239252	0.0224304	8	45
145	0.227343	0.0165155	5	45
238	0.474963	0.0203744	7	45
242	0.281643	0.0142867	9	45
399	0.408261	0.0530442	4	45
407	0.462028	0.0261511	8	45
509	0.523493	0.0334781	9	45
1078	0.303733	0.0436393	7	45
2565	0.677929	0.135872	7	45
2850	0.261532	0.0334876	4	45
239	0.203916	0.0452513	8	45
647	0.278738	0.0235694	3	44
2252	0.409935	0.0150469	2	44
852	0.246222	0.0187806	3	44
40	0.269167	0.0190058	7	44
280	0.24454	0.0314813	4	44
281	0.310053	0.0596407	5	44
309	0.439052	0.0558534	8	44
319	0.236828	0.0364904	5	44
628	0.349145	0.0791853	4	44
752	0.293904	0.0363667	5	44
925	0.418486	0.071105	7	44
1125	0.304002	0.0142466	6	44
1234	0.267893	0.0290352	7	44
1293	0.391518	0.0526712	8	44
1453	0.278176	0.0437218	4	44
1855	0.175957	0.0256527	4	44
1991	0.427243	0.0214072	6	44
2964	0.158487	0.0105953	7	44
299	0.495614	0.0184222	2	44
2248	0.367621	0.023297	2	43
206	6.98266	0.152618	8	43
1171	0.22291	0.0405204	5	43
1238	0.323143	0.0351779	6	43
1459	0.586871	0.00511322	10	43
1519	0.352108	0.0325452	3	43
1552	NA	NA	7	43
1785	0.314493	0.0230074	7	43
1860	0.25505	0.0086893	5	43
1865	0.19878	0.0139504	6	43
1872	0.313638	0.198656	3	43
2187	0.190886	0.016626	9	43
2268	0.32256	0.0333021	12	43
2448	0.349336	0.0117689	3	43
2589	0.19304	0.0900531	10	43
3040	0.319306	0.0460973	7	43
2860	NA	NA	3	43
184	0.347204	0.0390845	6	42
997	0.296562	0.0576954	5	42
1103	0.40562	0.0210792	9	42
1128	0.322526	0.0174696	4	42
1263	0.282881	0.0615785	5	42
1400	0.423804	0.0344953	8	42
1422	0.461288	0.0368427	4	42
1430	0.382474	0.0417243	7	42
1613	0.451968	0.0440202	8	42
1651	NA	NA	7	42
1689	0.355962	0.0417833	8	42
1730	0.505772	0.0481083	7	42
1734	0.246544	0.0463946	6	42
1799	0.235405	0.0173596	9	42
1925	0.334743	0.0127132	6	42
1989	0.254341	0.0310962	7	42
2018	0.237145	0.0144819	11	42
2461	0.343637	0.0424429	5	42
2579	0.362233	0.0491245	7	42
2675	0.323725	0.0404143	7	42
2679	0.33669	0.0251288	12	42
3069	0.375774	0.102713	10	42
963	0.278478	0.0847646	5	42
2951	0.428844	0.0102031	5	42
565	0.222826	0.0233842	3	41
171	0.407699	0.0493588	7	41
233	0.238944	0.015974	9	41
357	NA	NA	6	41
919	0.676245	0.0744511	6	41
1091	0.446838	0.0204478	7	41
1092	0.339929	0.0466217	6	41
1274	NA	NA	12	41
1365	0.422804	0.0481703	6	41
1533	0.449044	0.0716183	10	41
1610	0.449308	0.0254563	4	41
1761	NA	NA	5	41
1783	NA	NA	7	41
1881	0.492289	0.0183333	8	41
1984	0.154165	0.039154	8	41
2326	0.436807	0.0931983	8	41
2379	0.378035	0.0665512	7	41
2551	0.247515	0.0171381	7	41
2595	0.211986	0.0266709	10	41
2774	0.326903	0.0122754	6	41
952	0.340482	0.00488341	3	41
2360	0.442412	0.0146035	4	41
1002	0.608135	0.0342474	5	41
517	0.203866	0.0325433	8	41
810	0.370696	0.0214903	5	41
2519	0.382494	0.030001	5	41
873	0.330741	0.0253617	3	40
120	0.479041	0.0311932	4	40
290	0.239901	0.0119241	5	40
321	0.462596	0.011542	7	40
371	0.282561	0.0635099	7	40
414	0.591815	0.0625812	8	40
484	NA	NA	11	40
611	0.548802	0.032648	6	40
817	0.289199	0.00980098	7	40
1427	0.329324	0.0304168	10	40
1543	0.488975	0.0554546	3	40
1997	0.20954	0.0247105	8	40
2253	0.640211	0.0403066	10	40
2368	0.179239	0.0125961	10	40
2430	0.397078	0.0469636	9	40
2640	0.430872	0.0305103	6	40
2835	1.29433	0.0426959	6	40
2991	0.179085	0.0399336	8	40
3016	0.486186	0.0153075	3	40
2497	0.259269	0.0237366	8	40
1937	0.345727	0.036857	7	40
2462	0.200884	0.0274581	3	39
54	0.306986	0.0365051	12	39
121	0.464694	0.0207453	4	39
215	0.310914	0.0168706	6	39
227	0.366334	0.0131197	6	39
263	0.424495	0.0188317	6	39
292	0.194027	0.0487871	8	39
313	0.222731	0.0106649	4	39
465	0.372523	0.0208379	7	39
563	0.436018	0.0727606	8	39
600	0.41804	0.0532114	10	39
725	0.480922	0.0362859	5	39
831	0.253747	0.0301223	4	39
914	0.299436	0.00942162	7	39
1033	0.506589	0.0296877	8	39
1324	0.340349	0.0514568	9	39
1403	0.394905	0.0595613	3	39
1484	0.340269	0.049889	10	39
1542	0.426242	0.0426029	8	39
1544	0.431612	0.0344936	5	39
1665	0.227493	0.0294053	10	39
1679	0.423477	0.0348791	4	39
1919	0.791153	0.0349753	3	39
2015	0.361561	0.0236831	10	39
2020	NA	NA	10	39
2258	0.362096	0.0323784	4	39
2286	0.219266	0.0173419	9	39
2389	NA	NA	6	39
2399	0.367211	0.0215756	6	39
2432	0.203371	0.037855	6	39
2460	0.405	0.0134652	8	39
2587	0.326882	0.0206986	7	39
2765	0.335976	0.0272153	5	39
2941	0.338161	0.0365467	9	39
3020	0.466302	0.0548004	8	39
2609	0.382969	0.0378403	3	39
1923	NA	NA	5	39
758	NA	NA	6	38
1961	0.400311	0.0262525	3	38
186	0.241687	0.05412	6	38
530	0.199509	0.0130936	7	38
592	0.339429	0.018651	5	38
797	0.311361	0.0333386	9	38
865	NA	NA	7	38
1342	0.328222	0.0198739	4	38
1562	NA	NA	5	38
1658	0.561915	0.0150814	7	38
1810	0.342508	0.0274211	9	38
1830	0.618946	0.00813302	5	38
2285	0.441351	0.0163528	10	38
2294	NA	NA	5	38
2436	0.327018	0.0232137	5	38
2446	0.452979	0.054239	7	38
2790	0.232278	0.0150315	6	38
100	0.264833	0.018435	7	37
194	0.387226	0.0204186	5	37
657	0.144717	0.0673713	8	37
724	0.292174	0.00837675	5	37
828	0.267	0.00812505	9	37
880	0.589188	0.00893925	10	37
999	0.229261	0.0206094	6	37
1106	0.447029	0.0311706	9	37
1371	0.274575	0.07585	10	37
1737	0.359474	0.0227493	4	37
1850	0.561774	0.0271581	4	37
1891	0.383506	0.0263111	7	37
1895	0.575504	0.0390234	7	37
2574	0.286294	0.0138709	7	37
2586	NA	NA	6	37
2608	0.378813	0.0542489	8	37
2721	0.200672	0.0125779	4	37
2797	0.171307	0.0891893	9	37
2854	0.398846	0.0141365	6	37
2887	0.290561	0.0166013	8	37
2910	0.276593	0.072228	10	37
1763	0.592189	0.0543456	8	37
73	0.347426	0.012104	4	36
323	0.435538	0.0297207	6	36
507	0.547605	0.0287815	6	36
586	0.200422	0.0108578	6	36
680	0.370845	0.0650556	9	36
706	0.403886	0.0252252	10	36
937	NA	NA	4	36
1100	0.278162	0.0227924	7	36
1122	0.48604	0.00646827	6	36
1179	0.417797	0.0407313	5	36
1208	0.428085	0.0213398	5	36
1286	0.304002	0.0380831	7	36
1330	0.147837	0.0139624	9	36
1628	0.25697	0.0434014	7	36
1709	0.637611	0.0473044	5	36
1825	0.623353	0.063049	6	36
1936	0.363366	0.0217383	9	36
1959	0.513429	0.0229855	5	36
2009	0.18874	0.0161951	5	36
2034	0.658705	0.0127428	8	36
2177	0.261497	0.043417	8	36
2361	0.280591	0.0207451	8	36
2384	NA	NA	9	36
2516	0.227058	0.0287096	3	36
2542	0.303669	0.0100061	8	36
2708	0.290222	0.0203093	6	36
2824	0.231195	0.024052	10	36
2847	0.428239	0.0190299	7	36
2883	0.26025	0.00791933	9	36
3043	0.42997	0.0807262	6	36
2296	0.403453	0.0148123	5	36
307	0.336737	0.0305228	5	36
1209	0.348503	0.0165176	4	36
1228	0.360958	0.0238536	6	36
2754	0.215687	0.0166309	3	35
356	0.356722	0.0364086	3	35
44	0.39485	0.01222	7	35
170	0.315496	0.0334198	3	35
304	0.300098	0.0172664	6	35
395	0.291844	0.0366313	7	35
521	0.280448	0.0313079	6	35
543	0.449572	0.00654375	6	35
659	0.327379	0.0373891	6	35
719	0.839738	0.0261448	5	35
933	0.395154	0.0153167	4	35
987	0.265171	0.0341072	8	35
1118	0.267633	0.0323895	5	35
1269	0.795862	0.0356523	11	35
1344	0.2203	0.00614697	7	35
1443	0.256214	0.0241995	9	35
1915	0.522984	0.0671692	9	35
2060	NA	NA	4	35
2077	NA	NA	6	35
2251	0.392623	0.018521	10	35
2275	0.225735	0.0172976	8	35
2327	0.201665	0.0625109	7	35
2395	0.319155	0.0247607	6	35
2443	0.282401	0.0146332	3	35
2499	0.523398	0.0187878	5	35
2603	0.404204	0.0193072	10	35
2751	0.202353	0.027276	8	35
2338	NA	NA	6	35
115	0.209805	0.0218716	6	34
204	0.380787	0.0456951	6	34
267	0.203018	0.0156701	7	34
277	0.26554	0.0247773	9	34
345	0.319796	0.00864858	10	34
493	0.315852	0.034763	8	34
661	0.306892	0.029248	7	34
677	0.50075	0.0106375	5	34
822	0.406004	0.0350859	3	34
1031	0.525666	0.036206	6	34
1065	0.545962	0.0781073	7	34
1162	0.370351	0.013593	6	34
1357	0.363121	0.0887134	7	34
1360	0.276957	0.035428	5	34
1700	0.280215	0.0196704	8	34
1726	0.408613	0.0261005	6	34
1762	0.361302	0.0528114	7	34
1927	0.289893	0.0551434	7	34
2024	0.382293	0.0195693	7	34
2207	0.516861	0.0281511	6	34
2209	0.541979	0.0280799	8	34
2352	0.374096	0.0206999	6	34
2374	0.243121	0.0248878	4	34
2654	0.830584	0.00486589	8	34
2743	0.31763	0.024997	11	34
2787	0.5163	0.0139706	6	34
2921	0.222403	0.0441684	7	34
3026	0.327921	0.0187636	5	34
3037	0.505803	0.0570389	7	34
2759	0.287094	0.0154952	3	33
21	2.99E-06	0.0368343	6	33
169	0.309568	0.0123805	5	33
498	0.255882	0.0161284	7	33
508	0.453167	0.00800687	6	33
566	0.254068	0.0355868	5	33
682	0.556231	0.0301304	6	33
788	0.281314	0.00572181	6	33
902	0.364804	0.0321554	6	33
1068	NA	NA	7	33
1115	0.252665	0.0474431	6	33
1184	0.881631	0.0564864	8	33
1412	0.491537	0.0188263	7	33
1518	0.366624	0.0256629	6	33
1571	0.303299	0.0291051	8	33
1732	0.176167	0.0164054	5	33
1797	0.361327	0.0138361	5	33
2058	0.247036	0.0182268	5	33
2102	0.196593	0.00725129	7	33
2154	0.363869	0.0116441	4	33
2179	0.25366	0.108961	8	33
2226	0.341689	0.0291926	9	33
2279	0.27715	0.0238248	5	33
2393	0.214078	0.0155333	7	33
2490	0.469399	0.0247791	9	33
2509	NA	NA	5	33
2575	0.313354	0.0173883	10	33
2590	0.286833	0.0157459	10	33
2601	0.201663	0.0380199	5	33
2717	0.460508	0.0249628	5	33
2725	NA	NA	8	33
2785	0.995807	0.0146514	7	33
2874	0.264948	0.00880435	6	33
2915	0.193218	0.0311611	8	33
3006	0.282232	0.0220172	9	33
3030	0.337896	0.0338613	9	33
427	0.527703	0.0733791	4	33
547	0.51318	0.00734063	4	32
26	0.294798	0.0689066	9	32
202	0.319833	0.0132775	4	32
503	0.385227	0.032688	6	32
645	0.20689	0.0384459	8	32
692	0.301932	0.0442482	8	32
709	0.256323	0.0175111	6	32
801	0.12347	0.0306116	6	32
844	0.401419	0.0527524	13	32
854	0.462192	0.0229844	7	32
870	0.514764	0.0330942	8	32
927	0.326523	0.0229599	9	32
978	0.287969	0.0281521	6	32
1028	0.625432	0.0376218	7	32
1460	0.278529	0.0144906	8	32
1567	0.27326	0.00992311	9	32
1648	0.364346	0.0134477	11	32
1756	0.460765	0.0390646	6	32
1771	0.304399	0.0221798	8	32
1909	0.290868	0.0122016	8	32
1946	0.383971	0.0715131	9	32
1976	0.422345	0.0579189	6	32
1985	0.409712	0.0368923	9	32
2123	0.447952	0.0258101	6	32
2144	0.311833	0.0286993	10	32
2158	0.36253	0.0355697	9	32
2392	0.356002	0.0279988	6	32
2441	0.321855	0.0255989	9	32
2470	0.185108	0.0220339	6	32
2617	0.61859	0.0743156	8	32
2920	0.356965	0.0213154	9	32
3022	0.150925	0.00444542	5	32
2985	0.47818	0.00665142	3	31
98	0.383952	0.0116353	6	31
182	0.393861	0.0133296	7	31
266	0.44347	0.0323788	6	31
404	0.381521	0.0302962	7	31
412	0.760207	0.0101237	9	31
614	0.533484	0.051019	10	31
627	NA	NA	10	31
656	0.536698	0.0159314	10	31
676	0.277961	0.0202934	7	31
746	0.194242	0.0222896	3	31
762	0.362553	0.0135823	8	31
916	0.364259	0.0375655	7	31
1005	0.31654	0.0180673	7	31
1017	0.298396	0.0182895	5	31
1097	0.646801	0.00363525	8	31
1517	0.560624	0.0252876	9	31
1637	0.240765	0.0406705	8	31
1650	0.376872	0.0448757	9	31
1803	0.265284	0.0212637	10	31
1807	0.277778	0.00939673	7	31
1926	0.370952	0.0186774	8	31
1943	0.277191	0.018696	6	31
1964	0.216279	0.0216728	5	31
2141	0.694685	0.0484837	6	31
2165	0.255892	0.0166861	9	31
2182	0.407085	0.0157334	6	31
2211	0.419545	0.0262814	8	31
2260	0.236998	0.0147443	8	31
2537	0.419009	0.0292028	6	31
2684	0.289047	0.0257267	5	31
2821	0.448938	0.0719495	7	31
2843	0.319757	0.0302209	11	31
2878	0.642817	0.010981	14	31
1886	0.380634	0.0299827	5	31
877	0.380789	0.00803942	9	31
2305	0.325942	0.0115883	5	31
541	0.375398	0.0109718	3	31
1529	0.241695	0.0348527	9	31
2222	0.541386	0.0565913	6	31
24	0.475878	0.0202903	8	30
155	0.332039	0.0188184	9	30
166	0.690334	0.059497	5	30
218	0.341009	0.0245456	9	30
261	0.381644	0.0650185	10	30
275	0.183726	0.0158171	7	30
388	0.364218	0.0559646	7	30
461	NA	NA	7	30
488	0.296815	0.0174058	8	30
532	0.251627	0.0401058	6	30
555	0.252802	0.0148972	9	30
654	0.388622	0.0237641	5	30
738	0.549142	0.0266966	6	30
804	0.371344	0.0808435	3	30
856	0.240061	0.0154795	7	30
991	0.254157	0.0307516	9	30
1000	0.360501	0.0160099	5	30
1040	0.236733	0.0168277	6	30
1086	0.290311	0.00828832	9	30
1219	0.35235	0.0385284	9	30
1345	0.401663	0.0345595	6	30
1487	0.279495	0.0333525	7	30
1581	0.366004	0.0279806	10	30
1661	0.711044	0.019472	8	30
1733	0.288094	0.0202256	7	30
1898	0.319064	0.0237404	9	30
2234	0.242495	0.0188656	5	30
2552	0.315322	0.0541899	6	30
315	0.319498	0.0385125	3	30
2815	0.387328	0.0106517	5	30
1258	0.261379	0.0189641	3	30
2890	0.474324	0.0305552	9	30
158	0.496786	0.0183993	8	29
172	0.85737	0.0840894	10	29
192	0.329931	0.0306099	7	29
367	0.36853	0.0102947	5	29
375	0.169597	0.026081	6	29
393	0.347969	0.0127486	9	29
441	0.329644	0.0269837	8	29
858	0.401515	0.025513	8	29
1044	0.364266	0.0312693	9	29
1124	0.241975	0.0154991	8	29
1431	0.260572	0.0331997	5	29
1456	0.388804	0.0219249	7	29
1476	0.379281	0.0811277	7	29
1497	0.292381	0.0752797	7	29
1504	NA	NA	8	29
1589	0.593019	0.00453654	6	29
1713	NA	NA	6	29
1833	0.747568	0.00934918	7	29
1840	0.3682	0.0198036	9	29
2006	0.273217	0.0143075	8	29
2199	0.329538	0.0161448	9	29
2231	0.359214	0.0239152	8	29
2233	0.313557	0.0137509	7	29
2314	0.697791	0.0220661	14	29
2351	0.3723	0.0219852	7	29
2425	0.183774	0.00645359	5	29
2527	0.3117	0.0266833	4	29
2588	0.35101	0.0312737	9	29
2606	0.24448	0.0180629	10	29
2618	NA	NA	10	29
2764	0.223951	0.0104953	7	29
2863	0.298907	0.0132008	7	29
2866	0.376051	0.0154045	8	29
3018	0.280517	0.0111892	7	29
3070	0.595512	0.130649	5	29
391	0.249235	0.0225126	7	29
2421	0.373994	0.00953315	3	29
1684	0.170643	0.0308847	9	29
2554	0.39217	0.0287053	3	28
684	0.297616	0.0363408	3	28
5	0.306139	0.0460427	4	28
148	NA	NA	5	28
248	0.354388	0.0206621	3	28
382	NA	NA	5	28
612	0.455082	0.0431554	5	28
720	0.392681	0.0100575	6	28
910	0.449884	0.0340512	8	28
953	0.404105	0.0083469	7	28
1087	0.399584	0.0114845	8	28
1252	0.760502	0.0469624	6	28
1466	0.335712	0.0153499	8	28
1643	0.371839	0.0338015	6	28
1685	0.433837	0.0196837	8	28
1764	0.240298	0.035287	8	28
1940	0.528972	0.0485799	8	28
2396	0.322695	0.0416383	5	28
2398	0.301646	0.0547794	5	28
2523	NA	NA	6	28
2638	0.545886	0.0463516	10	28
2643	0.231905	0.00790019	7	28
2669	0.226484	0.0575047	9	28
2922	0.662456	0.0361044	6	28
1136	0.356362	0.00558861	6	28
2085	0.467828	0.0216442	12	28
178	0.447129	0.0205642	5	27
229	0.393421	0.0137286	8	27
350	0.575916	0.00732844	6	27
400	0.460472	0.0124516	4	27
418	0.510239	0.0214719	10	27
693	0.274397	0.0128385	6	27
832	0.362947	0.0365444	6	27
926	0.299141	0.0226542	11	27
938	0.236436	0.0131032	3	27
956	0.229904	0.00964386	7	27
986	0.36058	0.0209238	12	27
1051	0.186536	0.0521796	9	27
1057	0.495208	0.00370963	7	27
1101	0.399824	0.0351094	5	27
1241	0.213991	0.0335795	6	27
1243	0.347231	0.0180396	7	27
1249	0.263878	0.0376164	6	27
1377	0.949237	0.0444534	4	27
1410	0.36159	0.0200192	9	27
1421	0.317498	0.0382345	5	27
1479	0.266228	0.0218356	6	27
1594	NA	NA	8	27
1614	0.265412	0.0187395	8	27
1616	0.349757	0.0172389	3	27
1701	0.270265	0.0135928	6	27
1846	0.332776	0.0217673	7	27
2064	0.234429	0.0284468	9	27
2088	0.232909	0.0567361	5	27
2095	0.220902	0.0149384	7	27
2120	0.731828	0.0299447	6	27
2121	0.264571	0.0283324	5	27
2243	0.295818	0.000788965	6	27
2299	0.261599	0.0251464	9	27
2342	0.493329	0.0134189	8	27
2433	1.00705	0.00456755	5	27
2624	0.247346	0.0157294	10	27
2662	0.667078	0.00365786	7	27
2755	0.361993	0.0295253	8	27
2924	0.425558	0.0179341	7	27
1563	0.512533	0.0113563	6	27
2104	0.233898	0.0350981	7	27
81	0.40232	0.0116362	5	26
95	0.426057	0.0296853	8	26
210	0.330329	2.50E-06	7	26
340	0.539804	0.0886788	5	26
452	0.331071	0.0173345	9	26
485	0.269217	0.00903805	6	26
500	0.378117	0.0328651	7	26
597	0.245441	0.0447202	8	26
644	0.51931	0.0340084	7	26
699	0.211382	0.0477577	10	26
893	0.369106	0.00400193	8	26
1018	NA	NA	8	26
1042	0.464643	0.0317937	8	26
1080	0.373195	0.0156127	8	26
1127	0.302956	0.0352532	8	26
1176	0.403378	0.0101075	7	26
1200	0.198452	0.0248167	5	26
1494	0.361261	0.0148521	9	26
1498	0.552286	0.0181515	9	26
1506	0.228742	0.0158552	7	26
1591	0.748933	0.0176387	8	26
1680	NA	NA	9	26
1693	0.511718	0.0189007	6	26
1805	0.219108	0.0226706	5	26
1885	0.231927	0.00702622	10	26
1896	0.393589	0.0206533	6	26
1900	0.243504	0.0339214	5	26
1945	0.439186	0.0237722	9	26
2189	0.35478	0.0316056	7	26
2250	0.199795	0.0164033	7	26
2273	0.596579	0.00751575	9	26
2301	0.333688	0.0247401	8	26
2343	0.387672	0.0254498	10	26
2496	NA	NA	6	26
2775	0.40238	0.0153559	6	26
2842	0.320273	0.0242827	9	26
2904	0.263734	0.00848725	5	26
2940	0.266055	0.0266728	4	26
3075	0.312799	0.0153895	7	26
3078	0.308844	0.0388709	6	26
1549	0.390285	0.00410213	6	26
1404	0.426991	0.0379155	7	26
1646	0.400964	0.00611018	3	26
1367	0.290752	0.0168369	7	26
1859	0.595467	0.0177187	6	26
2468	0.548883	0.0236312	6	26
2792	0.231734	0.0306759	9	26
101	0.532737	0.00615217	3	25
37	0.332749	0.0206447	4	25
48	0.432488	0.015078	6	25
156	0.238365	0.039261	7	25
193	0.356064	0.0206228	7	25
366	0.203963	0.0098131	7	25
422	0.269441	0.0277679	5	25
459	NA	NA	6	25
462	0.503525	0.069626	8	25
799	0.297468	0.00857301	6	25
929	0.400327	0.059144	8	25
990	NA	NA	6	25
1014	0.586076	0.0480776	9	25
1134	0.279979	0.0252719	6	25
1163	0.772716	0.014863	6	25
1325	0.505997	0.0140119	10	25
1418	NA	NA	8	25
1472	0.578413	0.0127206	5	25
1488	0.485024	0.0031764	7	25
1527	0.641688	0.00894289	7	25
1629	0.223787	0.0248953	9	25
1697	0.285763	0.0109815	8	25
1828	0.247672	0.00774993	5	25
1890	0.339185	0.0388988	4	25
1894	0.437489	0.0239937	9	25
1968	0.363728	0.0329302	9	25
2067	0.217742	0.0335629	8	25
2162	0.348366	0.0379589	3	25
2288	0.367175	0.0107137	7	25
2440	0.179342	0.0241961	13	25
2709	0.295497	0.0200232	3	25
994	0.422559	0.0232934	3	25
1035	0.513927	0.0106034	8	25
1353	0.375519	0.011231	6	25
34	0.30607	0.0328581	6	24
82	0.155889	0.00532132	7	24
152	0.732646	0.0601782	9	24
297	0.329906	0.0112158	5	24
379	0.344877	0.0285334	8	24
396	0.41512	0.0145137	8	24
401	0.25097	0.0349481	8	24
430	0.706152	0.00567009	7	24
619	0.291194	0.0286227	8	24
629	0.458389	0.0370671	5	24
668	0.37643	0.0125668	6	24
705	0.324884	0.00131835	5	24
743	0.313644	0.0261531	6	24
803	0.261951	0.0243287	8	24
1032	0.265292	0.0946339	7	24
1170	0.449227	0.011312	7	24
1224	0.295368	0.00881911	8	24
1622	0.274446	0.042917	5	24
1644	0.396291	0.0193989	8	24
1695	0.305092	0.0207595	6	24
1706	0.307725	0.0145256	5	24
1811	0.282361	0.0205043	5	24
2004	0.473964	0.0398157	7	24
2040	0.229674	0.0243648	3	24
2103	0.486058	0.019106	4	24
2153	0.123719	0.0217535	4	24
2295	0.383136	0.0406402	9	24
2375	0.291233	0.0244692	6	24
2394	0.253382	0.0182866	9	24
2438	0.588889	0.0265525	7	24
2753	0.451162	0.00408981	7	24
243	0.298851	0.0188307	6	24
2456	0.617962	0.0255635	8	24
326	0.208924	0.0100697	9	24
1069	0.28682	2.39E-06	9	24
1932	0.261768	0.0140865	4	24
2382	0.314148	0.0158669	9	24
527	0.365891	0.0265064	4	24
1765	NA	NA	3	24
3013	NA	NA	3	23
124	0.263607	0.0110361	8	23
200	0.207311	0.014624	7	23
209	0.272315	0.00696821	7	23
244	0.569148	0.0269684	4	23
273	0.336932	0.0344502	9	23
314	0.454897	0.0390303	9	23
445	0.492114	0.0140258	5	23
514	0.331634	0.0140854	4	23
622	0.306882	0.0230483	6	23
794	NA	NA	6	23
928	0.326049	0.0107376	8	23
942	0.371512	0.0333199	9	23
1062	0.371425	0.032712	11	23
1172	0.422764	0.0207875	8	23
1244	0.147785	0.0428175	3	23
1265	0.351033	0.0640596	5	23
1380	0.314142	0.022913	11	23
1461	0.331846	0.0782568	7	23
1478	0.439543	0.0164186	8	23
1522	0.421166	0.00227936	4	23
1572	0.217794	0.0117323	4	23
1587	0.347383	0.0105943	8	23
1755	NA	NA	10	23
1782	0.319309	0.0310158	11	23
1990	0.530425	0.0306806	7	23
2038	0.360551	0.0172544	6	23
2092	0.413151	0.0266923	7	23
2340	0.348445	0.00830576	11	23
2377	0.166928	0.0160273	9	23
2477	0.792161	0.015107	3	23
2487	0.376244	0.0054724	8	23
2613	0.607709	0.0545135	8	23
2771	0.315977	0.0122049	10	23
2882	0.272157	0.0332862	4	23
2927	0.652268	0.0122201	8	23
3061	0.605325	0.0130476	6	23
1247	0.347638	0.0221382	7	23
2960	NA	NA	4	23
2191	0.423791	0.0278916	7	23
1837	0.588344	0.00972273	5	22
76	0.542045	0.0274678	8	22
102	0.296092	2.75E-06	3	22
150	0.393244	0.0111373	6	22
211	0.226624	0.0209628	6	22
226	0.247085	2.34E-06	3	22
374	0.230651	0.0246011	8	22
548	0.840193	0.0107527	4	22
602	0.478092	0.0202502	5	22
640	0.190421	0.0118519	11	22
687	0.498064	0.0278621	8	22
779	0.387194	0.0194413	8	22
843	0.434199	0.0623269	5	22
851	0.360549	0.0200256	7	22
874	0.209621	0.00777355	4	22
968	0.592095	0.0218517	7	22
969	0.359916	0.0221122	10	22
1111	0.364345	0.0341394	7	22
1173	0.531346	0.0380852	5	22
1283	0.351073	0.0232001	5	22
1394	0.266667	0.0266245	9	22
1398	0.23616	0.00689619	6	22
1442	0.364574	0.030484	9	22
1481	0.226748	0.024811	9	22
1630	0.520842	0.0274946	10	22
1655	0.363636	0.00615478	7	22
1875	0.557381	0.0478865	6	22
1903	0.383818	0.0228081	7	22
1935	0.333906	2.62E-06	4	22
2129	0.336131	0.0151305	3	22
2315	0.285668	0.0333431	4	22
2482	0.493522	0.0190007	7	22
2584	0.340896	0.0178529	9	22
2620	0.287641	0.0198108	6	22
2680	NA	NA	8	22
2766	0.412682	0.0208386	6	22
2811	0.196186	0.0127888	7	22
2902	0.173254	0.0130332	6	22
2916	0.308141	0.00846165	10	22
2937	0.296728	0.116278	3	22
807	NA	NA	7	22
1027	0.438905	0.0125236	3	21
183	0.291903	0.007535	3	21
276	0.356319	0.0144018	6	21
306	0.538397	0.0185104	4	21
308	0.235977	0.00586236	5	21
423	0.438127	0.0114873	7	21
432	NA	NA	5	21
434	NA	NA	6	21
436	0.375266	0.0226913	10	21
469	0.449592	0.00719644	5	21
494	0.50543	0.00818991	7	21
631	0.330333	0.036753	8	21
634	0.405143	0.0448956	5	21
836	0.524026	0.0620486	6	21
879	0.257905	0.0434621	4	21
996	0.30504	0.00689967	4	21
1038	0.307108	0.022421	6	21
1126	NA	NA	4	21
1192	0.370268	0.032875	8	21
1203	0.239657	0.0256648	7	21
1210	0.53086	0.0377174	6	21
1237	0.439345	0.00938478	8	21
1259	0.366869	0.0344915	7	21
1397	0.360941	0.017057	6	21
1444	0.19274	0.00885079	7	21
1457	0.216109	0.0160356	7	21
1464	0.519707	0.0159934	8	21
1534	0.527093	0.0180503	4	21
1624	0.351322	0.0206842	8	21
1675	0.284088	0.0423068	5	21
1677	0.378881	0.00632004	5	21
1686	0.382682	0.0465254	5	21
1760	0.362376	0.0192029	7	21
1913	NA	NA	5	21
1934	0.457751	0.0589074	9	21
2026	0.194518	0.0667268	8	21
2149	0.378026	0.00825589	9	21
2175	0.206486	0.0223149	8	21
2245	0.372837	0.0203756	5	21
2271	0.504076	0.019108	6	21
2447	0.465516	0.00021817	9	21
2611	0.34222	0.00505397	8	21
2803	0.27377	0.027587	8	21
2868	0.300514	0.0237075	8	21
2911	0.185837	2.89E-06	7	21
3009	0.272145	0.00020392	5	21
3042	0.0993572	0.0255783	7	21
2901	0.316178	0.00813918	9	21
163	0.325404	0.018924	6	21
584	0.371196	0.0299442	3	21
1573	0.148784	0.0210042	7	21
1776	0.295119	0.0185286	7	21
1863	0.314787	0.0154178	6	21
2	0.370236	0.0239108	7	20
28	0.294314	0.00254429	7	20
43	0.474581	0.041835	9	20
72	0.354339	0.0126705	8	20
173	0.390484	0.00411188	7	20
296	0.274789	0.0192596	8	20
337	0.317523	0.0150053	7	20
378	0.287633	0.0347323	6	20
435	NA	NA	6	20
470	0.318182	0.0178309	6	20
606	0.201747	0.0255676	7	20
642	0.584528	0.0128	6	20
643	0.398668	0.0278368	4	20
805	0.0146441	0.256846	9	20
827	0.307816	0.015814	6	20
1147	0.300467	0.0161982	8	20
1271	0.226597	0.0105947	4	20
1368	0.342746	0.0366675	8	20
1408	0.337708	0.0275174	8	20
1620	0.371369	0.0227495	9	20
1641	0.277169	0.0268371	10	20
1708	0.241038	0.0104645	8	20
1780	0.330929	0.0333071	10	20
1812	0.189286	0.0133921	8	20
1815	0.462422	0.0258212	8	20
1904	0.438698	0.0402969	9	20
2100	0.281627	0.0292587	8	20
2114	0.427014	0.0154601	7	20
2196	0.399111	0.0293865	12	20
2200	0.184618	0.0231181	9	20
2420	0.294523	0.0277959	8	20
2727	0.189016	0.0133828	9	20
2862	0.190873	0.0141201	8	20
2897	0.335708	0.00747562	11	20
2948	0.38321	0.0203385	6	20
2983	1.93054	0.0984862	15	20
518	0.583205	0.00951425	4	20
2418	0.549029	2.04E-06	3	20
1323	0.14643	0.00213147	6	20
1420	0.338091	0.0322782	6	20
2917	0.35195	0.0207982	5	20
2076	0.486068	0.0188617	3	19
1731	0.219109	0.00833702	7	19
17	0.153373	0.0347079	6	19
22	0.274958	0.0110861	5	19
61	0.320297	0.0119323	6	19
151	0.455761	0.0184519	9	19
291	0.288997	0.00633579	7	19
298	0.369506	0.0117572	3	19
338	0.277115	0.0345497	8	19
346	NA	NA	5	19
506	0.291174	0.00461152	6	19
545	0.485074	0.00803539	5	19
658	0.388427	0.0428963	4	19
798	0.510443	0.0319844	5	19
886	NA	NA	7	19
898	0.42957	0.0158519	9	19
951	0.30119	0.012839	5	19
1015	0.340018	0.017592	9	19
1025	0.267093	0.0290226	4	19
1070	0.35702	0.00275554	7	19
1105	0.419416	0.0146619	5	19
1109	0.50358	0.035138	6	19
1141	0.41739	0.0203517	8	19
1150	0.177835	0.0242105	6	19
1181	0.23739	0.0262556	6	19
1366	0.306708	0.036229	7	19
1409	0.409004	0.0442185	7	19
1458	0.422704	0.0196455	6	19
1553	0.449868	0.0100744	3	19
1647	0.434025	0.0398556	9	19
1742	0.445625	0.0217498	7	19
1770	0.255585	0.0188326	5	19
1902	0.231098	0.0210778	10	19
1986	0.372233	0.00638512	4	19
1996	0.355544	0.00742859	7	19
1999	0.271724	0.027311	8	19
2012	0.318237	0.0117522	7	19
2021	0.587506	0.0240993	7	19
2348	0.244744	0.002532	12	19
2664	0.62367	0.0217151	8	19
2762	0.212419	0.0239731	6	19
2763	0.187087	0.0064913	8	19
2802	0.335681	0.0214347	8	19
2957	0.3708	0.015314	8	19
2752	0.253484	0.023401	6	19
1099	0.48193	0.0276784	7	19
1236	0.238481	0.049817	5	19
1373	0.524042	0.00594858	6	19
486	0.459465	0.0342534	3	19
1331	NA	NA	4	19
1967	0.614617	0.0101975	6	19
25	NA	NA	6	18
45	0.383948	0.0111004	7	18
47	0.334466	0.03856	7	18
117	0.484177	0.00869488	6	18
389	0.194868	0.0150523	6	18
392	0.314363	0.0336538	10	18
415	NA	NA	6	18
443	0.319929	0.0501445	5	18
451	0.274509	0.00889096	4	18
496	0.259316	0.0331301	9	18
777	NA	NA	9	18
786	0.406145	0.0252328	6	18
839	0.35836	0.0242872	3	18
840	0.333923	0.0187619	9	18
847	0.382962	0.0243329	8	18
850	0.347243	0.00835303	8	18
860	0.448942	0.0132467	8	18
869	0.518935	0.00232742	8	18
876	0.44696	0.0167875	6	18
882	0.281471	0.00912282	9	18
1098	0.323935	0.0261834	6	18
1262	0.296648	0.0135816	10	18
1276	0.331227	0.0106535	8	18
1287	0.225929	0.00459138	10	18
1376	0.227858	0.00579099	8	18
1492	0.273376	0.0345398	6	18
1493	0.34507	0.0192022	9	18
1538	0.465605	0.0123173	9	18
1625	0.513609	0.0438307	10	18
1640	0.696306	0.0140916	7	18
1939	0.437386	0.00876729	8	18
2201	0.375908	0.00989851	4	18
2347	0.346631	0.00376365	9	18
2466	NA	NA	9	18
2475	0.202716	0.0300149	7	18
2550	0.265857	0.0099046	10	18
2573	0.428737	0.0118112	7	18
2749	0.361998	0.015673	8	18
3003	0.273887	0.0173915	10	18
3053	0.335451	0.018075	7	18
3074	0.225718	0.0153488	9	18
2981	0.51714	0.0114749	7	18
2293	0.349465	0.0114864	4	18
1834	0.369454	0.00679383	6	18
2002	0.316302	0.0286848	4	18
2152	0.648648	0.012878	5	18
2246	0.772231	0.046558	4	18
35	0.279492	0.0107526	10	17
138	0.49164	0.00615363	8	17
199	0.364902	0.0221422	6	17
252	0.279931	0.00581341	4	17
363	0.431134	0.00880708	5	17
523	0.470034	0.0218064	8	17
673	0.236844	0.00779607	5	17
700	0.368523	0.00659632	8	17
732	0.479325	0.0169127	7	17
855	0.158722	0.00752941	10	17
1082	0.551596	0.0156304	9	17
1117	0.471852	0.0198092	6	17
1361	0.17774	0.0180346	8	17
1401	0.460169	0.0196472	7	17
1402	0.23661	0.00941834	11	17
1554	0.827739	0.0730621	9	17
1574	0.227995	0.0193579	9	17
1583	0.168509	0.00743921	7	17
1649	0.244837	0.0108743	9	17
1664	0.391088	0.015491	7	17
1671	0.389731	0.0244597	7	17
1678	0.353472	0.0111031	8	17
1698	0.390122	0.0145889	9	17
1705	0.367252	0.0165729	7	17
1710	0.207224	0.00919899	5	17
1744	0.247861	0.00884376	8	17
1905	0.493744	0.019096	6	17
1966	1.51589	0.0101784	12	17
1977	0.282481	0.0388119	3	17
2037	0.344236	0.0120922	5	17
2059	0.411292	0.0431568	6	17
2225	0.44649	0.00377003	4	17
2280	0.312386	0.0100215	9	17
2359	0.324201	2.77E-06	9	17
2614	0.277066	0.0272509	6	17
2635	0.281329	0.0168762	5	17
2796	0.617586	0.0209108	8	17
2881	0.592789	0.0199427	4	17
2899	0.520964	0.0329172	11	17
2936	0.660839	0.0110525	6	17
2135	0.313327	0.0300184	7	17
945	NA	NA	8	17
479	0.478124	0.0313931	6	17
985	0.259232	0.00751922	7	17
1636	0.163083	0.0241068	7	17
623	0.546425	0.00406895	6	17
1217	0.255431	0.0195728	5	17
62	0.292485	0.00607007	8	16
153	0.320743	0.0250965	8	16
188	0.410284	0.0194802	8	16
376	0.37387	0.00976125	5	16
403	0.431976	0.00910876	8	16
456	0.192421	0.00282265	5	16
490	0.409283	0.0143639	9	16
703	NA	NA	4	16
731	0.391056	0.0137653	6	16
900	0.260101	0.0105459	3	16
901	0.782709	0.02275	7	16
920	0.294596	0.0183446	7	16
939	0.430218	0.0171185	5	16
1063	0.232438	0.0153225	7	16
1165	0.578428	0.0117624	6	16
1178	0.466789	0.0139317	7	16
1301	0.628172	0.0483385	9	16
1388	0.370719	0.00639461	9	16
1407	0.473229	0.0151941	8	16
1416	0.295632	0.0198209	5	16
1417	0.294308	0.0287732	4	16
1433	0.418682	0.0158113	5	16
1447	0.350798	0.017837	4	16
1471	0.384566	0.00660828	7	16
1638	0.80302	0.0385791	10	16
1642	0.374306	0.0283112	9	16
1654	0.324569	0.00597	7	16
1789	0.338811	0.00942431	5	16
1818	0.356859	0.00921708	7	16
1827	0.305495	0.00799649	6	16
1931	0.460761	0.0152682	10	16
1988	0.291372	0.0321544	7	16
2266	0.36623	0.0173708	10	16
2277	0.522046	0.0309736	7	16
2311	0.550375	2.61E-06	6	16
2323	0.284099	0.00753777	5	16
2346	0.222487	0.0143493	10	16
2455	0.254606	0.0121319	4	16
2458	0.363379	0.0198618	5	16
2501	0.433528	0.0657904	5	16
2518	0.581013	0.003741	5	16
2699	NA	NA	8	16
2700	0.252606	0.0117771	7	16
2831	0.418264	0.0227861	5	16
2867	0.296042	0.00339299	7	16
2879	0.323273	0.0179824	10	16
3017	0.250189	0.0107273	9	16
3081	0.230455	0.00670872	6	16
755	0.388151	0.012944	5	16
825	0.260197	0.0108194	3	16
2188	0.36521	0.00354536	9	16
1251	0.463329	2.43E-06	8	16
824	0.283338	0.0289456	6	16
1645	0.334679	0.0130155	6	16
2166	0.158045	0.0120624	6	16
41	0.400508	0.0194942	6	15
114	0.52361	0.0584318	5	15
190	0.262599	0.0131707	8	15
384	NA	NA	9	15
487	0.278503	0.00481054	7	15
539	0.68885	0.0220078	5	15
652	0.277252	0.00698856	9	15
670	0.45617	0.0243469	6	15
891	0.28919	0.0093649	8	15
897	0.452486	0.0307036	7	15
908	0.378874	0.00859109	7	15
950	NA	NA	5	15
983	0.243577	0.0222968	8	15
1020	0.361015	0.0317251	4	15
1225	0.414934	0.0052796	8	15
1289	0.337758	0.0123807	8	15
1294	0.233798	0.00304789	9	15
1375	0.421678	0.0328173	8	15
1419	0.660095	0.0197123	7	15
1532	0.543831	0.0281242	10	15
1568	0.215773	0.0112268	8	15
1584	0.664623	0.0570527	9	15
1688	0.10997	0.015088	5	15
1718	0.261029	0.00712597	5	15
1721	0.216654	0.0120085	5	15
1743	0.270867	0.00229627	6	15
1835	0.342081	0.0133606	7	15
1892	0.425761	0.0206721	6	15
1993	0.342428	0.0132703	8	15
2069	0.274168	0.00603532	6	15
2133	0.504809	0.00931699	10	15
2157	0.362235	0.0158808	10	15
2160	0.307731	0.0256814	8	15
2224	0.737844	0.00731173	7	15
2256	0.418611	0.019606	8	15
2318	0.270344	0.0214337	7	15
2369	0.183707	0.00811736	9	15
2376	0.286131	0.014208	7	15
2404	0.299794	0.0245555	7	15
2472	0.220125	0.00574652	6	15
2566	0.357318	0.0200014	10	15
2607	0.28934	0.0149858	7	15
2621	0.453776	0.0293676	10	15
2655	0.517945	0.0113541	9	15
2693	0.250176	0.0175071	9	15
2702	0.372624	0.0210285	6	15
2756	0.579033	0.0387363	9	15
3036	0.427561	0.0109441	4	15
2410	0.335753	0.00712298	4	15
513	0.335418	0.00513766	5	15
1474	0.240898	0.0280912	8	15
139	0.288225	0.000123041	4	15
2249	0.0800873	0.0401339	4	14
58	8.02388	0.0185172	11	14
174	0.573788	2.99E-06	3	14
220	0.631697	0.00790241	7	14
223	0.347721	0.0134941	9	14
254	0.299411	0.00909465	7	14
386	0.326042	0.0209331	6	14
450	0.412951	0.00788136	8	14
497	0.331956	0.00622297	7	14
528	0.412508	0.0351608	9	14
560	0.478184	0.0183193	4	14
561	0.433001	0.0069721	5	14
567	0.427431	0.0173763	6	14
621	0.342639	1.07E-05	7	14
765	0.167303	0.0129906	6	14
808	0.262235	0.0216235	7	14
888	0.349872	0.0300852	5	14
922	0.309891	0.0231897	7	14
984	NA	NA	6	14
1004	0.380578	0.0108493	4	14
1034	0.657153	0.0512511	10	14
1073	0.401595	0.0229843	11	14
1079	0.366636	0.0304682	8	14
1290	0.437265	0.0105568	6	14
1305	0.20524	0.137473	10	14
1349	0.492759	0.0293105	7	14
1350	0.323602	0.00190027	11	14
1352	0.283433	0.0683049	9	14
1378	0.326922	0.0230018	5	14
1415	0.333401	0.0254282	7	14
1441	0.357843	0.010581	9	14
1537	0.573849	0.0109287	8	14
1580	0.34831	0.0138486	8	14
1582	0.292699	0.0123885	7	14
1691	0.511545	0.0195821	5	14
1752	0.625854	0.0269824	9	14
1806	0.547129	0.00913229	6	14
1819	0.552641	0.0528711	8	14
1823	0.361653	0.0286387	9	14
1839	0.276935	0.0192518	7	14
1844	0.307924	0.00813702	7	14
1848	0.526391	0.00142445	9	14
2014	0.464047	0.0148807	9	14
2097	0.531282	0.0182662	6	14
2139	0.332939	0.0109465	8	14
2146	0.311359	0.0181951	4	14
2230	0.543033	0.0445087	6	14
2264	0.29004	0.0130038	7	14
2274	0.476382	0.0189402	4	14
2282	0.36639	0.0202838	7	14
2290	0.433476	0.0127142	7	14
2354	0.372741	0.0136935	6	14
2437	0.653619	0.0100798	7	14
2457	0.255981	0.029111	8	14
2478	0.353232	0.0150001	4	14
2503	0.330735	0.00444325	7	14
2626	0.310396	0.00457805	5	14
2757	0.520025	0.0295204	5	14
2838	0.325051	0.0117579	6	14
2959	0.341468	0.00686812	7	14
2994	0.46899	0.0148082	10	14
3010	0.28622	0.0197065	6	14
3055	0.370846	0.0211001	5	14
3059	0.442347	0.0249136	7	14
1852	0.280754	0.00871542	4	14
230	0.567136	0.0137468	5	14
535	0.44279	0.0180772	7	14
289	0.317365	0.0326002	5	14
1448	0.300152	0.0151266	3	13
93	0.344342	0.00843463	7	13
198	0.452131	0.0158586	3	13
327	0.846117	2.85E-06	8	13
359	NA	NA	7	13
410	0.300912	0.00841769	10	13
576	0.5833	0.00967646	5	13
593	0.419977	0.0151892	6	13
672	0.584016	0.00574808	10	13
689	0.231956	0.00493297	8	13
710	0.157116	0.00382332	4	13
802	NA	NA	8	13
899	0.484152	0.0103186	5	13
947	0.294523	0.0281469	7	13
960	0.27212	0.00726134	5	13
988	0.856161	0.00930481	7	13
1024	0.380817	0.0121831	7	13
1123	0.283488	0.0060218	8	13
1196	0.29894	0.0078934	8	13
1204	0.59477	0.00237767	8	13
1213	0.405586	2.20E-06	5	13
1270	0.274245	0.00449529	3	13
1358	0.348971	0.00900208	5	13
1490	0.313853	0.00803377	9	13
1507	0.627242	0.00552018	9	13
1546	0.272566	0.00720661	5	13
1588	0.487901	0.0372752	7	13
1779	0.358585	0.0404883	5	13
1897	0.337589	0.0170297	9	13
1970	0.18691	0.0132679	8	13
2053	0.323787	0.0304256	9	13
2080	0.312116	0.0114929	9	13
2202	0.277289	0.0258286	9	13
2214	0.362615	0.00979917	6	13
2304	0.334771	0.00700019	8	13
2329	0.471715	0.0239681	6	13
2405	NA	NA	7	13
2454	0.353722	0.0114824	6	13
2585	0.306579	0.0134209	7	13
2604	1.40195	0.041069	8	13
2623	0.332685	0.0153934	9	13
2692	0.452736	0.0105462	9	13
2784	0.275145	0.0148793	6	13
2818	0.288496	0.00699038	9	13
2825	0.237049	0.00384223	8	13
2898	0.371495	0.0219314	9	13
159	0.263575	0.0125457	7	13
1231	0.389559	0.00494267	7	13
2932	NA	NA	6	13
2659	0.24756	0.00922114	6	13
10	0.348816	0.0272066	4	13
2422	0.284961	0.00581877	10	13
15	0.364913	0.0137091	5	12
59	0.353214	0.000977619	8	12
67	0.387235	0.00644719	8	12
187	0.364891	0.00648071	6	12
189	0.240498	0.0244329	3	12
219	0.341873	0.00434037	7	12
421	0.377208	0.0108588	4	12
429	0.363447	0.00939641	4	12
519	0.388482	0.0174757	10	12
603	0.278676	0.0135024	5	12
688	NA	NA	8	12
695	0.465202	0.026896	7	12
728	0.337487	0.0125724	5	12
729	0.649921	0.0103419	8	12
730	NA	NA	5	12
735	0.488209	0.0120329	4	12
757	0.276388	0.00397838	9	12
931	0.666915	0.00595152	7	12
936	0.277515	0.01705	5	12
1120	0.404817	0.00300246	5	12
1137	0.288908	0.0160591	9	12
1167	0.22109	0.0100098	7	12
1255	0.186716	0.0119312	7	12
1261	0.443486	0.00280398	8	12
1272	0.424543	0.00649467	7	12
1310	0.479635	0.0473144	6	12
1374	0.33412	0.0111597	7	12
1389	0.39981	0.0140349	8	12
1445	0.394525	0.0124141	8	12
1465	0.591028	0.0137703	5	12
1499	0.547303	0.0112124	4	12
1558	0.423261	0.0103455	5	12
1619	0.354377	0.0235811	9	12
1746	0.41173	0.011896	7	12
1856	NA	NA	9	12
1874	0.627833	0.0148805	7	12
1916	0.405782	0.00124883	4	12
1952	0.393404	0.0136169	9	12
2010	NA	NA	6	12
2190	0.401221	0.0213216	8	12
2239	0.228293	0.012201	4	12
2267	0.449989	0.00588479	5	12
2300	0.303441	0.0176364	6	12
2378	0.389849	0.0176397	8	12
2463	0.496405	0.006611	8	12
2485	0.493588	0.0243964	3	12
2506	0.257211	0.00859581	8	12
2616	0.20739	0.000675348	9	12
2627	0.25533	0.0174204	6	12
2761	0.123626	0.00697	8	12
2864	0.407337	2.84E-06	6	12
2895	0.669589	0.0683568	3	12
696	0.39118	0.00311227	4	12
2877	0.411979	0.0135818	4	12
1429	0.541416	0.00523105	5	12
540	0.683444	0.00684653	5	12
1653	0.269297	0.0143696	6	12
1513	0.518015	0.0168739	6	12
2464	0.365583	0.00659601	7	12
464	0.303416	0.00313984	3	11
3038	NA	NA	5	11
87	0.306043	0.00971858	6	11
125	0.441667	0.0179595	5	11
256	0.253855	0.020427	5	11
305	0.232559	0.0343902	5	11
339	0.485046	2.65E-06	5	11
344	0.382843	0.00387499	6	11
424	0.247624	0.00935658	7	11
439	0.444016	0.0203274	7	11
529	0.541907	0.00894041	5	11
624	0.345348	0.0106318	7	11
636	0.378661	0.00948478	4	11
717	0.2636	0.0202463	5	11
830	0.50111	0.0356171	9	11
845	0.241078	0.00533348	9	11
1003	0.325482	0.00335719	8	11
1076	0.572321	2.19E-06	9	11
1089	0.363281	0.00439489	8	11
1129	0.228572	0.0103516	6	11
1185	0.404498	0.00613604	7	11
1218	0.538871	0.0248418	6	11
1300	0.343663	0.0165983	5	11
1384	0.383904	0.029255	6	11
1463	0.510026	0.0239677	11	11
1470	0.204975	0.00857618	8	11
1564	0.451958	0.0455925	4	11
1938	0.408955	0.019706	9	11
2033	0.3456	0.00609591	7	11
2178	0.326025	0.0066776	8	11
2281	0.301367	0.00564319	4	11
2307	0.567301	2.77E-06	6	11
2309	0.345548	0.00438609	6	11
2380	0.432326	0.00910133	6	11
2385	0.342248	0.0140786	9	11
2409	0.243186	0.00471562	5	11
2417	0.369892	0.0115558	7	11
2450	0.376953	0.00811948	6	11
2524	0.19673	0.00941666	3	11
2657	0.611124	0.026148	8	11
2665	0.423927	0.0428483	4	11
2956	0.247412	0.0208663	6	11
3065	0.320343	0.0290185	7	11
1275	0.384912	0.00296025	4	11
1177	0.218297	0.0193267	6	11
2467	0.300704	0.0180344	6	11
411	0.553806	0.00445446	4	10
1016	0.498857	2.10E-06	4	10
12	0.403396	0.0196098	7	10
36	0.416235	0.00660031	6	10
161	0.445984	0.00841828	5	10
286	0.247192	0.00823869	7	10
331	0.311652	0.0206358	5	10
394	0.301962	0.013757	5	10
402	0.289356	0.0245466	4	10
419	0.391103	2.46E-06	4	10
502	0.429837	0.00665747	7	10
551	0.343026	2.86E-06	9	10
605	0.363176	0.0138224	8	10
681	0.329955	0.00886828	7	10
685	0.269794	0.0167737	7	10
763	NA	NA	8	10
853	0.371218	0.0103022	7	10
1013	0.278507	0.00973751	9	10
1108	0.342263	0.0132775	8	10
1112	0.451602	0.00974508	5	10
1266	0.40845	0.019931	8	10
1516	0.552365	0.00997865	6	10
1590	0.220207	0.00280579	5	10
1670	0.351126	0.0135943	7	10
1722	0.32135	0.00746551	5	10
1747	0.368409	0.0102804	6	10
1899	0.345184	0.00755282	8	10
1922	0.19198	0.0224173	8	10
2047	0.381074	0.00795903	10	10
2070	0.57599	0.00711416	6	10
2079	0.586749	2.38E-06	7	10
2124	0.525298	0.021843	8	10
2145	0.42145	0.031583	8	10
2150	0.25972	0.0131349	4	10
2213	0.461141	0.0106616	7	10
2237	0.388739	0.0111062	9	10
2370	0.403752	0.00853174	9	10
2387	0.372742	0.0011733	7	10
2479	0.382525	0.0348108	5	10
2491	0.157839	0.00558162	8	10
2553	0.308477	0.00419365	6	10
2637	0.491536	2.48E-06	7	10
2642	NA	NA	9	10
2666	0.346032	0.00705128	8	10
2814	0.367413	0.0250106	11	10
2903	0.522455	0.0071549	7	10
2954	0.408424	0.0179299	5	10
3002	0.450902	0.0159024	9	10
3014	0.3229	0.00379782	6	10
3029	0.474836	0.0100619	4	10
3034	0.457783	0.0330253	9	10
648	0.473653	6.36E-05	4	10
1159	0.158939	0.00113478	2	10
941	0.314887	0.0101749	8	10
2212	0.437503	0.00633105	5	9
66	0.455685	0.00813369	6	9
116	0.250458	0.0187791	8	9
118	0.174298	2.25E-06	7	9
126	0.554009	2.57E-06	5	9
130	0.295359	0.00562286	8	9
279	0.68873	0.0142576	8	9
318	0.301279	0.00477019	10	9
383	0.270108	0.00442271	6	9
522	NA	NA	7	9
549	0.5086	0.00471006	5	9
632	0.47395	0.00635937	7	9
715	0.292254	0.000194084	7	9
739	0.322398	0.0154118	6	9
747	0.395765	2.19E-06	4	9
782	0.154466	0.0147241	5	9
791	0.365758	2.04E-06	6	9
904	0.319433	0.0030442	8	9
924	0.297014	0.0138575	8	9
1036	0.721511	0.00662764	9	9
1119	0.491016	0.00392821	7	9
1146	0.397547	0.00171626	4	9
1175	0.371397	0.000758898	3	9
1221	0.346795	0.0440095	6	9
1385	0.363066	0.0125132	6	9
1395	0.467012	0.0146932	7	9
1396	0.390213	0.00812888	7	9
1539	0.282425	0.00494761	7	9
1621	0.351604	0.0135485	5	9
1729	0.446429	0.00424405	7	9
1774	0.56249	0.00175068	4	9
1920	0.623541	2.97E-06	9	9
1948	0.384645	0.021359	5	9
2113	0.567746	0.0134687	5	9
2143	0.427381	0.0166296	7	9
2197	0.459852	0.00257855	5	9
2270	0.426495	0.00376775	6	9
2414	0.458985	0.0168306	9	9
2428	0.587278	0.00982977	9	9
2435	0.201612	0.0171508	7	9
2483	0.362494	0.00701301	7	9
2634	0.290567	0.00585649	5	9
2667	0.59061	2.76E-06	7	9
2691	0.31357	0.00864321	8	9
2888	0.335471	0.0158464	9	9
2933	0.195773	0.0121755	6	9
2950	0.283807	0.0192217	6	9
2999	0.271867	0.00307007	8	9
2039	0.318759	0.0114962	4	9
1164	0.621483	0.019649	10	9
2563	0.332598	0.00933367	9	9
1511	0.241399	0.0196877	7	9
3	0.33012	0.0136318	6	8
29	0.511843	0.0251463	5	8
97	0.373391	0.0157913	8	8
293	0.3343	0.00837692	5	8
468	0.456998	0.0214989	6	8
617	0.658045	0.00319448	7	8
638	0.419253	0.0163132	6	8
639	0.371646	0.00677185	5	8
1083	0.426008	0.0105351	6	8
1151	0.396396	0.0120346	6	8
1160	0.763144	0.00739099	7	8
1168	0.266759	0.0138805	5	8
1363	0.382386	0.00840188	7	8
1491	0.175872	0.00553885	11	8
1592	0.303088	0.00519036	5	8
1663	0.27596	0.0157493	9	8
1668	0.18736	0.00700307	8	8
1704	0.49388	0.0135347	7	8
1749	0.357937	0.00665607	4	8
1793	0.330023	0.0119587	7	8
1836	0.405923	0.00735496	5	8
1877	0.408575	0.00572543	6	8
1884	0.480327	0.0081238	4	8
1947	0.486193	0.0065741	8	8
2042	0.378454	0.0181508	11	8
2078	0.329122	0.00221223	6	8
2082	0.685419	0.00967215	10	8
2099	0.520081	0.00678308	5	8
2176	0.467453	0.0379523	4	8
2220	0.33429	0.012491	10	8
2287	0.331304	0.0133209	7	8
2423	0.476881	0.0153618	9	8
2445	0.798493	0.0663285	6	8
2480	0.343418	0.0187325	8	8
2570	0.336775	0.0196156	11	8
2646	0.23018	0.00640547	5	8
2652	0.251933	0.00873714	8	8
2661	0.293937	0.0133122	6	8
2716	0.34848	0.00140952	8	8
2907	0.705142	0.0104429	8	8
3025	0.197236	0.00345574	6	8
2027	NA	NA	7	8
2381	0.286748	0.0202344	6	8
862	0.680201	0.0116306	10	8
2408	0.353668	0.00353417	3	8
483	0.365798	2.81E-06	9	8
1480	0.378892	0.00808005	5	7
83	0.706147	0.0147995	8	7
129	0.620266	0.0216901	6	7
332	0.389132	0.0102132	7	7
387	0.475854	0.0475969	6	7
458	0.374738	0.00291997	8	7
480	0.359915	0.00348631	7	7
646	0.414446	0.0040875	6	7
667	0.620047	0.00209162	3	7
714	0.444919	0.00973688	5	7
773	0.294697	0.0119196	4	7
881	NA	NA	6	7
887	0.220822	0.00532852	7	7
892	0.304316	0.0185927	7	7
912	0.314807	0.00947788	8	7
962	0.450969	0.00418668	5	7
1010	0.372694	0.0132742	6	7
1072	0.396891	0.0225038	7	7
1292	NA	NA	7	7
1392	0.355115	0.0017491	11	7
1440	0.240713	0.00405101	6	7
1452	0.218679	2.39E-06	6	7
1520	0.339649	0.00923411	7	7
1824	0.280271	0.000850908	6	7
1901	0.381976	0.0144297	7	7
1910	0.446228	2.62E-06	8	7
1949	NA	NA	6	7
2046	NA	NA	7	7
2142	0.380942	0.0066578	9	7
2244	0.465016	0.014661	6	7
2427	0.426902	0.00227025	5	7
2492	0.326139	0.00707913	6	7
2569	0.27781	0.0117332	5	7
2598	0.302162	0.00965602	8	7
2630	0.352178	2.61E-06	8	7
2672	0.203281	0.00478736	8	7
2698	0.442151	0.0086402	8	7
2768	0.470724	0.0133585	6	7
2776	0.535307	2.02E-06	7	7
3032	0.407954	2.74E-06	6	7
2686	0.297821	0.00400748	6	7
1090	0.372995	0.0157023	4	7
2494	0.658712	0.0146029	8	7
341	0.36921	0.00853087	7	7
553	0.301233	0.00393585	10	7
759	0.365296	0.0108864	4	6
2474	0.392986	0.00653815	5	6
245	0.632815	0.0115458	4	6
2935	0.198566	0.00683532	5	6
4	0.247921	0.00435856	3	6
16	0.310377	0.00566437	6	6
19	NA	NA	5	6
60	0.402526	0.00357065	5	6
222	0.583119	0.00307933	5	6
495	0.265503	0.0068818	4	6
580	0.489668	0.00551354	3	6
727	0.251645	0.0236143	4	6
821	0.226852	0.00444479	4	6
885	0.33808	0.017737	7	6
1304	0.225463	0.00651108	5	6
1341	0.470828	0.0174996	5	6
1382	0.715204	2.38E-06	9	6
1406	0.516901	0.0147517	6	6
1612	0.454633	0.0262532	8	6
1766	0.524476	2.25E-06	4	6
1849	0.657118	0.00111487	7	6
1921	0.313516	0.00423495	5	6
2074	0.368297	2.29E-06	8	6
2075	0.288655	0.00464933	10	6
2140	0.359741	0.0185461	7	6
2151	0.450034	0.00672828	9	6
2173	0.411077	0.0159705	5	6
2400	0.363182	0.0100599	6	6
2540	0.38765	2.35E-06	8	6
2581	0.422566	0.0036273	9	6
2615	NA	NA	5	6
2723	0.529052	0.000358028	7	6
2780	0.371224	2.30E-06	6	6
2990	0.396621	0.0138235	12	6
3047	0.167438	0.00737322	10	6
1758	NA	NA	7	6
322	0.239146	0.00190064	6	6
650	0.604473	0.00623204	5	6
531	0.340667	0.0132926	4	6
2504	0.206573	0.00367554	7	6
177	0.307766	0.01623	7	6
1566	NA	NA	7	6
9	0.459242	0.00307246	7	5
18	NA	NA	9	5
123	0.570234	0.0230508	8	5
165	0.475747	0.00541747	9	5
237	0.430766	0.0199239	7	5
385	0.286233	0.00384675	4	5
406	0.523522	0.0074839	5	5
463	0.30917	0.00561353	4	5
466	0.260668	0.00341077	5	5
613	NA	NA	7	5
653	0.532029	2.75E-06	6	5
663	0.361336	2.32E-06	8	5
704	0.465135	0.00823112	10	5
744	0.341042	0.0146957	4	5
789	0.321506	0.0113886	4	5
800	0.271532	0.00169246	7	5
818	0.470583	2.80E-06	6	5
973	0.379856	0.00854124	3	5
977	0.538591	0.00813593	6	5
1037	NA	NA	5	5
1107	0.353398	0.000935527	9	5
1155	0.201795	5.89E-05	9	5
1197	NA	NA	7	5
1296	0.626032	0.0111053	5	5
1672	0.42117	0.0136386	7	5
1741	0.381207	0.0126976	7	5
1858	0.25555	0.000709054	6	5
1912	0.27654	0.00508268	5	5
1954	0.391707	0.0099347	8	5
2163	0.3461	0.0079957	4	5
2167	0.369731	0.00837743	5	5
2269	0.828656	0.0111181	8	5
2631	0.348987	0.0120912	5	5
2791	0.302432	0.0218728	10	5
2852	0.541804	0.00440785	9	5
1139	0.319726	0.00816441	6	5
698	0.224012	0.000370721	4	5
721	0.277371	0.0135011	7	5
94	0.442464	0.0092436	5	5
2628	0.185443	0.00150127	3	4
691	0.376587	0.00302037	3	4
53	0.467618	0.00383243	6	4
113	0.743216	0.00842471	8	4
135	0.265001	0.00773572	6	4
257	0.234373	0.00993395	7	4
416	0.417752	0.000445896	6	4
438	0.300957	0.0277455	5	4
453	0.481787	2.36E-06	8	4
516	0.357256	0.000197816	4	4
569	0.327276	0.00892467	5	4
608	0.417965	0.0110315	6	4
649	0.293942	0.00350787	7	4
674	0.365291	2.33E-06	6	4
694	0.349119	0.00449381	9	4
702	0.342149	0.00502935	5	4
734	0.158285	0.00298841	6	4
866	0.160469	0.00222843	5	4
896	0.312607	2.15E-06	7	4
1183	NA	NA	7	4
1240	0.460676	2.09E-06	6	4
1314	NA	NA	6	4
1318	0.468925	2.22E-06	3	4
1386	1.47741	0.0141083	3	4
1391	0.347127	0.0162371	6	4
1682	0.340144	0.0073988	7	4
1754	0.291386	0.003049	6	4
1832	0.257346	0.00352312	7	4
1843	0.433923	0.0117181	4	4
1979	0.430012	0.00753216	5	4
2056	0.767056	0.0418244	7	4
2206	0.190844	0.00460411	7	4
2313	0.385979	0.00701268	6	4
2397	0.267388	0.00984828	7	4
2486	0.481428	0.00266596	6	4
2769	0.3603	0.00350787	8	4
2773	0.216123	0.0039543	7	4
2810	0.202978	0.00309803	4	4
2055	0.311394	0.00247525	5	4
2216	0.830784	0.00596966	6	4
1121	0.372268	0.00641351	7	4
718	0.398876	0.00460982	4	4
2373	0.395787	0.00372842	6	4
1071	0.349567	0.0113588	7	3
283	0.587951	0.0107605	7	3
287	0.209151	0.00512504	4	3
294	0.279842	0.00272591	5	3
349	0.367889	0.00183795	5	3
420	0.505793	0.00101004	5	3
596	0.520872	0.000811265	6	3
669	0.482373	0.00489919	5	3
769	0.64638	2.57E-06	7	3
795	0.17587	0.00393586	6	3
848	0.632231	2.20E-06	9	3
878	NA	NA	7	3
1019	0.679359	2.99E-06	6	3
1081	0.345821	2.14E-06	5	3
1132	0.434561	2.15E-06	6	3
1133	0.327865	0.0024247	6	3
1182	0.380503	2.02E-06	5	3
1226	0.425198	0.00972832	5	3
1242	0.302251	2.04E-06	7	3
1333	0.633973	0.00358035	4	3
1390	0.271977	0.00171658	4	3
1477	0.569415	0.00836748	9	3
1659	0.433985	0.0210409	8	3
1711	0.320167	0.0026343	5	3
1720	0.346398	0.0291763	6	3
1983	0.272858	0.00395464	6	3
1987	0.305564	0.0136908	6	3
1992	0.223829	0.00179366	7	3
2016	0.490907	0.00613397	5	3
2023	0.495061	0.0129623	6	3
2035	0.243943	0.00694937	7	3
2236	0.304461	0.0053402	5	3
2592	0.475866	0.0292121	7	3
2668	0.477354	0.0113749	8	3
2737	NA	NA	6	3
2786	0.478048	0.0100953	7	3
2827	0.256986	0.0131671	9	3
2861	0.25913	0.00646252	4	3
2880	0.258329	0.00264323	10	3
2894	0.458612	0.00542928	5	3
2919	0.396145	0.00719342	6	3
2928	0.225006	0.0027423	7	3
2987	0.220788	0.0021695	10	3
3031	0.497892	2.35E-06	7	3
1914	0.32609	0.00490215	5	3
837	0.376829	0.00184261	6	3
2109	0.403981	0.00752009	7	3
2119	NA	NA	5	3
1971	0.432805	0.00347699	9	3
2174	0.363084	0.00788547	7	3
737	0.280161	0.00706858	6	2
1633	0.585379	0.00926849	6	2
179	0.337573	0.00263641	5	2
247	0.504202	2.04E-06	6	2
425	0.433274	0.00703929	4	2
442	0.551593	0.00330536	6	2
838	0.256081	0.00533617	5	2
1114	0.970179	2.08E-06	9	2
1174	0.381365	0.00420356	5	2
1211	0.343187	2.65E-06	6	2
1246	0.410965	2.34E-06	7	2
1436	0.307937	0.00352851	7	2
1450	0.39075	0.0115629	7	2
1468	0.420656	0.00147443	7	2
1547	0.448943	2.48E-06	8	2
1604	0.36454	0.0020375	8	2
1736	0.445844	0.00949122	4	2
2032	NA	NA	3	2
2107	0.629171	0.00260309	6	2
2111	NA	NA	5	2
2183	0.276996	0.0133021	6	2
2194	0.424668	0.00202029	5	2
2219	0.349368	0.0065669	8	2
2227	0.41776	0.00406273	6	2
2229	0.380338	0.00725803	8	2
2232	0.435773	0.00283019	8	2
2322	0.586397	0.00175879	6	2
2442	0.464939	0.00890778	7	2
2572	0.245342	0.00557611	6	2
2747	0.305034	0.0106066	6	2
2795	0.520925	2.28E-06	7	2
2886	0.262903	0.000807064	7	2
2943	0.318336	0.00551397	6	2
2602	0.430946	0.00424428	6	2
433	NA	NA	5	2
726	0.346757	0.0145237	7	2
2828	0.20239	0.0108944	6	2
1888	0.286982	0.0141898	6	2
2676	0.219766	0.00255031	7	2
191	0.269174	0.00926145	5	1
641	NA	NA	6	1
1059	0.479349	3.06E-05	5	1
1145	0.649265	0.00797421	7	1
1199	0.260063	0.00243046	7	1
1267	0.614553	2.13E-06	7	1
1354	0.533222	0.00480464	5	1
1369	0.231962	0.00781957	5	1
1399	0.42699	0.00661063	8	1
1426	0.267696	0.00253939	5	1
1432	0.393898	2.96E-06	8	1
1454	0.549164	0.000120741	7	1
1508	0.439728	0.0108147	9	1
1557	0.361638	2.30E-06	6	1
1666	0.823215	2.63E-06	9	1
1757	0.747855	2.47E-06	9	1
1773	0.381634	0.00290382	3	1
1802	0.455568	0.00125556	6	1
1879	0.369351	0.012016	7	1
1994	0.312636	2.19E-06	9	1
2084	0.36918	2.17E-06	7	1
2110	0.270586	0.00388629	6	1
2185	0.256666	0.00126985	5	1
2223	0.49192	2.23E-06	9	1
2241	0.427351	0.0169135	7	1
2310	0.360567	0.00709869	6	1
2324	0.238003	0.00397334	4	1
2406	0.306579	0.00302712	8	1
2546	0.465977	0.00514382	6	1
2558	0.701344	2.22E-06	5	1
2605	0.672014	0.00461928	5	1
2625	NA	NA	5	1
2653	0.317643	0.00732343	5	1
2720	0.265141	0.0104778	8	1
2809	0.376929	0.00514315	7	1
2822	0.434593	0.00534784	8	1
3012	0.513632	0.00802265	4	1
3033	0.228616	0.00309759	9	1
3058	0.322933	2.05E-06	9	1
1381	0.27169	0.00268823	5	1
1009	0.342507	0.000313717	7	1
598	NA	NA	7	1
1029	0.632716	2.60E-06	7	1
1963	0.33475	0.00382051	5	1
1110	0.33966	0.0135979	10	1
320	0.426367	2.13E-06	6	1
2846	0.344708	2.45E-06	7	1
75	0.333258	2.01E-06	8	0
195	0.376312	0.000172233	5	0
224	0.419631	2.38E-06	5	0
236	0.401204	2.45E-06	5	0
377	0.305177	0.00626387	5	0
841	0.505532	2.27E-06	5	0
1021	0.563813	2.13E-06	7	0
1049	0.659727	0.00641987	5	0
1148	NA	NA	7	0
1348	0.563571	2.70E-06	4	0
1379	0.555604	0.00049322	5	0
1455	0.414665	0.00377281	5	0
1727	0.283934	0.0232845	4	0
1868	NA	NA	7	0
1870	0.333301	0.000494524	5	0
1955	0.441757	0.00575532	6	0
2003	0.250781	0.000761381	7	0
2489	0.232689	0.0136999	6	0
2536	0.30213	0.000695882	7	0
2641	0.439606	0.0160902	8	0
2744	0.505539	0.00196867	3	0
2758	0.253275	0.00467488	6	0
2826	0.22403	0.00245226	6	0
2909	0.354711	0.0011854	7	0
2912	0.332386	0.00274423	8	0
741	0.611978	0.00413092	6	0
1424	0.345892	2.01E-06	7	0
1485	0.288236	0.0142648	5	0
1615	0.284435	6.14E-05	6	0
86	0.429785	2.83E-06	5	0
106	0.276942	0.046794	3	
105	0.50169	2.52E-06	4	
104	0.370671	2.31E-06	8	