GeneID	Sp_num	aln_length	average_node_support	Rafflesiaceae_best_compositional_homogeneity_pvalue	Apodanthaceae_best_compositional_homogeneity_pvalue
2157	38	693	67.0	98.56	36.77
1835	29	1170	73.38461538461539	41.21	40.98
2249	31	648	68.92857142857143	96.53	NA
10	30	687	65.44444444444444	56.95	89.68
2250	33	909	69.93333333333334	85.48	NA
1562	14	2130	73.0	21.2	NA
1504	29	1719	64.15384615384616	47.03	NA
1247	33	1044	68.8	87.24	NA
2282	33	1524	71.63333333333334	75.14	31.63
407	30	1008	70.25925925925925	65.84	NA
2380	40	1815	69.91891891891892	89.72	32.98
2496	36	1263	64.66666666666667	9.39	0.2
123	28	1035	72.72	98.02	NA
40	25	1173	70.0	95.41	31.25
1258	35	1311	70.125	80.71	9.22
937	11	2091	60.75	82.3	NA
1400	33	1302	72.96666666666667	60.42	NA
1761	29	2130	71.6923076923077	45.07	8.73
46	30	1650	70.03703703703704	19.07	16.81
1261	35	831	70.375	75.43	38.38
1072	33	1074	71.6	75.58	34.65
887	32	1578	76.27586206896552	96.73	NA
1890	36	873	69.3030303030303	94.85	55.71
703	28	1431	70.12	7.83	NA
434	28	477	68.2	85.49	NA
739	29	1665	69.73076923076923	15.22	NA
120	29	2256	73.0	68.13	7.67
247	29	876	71.76923076923077	74.48	24.56
2047	35	894	65.78125	99.12	61.36
1168	32	522	64.55172413793103	70.13	NA
1992	39	843	73.86111111111111	87.95	41.31
1659	36	1455	67.45454545454545	42.33	37.14
1015	33	2091	72.1	99.18	76.67
2936	37	1746	71.20588235294117	27.4	12.82
1966	37	648	69.73529411764706	90.71	86.09
2792	39	1326	75.5	93.95	25.51
199	28	1206	74.04	72.61	NA
2664	38	1938	74.37142857142857	77.81	0
266	29	765	68.8076923076923	89.33	6.15
392	29	729	63.61538461538461	27.04	74.44
2362	28	1371	67.44	96.03	NA
1210	33	771	63.86666666666667	92.94	NA
2214	34	1629	76.45161290322581	39.33	NA
927	34	819	68.58064516129032	96.14	63.57
2684	35	1590	80.59375	57.59	NA
1017	28	1827	78.08	56.58	1.02
2442	38	810	70.8	98.9	47.07
2584	38	2580	78.48571428571428	69.68	NA
1982	35	1026	66.96875	98.2	0.01
951	30	1842	71.5925925925926	98.13	0.01
84	30	1275	78.03703703703704	97.19	91.67
1940	37	450	73.1470588235294	77.11	19.95
1249	28	843	72.08	94.52	NA
450	32	2112	77.79310344827586	60.99	25.16
1994	29	876	67.42307692307692	80.0	57.76
1937	38	1068	71.74285714285715	97.26	0.16
2175	36	378	61.666666666666664	92.94	72.61
1270	34	3168	65.03225806451613	87.25	69.12
757	30	816	56.77777777777778	88.2	23.78
2187	40	618	65.89189189189189	82.34	97.33
1499	30	726	64.18518518518519	33.85	74.87
2200	36	1008	68.0	74.24	64.99
1217	31	1311	76.5	97.5	NA
2420	40	1212	73.72972972972973	90.56	10.65
1271	27	1533	74.25	97.43	46.11
297	31	2082	79.17857142857143	93.97	2.36
2443	38	1434	75.48571428571428	78.69	0.96
2270	36	1092	74.18181818181819	51.64	6.71
2817	25	1614	84.31818181818181	25.2	11.36
34	29	1425	70.38461538461539	93.07	10.09
1996	36	657	76.21212121212122	95.54	4.69
116	31	1902	68.96428571428571	49.02	95.88
1113	32	1359	74.44827586206897	17.64	0.25
2981	29	2832	74.92307692307692	72.65	0.01
2905	25	1761	75.9090909090909	0	0.05
2379	36	780	70.87878787878788	86.97	NA
2113	31	1008	72.75	85.41	NA
1361	37	1275	73.6470588235294	90.53	45.86
561	29	1182	73.92307692307692	90.44	NA
928	31	987	71.60714285714286	76.65	NA
2610	39	942	69.05555555555556	97.99	23.16
23	27	657	67.5	98.72	NA
802	25	1203	74.13636363636364	41.72	6.66
1509	31	1968	71.25	12.31	NA
3078	29	3231	65.6923076923077	53.72	24.68
1087	32	780	73.72413793103448	95.39	NA
1789	27	1410	74.70833333333333	87.23	NA
2347	32	1311	64.55172413793103	70.2	86.44
2794	39	960	71.63888888888889	99.97	0.01
1975	38	540	74.6	98.78	87.9
1803	32	1983	67.96551724137932	87.88	24.96
926	32	1296	76.62068965517241	71.98	NA
2324	39	3156	73.16666666666667	87.01	79.14
706	30	573	70.11111111111111	94.95	NA
1218	34	918	74.25806451612904	96.96	98.07
2470	37	732	77.73529411764706	97.59	NA
3022	14	591	65.81818181818181	98.27	NA
1943	35	1047	67.9375	83.84	13.67
1379	36	960	73.06060606060606	95.25	49.64
2348	34	3132	62.0	23.12	34.1
210	31	522	83.85714285714286	96.7	71.96
318	30	2025	61.7037037037037	63.55	37.3
1073	34	579	74.12903225806451	60.95	NA
698	31	381	71.75	96.51	40.78
1294	32	1452	75.41379310344827	94.2	4.78
2486	38	951	73.02857142857142	99.14	NA
627	28	1065	69.0	64.41	NA
1041	28	1308	72.8	14.95	0.07
2836	14	2712	88.27272727272727	64.58	6.0
2791	34	1254	63.32258064516129	91.95	22.69
1233	24	1932	69.42857142857143	13.11	NA
2144	38	1248	73.77142857142857	93.6	16.79
2867	30	1296	71.29629629629629	48.27	5.31
962	31	882	71.64285714285714	98.02	0.14
2798	39	396	71.80555555555556	91.0	26.43
2106	27	1686	72.83333333333333	57.34	0.08
2898	41	1023	78.07894736842105	69.98	51.0
2863	36	2733	70.72727272727273	49.77	0
1097	33	891	73.46666666666667	93.8	NA
2427	38	888	80.05714285714286	98.99	NA
1633	31	570	69.17857142857143	29.18	NA
145	29	1359	74.88461538461539	95.52	60.08
420	31	2169	71.35714285714286	50.9	21.38
2954	38	1659	65.8	10.75	42.34
1863	35	1074	75.0	85.83	77.19
158	31	2028	78.17857142857143	46.3	60.91
1915	32	444	69.06896551724138	85.88	63.63
2055	38	876	76.48571428571428	74.35	32.13
182	29	1197	73.6923076923077	76.24	NA
240	27	2994	68.125	0.02	NA
1246	34	3783	72.58064516129032	70.52	32.3
1636	29	435	74.1923076923077	96.72	NA
2762	40	990	71.4054054054054	93.72	58.24
1585	13	1335	77.0	51.31	NA
1543	29	1797	70.84615384615384	37.15	NA
2668	39	1059	66.91666666666667	37.15	75.25
221	30	777	68.5925925925926	99.05	5.11
2917	34	810	68.74193548387096	66.13	46.31
941	30	636	74.51851851851852	80.78	NA
378	31	939	78.0	92.57	NA
227	31	1191	76.78571428571429	99.35	12.25
1287	29	1806	73.34615384615384	83.65	NA
2959	35	906	81.625	92.71	NA
2890	38	2301	74.37142857142857	81.55	1.07
1763	36	1767	78.39393939393939	10.5	0.01
166	28	384	68.36	78.01	1.39
882	31	981	68.42857142857143	62.92	NA
839	32	945	74.03448275862068	81.13	24.99
2635	41	690	60.5	72.58	32.85
1011	30	1824	68.74074074074075	63.35	NA
202	30	3516	71.81481481481481	51.59	0.18
1950	36	621	67.42424242424242	92.58	NA
692	32	798	68.86206896551724	83.56	79.83
2409	40	1959	72.5945945945946	95.47	0.91
1290	32	1356	68.86206896551724	65.18	NA
1518	30	3663	74.07407407407408	26.36	0.13
1700	37	1236	72.97058823529412	87.66	29.44
684	34	768	70.06451612903226	76.64	41.18
530	25	1320	65.13636363636364	88.91	NA
2490	37	1080	76.58823529411765	33.15	54.14
355	29	2778	78.3076923076923	2.7	0
156	26	1878	70.82608695652173	68.58	79.05
1747	34	1176	72.25806451612904	38.34	1.9
486	33	1122	76.83333333333333	96.87	77.52
1472	33	2232	74.16666666666667	37.76	15.7
621	34	1080	76.80645161290323	72.76	70.94
2476	33	1260	81.0	66.17	54.21
1575	33	1335	75.76666666666667	73.24	3.71
1743	37	1761	76.11764705882354	99.55	0.26
2579	38	1107	69.77142857142857	82.03	4.62
366	31	1596	78.25	97.35	24.36
3000	17	1965	81.85714285714286	0.16	0
2224	35	609	nan	64.63	NA
1312	22	4341	72.94736842105263	93.01	59.39
759	31	975	74.71428571428571	76.93	56.3
2623	38	2151	78.28571428571429	42.47	2.83
1401	35	1530	68.28125	63.57	3.04
1870	27	1158	70.5	75.46	NA
2264	38	1284	75.31428571428572	38.84	73.27
2756	41	573	74.76315789473684	91.17	76.22
2166	38	1536	77.02857142857142	79.82	0.75
161	28	2625	71.44	79.97	70.45
1874	33	2598	73.83333333333333	34.09	4.4
3002	41	1104	68.23684210526316	71.35	19.83
2757	26	897	70.0	96.61	NA
2604	35	477	66.3125	95.79	NA
2797	40	1632	75.43243243243244	99.36	50.42
399	30	2094	70.14814814814815	92.45	NA
1697	35	1083	81.375	98.92	85.14
1204	35	1365	68.78125	53.37	36.94
940	33	2793	72.93333333333334	15.49	0.1
1146	32	1389	72.06896551724138	98.6	45.84
1755	32	1983	75.0	41.72	NA
2035	35	840	71.125	65.8	NA
654	33	1104	66.33333333333333	92.63	52.96
1900	34	1113	70.6774193548387	98.4	NA
735	31	513	62.535714285714285	98.03	NA
2753	39	1566	76.38888888888889	87.09	NA
2842	33	6300	76.43333333333334	51.12	0.06
702	31	1575	71.32142857142857	42.76	NA
831	31	909	68.67857142857143	98.78	NA
2109	29	1389	72.76923076923077	96.67	40.88
291	29	2895	78.53846153846153	54.18	NA
2064	30	1200	69.25925925925925	78.95	NA
2179	32	474	68.65517241379311	81.57	NA
192	31	1125	63.214285714285715	97.97	80.84
960	32	2403	75.51724137931035	99.13	2.78
1092	32	693	71.37931034482759	89.75	12.12
2369	27	3414	63.166666666666664	81.24	65.83
889	31	879	66.5	86.81	NA
1759	33	987	74.03333333333333	78.8	80.38
596	31	654	70.53571428571429	99.12	68.92
715	30	501	72.18518518518519	81.11	NA
280	10	2832	74.57142857142857	99.28	NA
1692	31	2124	73.25	96.59	5.56
2634	32	1107	69.0	24.37	NA
274	32	1026	65.27586206896552	63.23	96.99
1945	38	897	70.88571428571429	95.72	41.07
24	27	1140	73.83333333333333	77.05	NA
2135	25	507	66.95454545454545	61.43	NA
2095	29	1374	71.23076923076923	88.46	82.85
2554	30	2331	70.29629629629629	3.99	0
1480	37	1791	76.29411764705883	39.02	40.43
1301	34	1641	77.3225806451613	76.68	41.24
3058	34	1305	68.2258064516129	50.05	7.37
1536	34	1050	68.58064516129032	64.92	5.42
1288	14	1065	71.63636363636364	0.78	0.35
643	29	1878	79.61538461538461	86.49	46.11
1923	33	927	75.06666666666666	95.53	NA
2960	31	888	74.17857142857143	36.59	NA
1892	37	522	69.41176470588235	74.06	40.09
532	31	2217	81.60714285714286	7.11	4.01
1104	35	1641	74.46875	61.74	70.43
1497	30	1695	68.37037037037037	18.49	48.06
498	30	1602	74.44444444444444	95.95	NA
881	31	1830	64.92857142857143	95.05	55.07
2882	40	678	68.70270270270271	90.8	14.47
2208	38	711	73.28571428571429	89.61	91.36
2361	32	1308	74.06896551724138	24.18	96.86
1713	31	1116	71.14285714285714	54.18	NA
1694	37	969	74.29411764705883	97.9	78.11
238	27	1632	73.70833333333333	82.83	NA
2769	39	1197	69.38888888888889	93.75	89.36
798	33	894	62.13333333333333	84.2	21.92
1108	33	462	64.33333333333333	99.91	93.49
1730	35	1467	73.78125	72.86	NA
2946	10	2622	90.0	65.11	NA
2565	27	3213	76.33333333333333	3.56	NA
406	32	1638	73.06896551724138	14.43	0.01
43	26	2079	74.65217391304348	26.19	NA
2104	36	1197	68.54545454545455	26.09	14.22
2308	29	780	71.46153846153847	51.38	15.18
2283	27	3960	81.625	5.81	NA
2358	32	1920	76.89655172413794	57.88	0
427	29	762	68.1923076923077	77.51	NA
2941	32	1761	81.20689655172414	45.0	NA
592	16	5208	76.15384615384616	6.24	8.26
1621	36	507	69.9090909090909	98.21	93.15
2468	28	1899	70.48	84.58	NA
584	29	1590	76.23076923076923	62.29	80.64
2479	38	1587	77.14285714285714	69.41	14.81
1963	36	1002	79.84848484848484	83.24	NA
919	33	1590	79.43333333333334	98.17	0.01
2968	10	2595	71.85714285714286	6.99	NA
642	30	873	77.29629629629629	98.76	63.54
1656	32	1077	74.13793103448276	31.97	47.8
2519	30	1419	75.22222222222223	95.66	NA
2810	39	1746	75.75	90.72	80.47
2425	12	1422	78.77777777777777	96.94	84.09
624	32	1227	67.37931034482759	99.96	58.23
39	30	921	68.70370370370371	84.52	3.59
3075	30	1107	72.74074074074075	78.87	22.49
2299	35	909	71.375	83.29	51.31
2657	39	1053	70.80555555555556	0	60.05
1927	38	1095	74.08571428571429	80.28	98.44
719	28	1227	75.88	34.91	64.84
2322	30	1983	72.51851851851852	84.73	15.36
2311	27	984	68.58333333333333	89.74	5.52
70	26	471	72.73913043478261	99.83	NA
738	31	2361	75.42857142857143	41.95	NA
190	32	1506	73.10344827586206	96.15	41.3
1546	35	1338	80.90625	90.93	63.82
901	33	2184	72.0	87.69	2.27
1352	33	807	58.93333333333333	97.96	NA
1548	33	1668	77.93333333333334	0	0.03
1815	31	1557	74.5	82.69	NA
893	28	789	77.16	49.53	NA
51	29	732	68.92307692307692	71.9	22.51
3056	30	1737	63.03703703703704	96.46	58.44
1582	27	1176	73.95833333333333	69.54	NA
1635	34	993	76.06451612903226	82.57	NA
1989	24	2034	73.80952380952381	38.02	NA
1331	23	2781	76.55	0.91	NA
445	33	1851	79.9	61.35	14.68
2147	28	1179	75.56	82.2	64.29
1998	13	1947	86.1	89.62	NA
1733	33	1194	75.1	98.49	71.65
1064	30	747	70.85185185185185	64.86	NA
1711	25	2358	65.4090909090909	33.11	NA
2581	38	1269	68.54285714285714	12.46	1.1
1762	19	1329	46.5625	45.19	45.01
173	32	1227	77.34482758620689	84.37	37.75
2215	34	1719	73.38709677419355	28.11	28.02
2042	35	1701	75.46875	61.23	25.78
2333	32	1722	76.58620689655173	86.83	NA
1667	36	1839	73.51515151515152	90.41	2.1
509	31	1131	76.85714285714286	88.43	NA
2813	38	801	77.77142857142857	98.55	NA
2603	37	2700	78.26470588235294	89.68	2.46
3010	30	2613	65.85185185185185	33.03	0.65
1070	32	1323	70.75862068965517	27.17	NA
2441	36	933	73.66666666666667	98.07	NA
791	21	1074	70.55555555555556	84.51	19.53
2060	27	2055	71.08333333333333	96.82	0
1931	34	639	66.51612903225806	84.47	NA
2628	36	558	65.03030303030303	99.36	NA
253	30	1356	79.81481481481481	97.76	25.26
1422	34	537	77.45161290322581	79.36	NA
2786	42	2745	81.0	80.18	5.05
2480	36	750	70.18181818181819	75.67	30.3
641	28	693	58.12	49.05	NA
1433	34	1527	72.96774193548387	99.52	79.49
1279	30	1128	70.51851851851852	4.65	NA
2315	33	1662	73.3	92.46	9.95
1266	31	3186	75.85714285714286	51.63	0.05
389	29	897	66.23076923076923	90.21	52.89
1103	30	960	75.25925925925925	48.13	6.04
2693	34	1197	68.58064516129032	97.47	17.71
194	30	1206	75.14814814814815	41.73	NA
1263	33	969	70.46666666666667	97.04	31.11
2239	39	540	68.55555555555556	89.82	60.01
2229	36	969	63.21212121212121	78.12	NA
2874	21	2334	76.94444444444444	38.82	NA
2566	41	840	70.47368421052632	86.51	60.76
2432	28	519	71.32	74.6	NA
2226	38	1086	74.25714285714285	87.22	18.02
3081	29	1473	70.03846153846153	71.58	13.16
1490	31	1305	70.64285714285714	96.4	63.5
2807	40	2712	72.54054054054055	98.27	0.98
2446	28	786	64.72	96.61	54.67
2613	40	912	71.70270270270271	68.36	56.73
1083	29	876	73.38461538461539	97.45	NA
3034	36	897	66.57575757575758	38.45	46.98
2005	33	975	72.16666666666667	22.69	NA
2605	28	2226	63.84	92.03	5.62
832	33	1128	75.53333333333333	73.18	53.43
1228	22	2940	79.42105263157895	81.41	54.99
1382	30	315	63.25925925925926	76.7	NA
988	32	654	72.6896551724138	99.03	NA
2595	39	1182	75.38888888888889	89.02	66.84
1549	31	1104	83.03571428571429	73.22	0.01
838	34	606	73.58064516129032	87.81	83.71
673	32	1689	78.65517241379311	99.63	NA
1252	29	972	81.53846153846153	78.59	NA
1300	31	1263	71.0	49.95	17.92
2352	28	1680	73.16	99.47	4.93
3085	24	2244	77.42857142857143	68.29	0.09
1150	31	2856	72.85714285714286	55.51	38.99
325	19	2367	65.3125	68.79	44.5
2516	40	1395	72.4054054054054	94.44	37.8
2039	34	915	75.03225806451613	86.65	63.48
223	30	1035	68.0	51.76	40.88
1295	19	2355	72.5	10.06	NA
2235	37	732	72.38235294117646	86.39	94.65
219	29	726	75.15384615384616	77.6	NA
2077	35	1083	69.0625	23.08	65.3
1689	37	1428	74.97058823529412	75.38	67.85
1574	32	348	75.82758620689656	92.08	84.13
1935	35	348	67.3125	32.57	34.58
341	30	1815	75.22222222222223	55.91	48.65
1388	32	1008	74.65517241379311	88.47	48.71
3018	26	1395	65.6086956521739	91.35	NA
1970	35	1167	77.53125	98.11	97.18
2679	31	549	70.60714285714286	89.4	NA
847	30	1188	68.70370370370371	86.69	7.47
419	29	1017	69.0	16.07	NA
2606	39	486	67.94444444444444	99.24	NA
414	30	960	73.62962962962963	94.14	NA
382	29	585	78.96153846153847	88.7	19.01
29	26	900	60.17391304347826	86.66	NA
2902	33	1587	72.96666666666667	87.78	NA
1699	33	885	70.93333333333334	93.78	74.58
2004	35	1242	65.5	51.41	92.28
1235	33	2670	77.26666666666667	88.43	11.42
1032	28	6054	79.76	85.11	5.42
2209	38	684	71.37142857142857	38.66	13.46
2466	33	1356	69.23333333333333	75.2	0.9
2295	36	1080	75.33333333333333	70.41	NA
1470	28	549	68.72	74.73	95.16
1243	33	2469	72.53333333333333	92.44	23.85
2932	27	1581	74.41666666666667	37.53	46.2
139	12	3762	71.88888888888889	52.67	23.67
1855	31	1212	79.03571428571429	98.06	3.97
2619	40	1326	76.10810810810811	94.73	59.1
1515	29	918	76.46153846153847	65.15	0.81
2497	39	1263	76.69444444444444	94.17	23.49
994	23	1452	82.2	50.52	NA
1096	35	1059	79.65625	86.25	65.06
2575	36	645	68.78787878787878	99.04	NA
2217	13	648	73.6	99.23	NA
2329	34	1215	69.61290322580645	99.19	NA
1554	35	1317	67.375	98.69	94.88
2699	33	3045	62.666666666666664	25.28	0
2475	37	1443	75.0	84.62	NA
2201	29	684	74.92307692307692	84.0	11.02
2026	26	2196	72.47826086956522	76.65	NA
695	33	936	70.96666666666667	12.1	10.55
663	34	1260	70.87096774193549	50.63	98.59
2796	39	1137	74.41666666666667	28.89	0.49
687	31	693	74.42857142857143	52.09	2.8
1782	29	1344	74.42307692307692	20.07	98.36
1637	35	759	74.875	85.74	31.33
2527	32	666	75.86206896551724	95.96	27.01
617	32	576	63.758620689655174	64.11	26.37
298	29	1224	62.88461538461539	76.4	NA
952	12	1860	76.44444444444444	95.5	28.31
313	23	1920	69.85	83.91	NA
2368	22	4182	64.15789473684211	27.83	93.86
2313	36	2379	77.27272727272727	32.42	0.44
806	10	1524	89.57142857142857	98.0	NA
1281	33	3249	71.73333333333333	82.92	99.13
896	33	1332	73.93333333333334	93.37	95.11
1896	35	756	72.53125	98.49	NA
1919	33	879	70.6	89.68	NA
1654	27	1254	76.125	96.37	NA
886	32	2268	73.72413793103448	94.68	40.08
391	29	885	67.07692307692308	64.74	NA
2672	32	1167	73.55172413793103	69.72	2.5
3038	40	1491	72.4054054054054	96.67	81.47
986	23	1485	68.75	52.21	NA
2006	33	1248	71.1	98.15	0.06
2230	33	1962	64.63333333333334	70.37	NA
2822	25	1689	66.77272727272727	83.61	NA
2503	27	3003	63.708333333333336	74.82	65.41
248	30	1083	72.33333333333333	97.44	38.76
737	32	1092	75.65517241379311	87.39	NA
1852	30	1401	76.44444444444444	25.9	49.57
2894	41	1641	75.10526315789474	41.88	0.45
3062	38	762	77.65714285714286	96.08	NA
1691	35	1158	71.84375	51.72	NA
2592	36	639	67.6969696969697	99.99	NA
30	30	1140	76.51851851851852	88.56	97.08
2277	34	1062	74.19354838709677	54.64	17.83
451	32	738	69.0	51.82	NA
1756	25	1293	65.86363636363636	0.01	33.43
2653	34	2076	71.96774193548387	33.59	NA
319	30	1188	63.2962962962963	99.63	29.1
1014	31	1950	70.03571428571429	80.29	98.21
1807	27	1026	76.625	51.46	3.68
580	25	1167	70.72727272727273	78.72	42.68
1533	35	2397	82.46875	45.67	0.23
725	28	1167	76.4	79.87	2.73
2831	33	660	66.6	9.7	NA
2847	31	2316	74.32142857142857	79.03	82.24
513	30	1500	77.29629629629629	78.97	50.59
1744	27	384	70.625	96.83	NA
1542	30	849	74.81481481481481	80.65	NA
2572	36	384	66.51515151515152	99.46	92.39
2721	36	2895	77.06060606060606	93.58	0
1035	32	1053	75.89655172413794	95.46	NA
755	32	2742	72.72413793103448	26.55	11.68
1169	33	1620	80.03333333333333	97.44	81.1
2294	12	1623	76.33333333333333	50.03	95.75
2251	33	951	71.46666666666667	92.79	NA
1443	34	1230	73.96774193548387	93.82	NA
2074	32	2550	64.51724137931035	61.56	81.93
279	27	1128	66.45833333333333	83.86	NA
6	28	993	71.96	96.81	NA
2754	36	1440	67.54545454545455	84.36	5.48
487	30	1041	74.4074074074074	86.39	NA
769	32	2571	74.24137931034483	0.58	0.1
174	29	789	67.03846153846153	71.29	NA
1886	35	621	72.53125	37.28	NA
814	32	900	76.17241379310344	92.57	NA
2099	33	2979	76.7	64.16	6.89
2609	38	1602	70.31428571428572	88.91	39.94
1125	35	1233	74.53125	71.34	80.31
1848	37	1626	79.3529411764706	12.75	0.18
436	31	1968	74.28571428571429	72.88	2.17
2462	31	324	70.82142857142857	98.08	0
1414	35	546	60.6875	90.98	75.73
2854	32	3816	76.93103448275862	70.24	NA
1538	36	1179	77.57575757575758	96.54	0.01
294	26	1815	73.65217391304348	42.39	NA
620	32	690	69.65517241379311	84.88	87.87
204	27	1008	71.58333333333333	99.75	NA
2020	34	1785	72.06451612903226	95.07	43.5
435	21	1674	74.05555555555556	42.04	0.05
2700	28	2166	70.24	76.32	98.12
1514	34	1014	75.58064516129032	36.97	59.48
1385	34	1395	78.41935483870968	53.81	NA
1431	33	1323	83.83333333333333	89.49	NA
1988	27	651	68.5	98.01	60.1
2111	28	2289	74.76	50.76	85.54
1493	36	837	67.93939393939394	89.27	12.31
2935	36	1386	68.15151515151516	94.01	25.19
305	31	873	65.53571428571429	97.53	19.76
402	31	762	70.96428571428571	91.22	15.4
1265	28	3045	69.96	93.87	45.38
480	33	981	72.86666666666666	82.96	70.24
2784	34	1596	80.19354838709677	93.48	41.45
1274	25	2352	75.5	93.76	NA
2767	39	2733	75.5	81.86	0
2828	32	1296	72.96551724137932	99.84	18.05
2669	37	2775	79.6470588235294	40.13	3.78
463	33	972	68.03333333333333	87.75	70.97
1783	29	1443	67.07692307692308	46.81	NA
1208	33	1158	76.2	94.37	NA
1655	34	3375	66.61290322580645	33.13	8.76
1044	33	1803	63.5	72.57	0.24
2558	35	951	69.78125	46.69	0
465	31	1014	75.17857142857143	95.56	NA
514	31	1563	75.07142857142857	98.39	1.18
1105	25	1869	78.22727272727273	92.26	NA
1818	34	1776	75.58064516129032	85.37	75.93
1939	36	507	74.15151515151516	96.55	8.59
713	30	1818	71.22222222222223	0.62	NA
2530	32	2295	76.55172413793103	80.05	36.02
1148	32	993	64.3103448275862	17.31	82.72
1404	33	582	73.4	96.58	NA
911	10	1011	74.57142857142857	76.0	NA
931	33	843	75.3	91.85	0.03
102	30	399	69.0	91.85	97.08
1722	37	2349	78.61764705882354	99.13	67.0
2506	36	1452	66.57575757575758	96.14	NA
2886	43	1455	74.45	57.65	87.85
517	28	522	70.04	96.14	NA
1337	23	2931	74.15	84.0	0.3
782	27	699	56.833333333333336	85.34	NA
1399	35	972	63.0	92.92	2.38
1721	37	948	71.6470588235294	95.24	56.61
492	30	675	68.5925925925926	81.43	84.17
1231	27	1536	72.125	76.66	32.53
1107	35	1392	72.1875	91.23	5.09
1979	35	1674	72.84375	80.84	95.97
35	29	669	68.3076923076923	74.95	94.59
1913	31	2118	71.46428571428571	89.44	0.67
1177	34	1620	73.38709677419355	82.67	81.3
1861	30	1338	72.96296296296296	94.46	NA
863	29	387	60.88461538461539	52.48	NA
331	30	2220	69.22222222222223	57.71	53.69
721	31	603	64.85714285714286	98.58	NA
444	30	750	76.74074074074075	96.61	NA
1494	31	975	74.53571428571429	96.06	NA
529	31	1983	76.67857142857143	26.59	0.08
2923	21	1551	74.5	95.15	0.33
1665	34	1260	72.51612903225806	93.9	NA
1219	33	1320	64.56666666666666	80.96	74.02
1244	24	603	64.95238095238095	91.25	NA
2785	37	1218	82.0	39.14	NA
711	30	3879	74.77777777777777	74.8	0
307	29	903	68.07692307692308	89.53	43.4
2269	34	2175	68.19354838709677	28.23	NA
965	10	3282	68.57142857142857	99.51	NA
2397	37	861	72.6470588235294	72.07	NA
1588	30	1563	72.85185185185185	60.02	4.35
704	32	591	71.6896551724138	82.45	57.05
1652	34	618	75.0	98.66	NA
990	22	6435	70.05263157894737	0	0.03
852	31	738	67.35714285714286	93.43	NA
2075	29	1623	64.26923076923077	81.43	51.3
424	32	1446	70.34482758620689	85.18	26.96
2453	33	1491	72.1	23.25	16.8
1629	36	606	72.15151515151516	94.2	NA
1622	36	372	65.24242424242425	73.69	25.22
1916	36	1149	81.54545454545455	95.7	88.77
287	32	1368	74.41379310344827	98.64	95.5
415	16	1914	65.07692307692308	79.47	NA
2536	31	1062	67.46428571428571	78.59	NA
1661	37	825	75.1470588235294	49.74	64.27
730	27	8802	68.83333333333333	5.33	NA
1267	30	2055	73.74074074074075	1.04	NA
2967	28	1476	75.08	96.33	NA
1407	30	2118	70.62962962962963	83.66	60.58
2222	25	2253	65.86363636363636	27.28	24.05
2040	35	639	71.09375	90.97	NA
848	32	1779	72.65517241379311	78.39	NA
1645	32	1317	76.10344827586206	63.81	NA
21	28	1281	71.04	48.01	NA
130	26	1782	71.65217391304348	94.14	NA
1640	37	1389	84.6470588235294	90.79	94.24
245	31	1053	65.25	52.86	12.78
1766	28	2616	72.44	0.83	66.57
3086	30	1548	68.44444444444444	89.34	4.25
1018	28	4929	73.96	6.09	NA
2237	36	693	69.60606060606061	98.84	NA
1653	36	570	71.93939393939394	93.92	NA
1173	27	774	62.416666666666664	18.72	NA
907	32	1083	71.03448275862068	80.71	NA
2124	20	2283	68.3529411764706	45.96	80.93
340	30	540	70.03703703703704	65.2	NA
987	32	705	73.72413793103448	90.22	NA
2450	39	597	63.25	80.7	84.0
1380	36	1059	71.18181818181819	70.79	77.45
1291	33	918	75.93333333333334	98.22	73.5
2159	10	5442	89.0	70.09	0
2243	26	1497	75.82608695652173	38.89	1.23
2408	38	1512	72.85714285714286	91.93	NA
2340	26	3408	66.04347826086956	12.07	2.08
65	27	1014	70.66666666666667	85.24	NA
1693	26	1878	66.78260869565217	85.15	NA
1305	31	1548	70.39285714285714	83.28	17.97
1785	28	1410	73.52	96.76	36.37
1936	37	1476	76.29411764705883	29.6	58.69
233	28	1053	70.72	88.61	NA
2463	36	927	76.51515151515152	96.68	NA
2877	41	744	75.89473684210526	87.5	66.54
1969	38	930	71.25714285714285	98.6	10.36
179	31	1488	75.42857142857143	61.94	62.69
1221	31	1206	74.96428571428571	78.91	40.0
600	33	1227	75.56666666666666	52.76	NA
763	30	1752	66.37037037037037	92.36	67.13
829	31	2535	75.82142857142857	18.86	15.58
2402	30	1248	75.88888888888889	0.02	9.23
1624	35	795	73.5625	87.82	42.06
2445	28	1578	71.16	37.51	NA
2991	41	720	77.92105263157895	98.85	89.75
218	30	867	73.33333333333333	29.97	86.86
1002	29	2265	76.84615384615384	81.07	0
2016	36	1299	67.18181818181819	25.6	24.96
2133	28	1764	63.76	24.85	0.76
2387	38	1071	75.57142857142857	71.43	NA
667	31	1569	71.32142857142857	31.07	NA
1552	29	2754	73.76923076923077	76.48	0.4
1369	33	1419	74.33333333333333	87.21	NA
2169	24	1980	70.19047619047619	46.15	47.66
2021	38	540	70.62857142857143	64.69	3.96
854	32	513	70.72413793103448	94.82	NA
1706	36	1245	66.0	90.45	69.44
2150	36	843	70.81818181818181	97.66	NA
1701	37	924	74.97058823529412	95.14	74.96
2206	37	1929	77.61764705882354	98.8	6.38
871	33	828	76.93333333333334	99.35	98.74
2759	41	648	69.3157894736842	77.63	52.92
2467	38	975	75.71428571428571	55.0	65.07
87	31	1791	76.78571428571429	72.62	57.04
1856	31	1599	68.60714285714286	97.03	0.29
1780	36	1440	74.66666666666667	74.14	0.67
1408	33	696	66.7	91.09	41.95
1451	31	1278	70.82142857142857	37.9	NA
1746	31	894	69.0	97.2	NA
2933	35	1386	63.96875	94.28	23.17
172	29	336	63.15384615384615	94.3	NA
2512	15	1917	64.83333333333333	86.54	0.04
1071	32	708	72.13793103448276	89.8	83.03
898	32	1116	75.96551724137932	90.11	NA
1737	33	582	71.06666666666666	79.4	NA
2280	35	1671	70.46875	93.22	10.66
2911	35	1824	74.6875	51.94	0
1477	35	1296	72.53125	77.92	55.98
821	35	897	68.8125	99.89	76.61
1286	32	1140	68.75862068965517	87.83	77.15
28	31	1539	75.67857142857143	63.11	59.75
304	22	2082	70.05263157894737	77.67	0.07
2460	33	1044	73.63333333333334	35.51	62.51
1031	31	3210	73.64285714285714	63.89	0.06
2197	27	2091	76.08333333333333	81.7	27.62
803	30	1107	73.77777777777777	93.99	6.52
2364	14	2250	75.18181818181819	33.16	0.33
381	32	687	74.3103448275862	84.11	25.2
1452	34	1605	74.12903225806451	97.05	55.32
2691	41	1929	75.10526315789474	63.46	0.6
597	29	783	68.6923076923077	84.27	NA
234	28	1671	69.64	47.19	53.82
296	30	2760	76.85185185185185	30.22	0.12
795	33	1869	76.13333333333334	97.9	39.68
1771	37	1191	73.76470588235294	92.2	8.54
345	30	2577	72.92592592592592	18.72	NA
83	27	1554	67.5	72.43	7.19
1638	36	618	70.15151515151516	94.22	NA
1409	37	852	68.67647058823529	86.0	7.22
2009	35	582	63.6875	92.18	NA
1513	34	1152	67.29032258064517	90.09	NA
515	29	1467	70.61538461538461	42.56	NA
2586	36	3018	76.15151515151516	89.41	NA
2795	38	1506	72.14285714285714	96.87	NA
1417	37	996	67.47058823529412	31.1	97.17
2038	27	954	72.875	62.28	30.56
2056	32	2154	69.62068965517241	69.86	NA
1178	33	1311	70.5	98.47	55.41
1459	24	3591	68.0	86.29	5.29
858	32	1428	71.3103448275862	71.98	NA
2702	28	2250	59.28	90.76	NA
1997	32	969	72.27586206896552	97.34	NA
2665	35	819	76.96875	98.36	82.42
1160	35	1047	71.0625	33.61	21.51
1165	33	1365	75.7	42.11	3.92
2848	33	1725	69.76666666666667	1.22	87.08
2552	12	1446	60.0	2.55	47.46
461	23	2517	67.8	50.37	45.86
1021	33	1032	65.33333333333333	93.92	NA
2688	12	2502	75.88888888888889	65.3	NA
146	30	1554	65.4074074074074	76.33	1.57
2062	13	2076	79.9	73.42	0.06
626	30	2949	73.48148148148148	49.08	88.96
2920	38	975	75.14285714285714	81.43	NA
479	29	654	73.26923076923077	84.04	54.8
2252	34	687	72.61290322580645	80.14	NA
508	29	1218	68.07692307692308	75.92	86.25
1899	31	1026	63.67857142857143	44.0	1.28
2716	37	2442	76.3529411764706	86.98	4.94
2184	38	873	72.05714285714286	96.48	58.52
2646	34	699	71.51612903225806	93.78	86.82
1225	34	657	64.83870967741936	42.67	56.24
1651	31	513	61.892857142857146	71.84	NA
1670	38	1323	79.57142857142857	44.52	22.03
2550	35	1386	73.75	88.95	75.35
588	20	2280	68.58823529411765	70.25	25.82
2430	36	852	72.36363636363636	95.46	76.59
2119	32	3270	78.03448275862068	18.94	NA
2069	37	2844	67.94117647058823	49.97	NA
359	27	1992	73.08333333333333	88.82	NA
825	34	1065	68.74193548387096	96.5	NA
2821	30	1809	75.92592592592592	8.02	NA
1993	36	1782	74.45454545454545	70.32	NA
640	30	1191	68.22222222222223	99.48	NA
165	30	930	64.88888888888889	79.13	NA
2275	37	1113	75.76470588235294	98.63	40.47
2457	36	369	65.12121212121212	95.41	NA
299	27	501	72.16666666666667	75.79	NA
789	32	1260	71.10344827586206	55.41	39.91
206	29	3222	64.5	31.88	0.88
2102	33	2328	76.73333333333333	84.37	4.12
320	28	2382	76.4	92.73	0.1
44	28	1740	77.64	60.39	35.56
2903	28	1017	72.28	82.85	NA
3046	31	1074	75.32142857142857	94.99	51.31
2284	28	1452	78.08	95.3	NA
1894	26	1203	70.43478260869566	72.69	NA
1837	33	924	79.13333333333334	34.25	NA
458	27	1323	66.33333333333333	99.56	80.92
1616	37	915	73.67647058823529	86.51	15.35
2770	40	1434	78.51351351351352	56.51	34.84
2547	14	1143	74.45454545454545	45.57	59.26
1757	33	5565	73.16666666666667	37.22	NA
646	29	996	67.88461538461539	96.44	NA
1410	36	759	69.60606060606061	98.79	16.84
129	27	972	68.83333333333333	73.44	NA
1797	28	2442	73.0	17.95	0.26
2639	39	1131	68.27777777777777	84.26	2.22
2414	38	1437	75.65714285714286	3.07	0.04
2151	36	708	69.84848484848484	94.12	NA
500	31	3306	73.17857142857143	71.09	21.74
3032	43	750	71.85	98.24	99.1
648	32	1620	76.58620689655173	57.16	45.02
2015	26	1305	77.04347826086956	1.24	24.65
2709	35	1935	72.59375	20.52	NA
16	28	1332	71.6	87.58	81.74
2587	39	885	76.36111111111111	94.2	69.42
1903	36	1449	74.3030303030303	72.46	0.3
647	31	1065	74.71428571428571	98.39	NA
636	28	1134	66.72	94.97	NA
2310	34	915	72.48387096774194	99.87	NA
841	35	813	82.875	85.57	18.57
734	33	1125	73.5	57.5	61.44
1170	33	3042	78.5	95.51	0
1424	34	567	66.74193548387096	84.11	45.6
229	30	852	78.0	99.47	7.12
897	33	747	75.83333333333333	94.15	20.73
1211	29	1452	69.5	96.42	NA
2331	34	2553	71.74193548387096	63.67	19.69
169	26	2502	73.8695652173913	67.64	15.69
904	23	903	67.65	81.55	NA
2257	37	1485	73.67647058823529	8.78	0.81
467	28	2901	68.08	65.61	2.07
48	27	1950	76.125	74.48	NA
736	11	3150	64.875	16.08	NA
1185	23	1122	67.75	19.33	74.79
1038	32	1443	78.20689655172414	85.03	6.36
1949	33	918	70.23333333333333	97.07	NA
13	30	699	70.22222222222223	38.67	35.75
413	30	699	77.03703703703704	92.92	36.97
1426	32	1128	67.24137931034483	72.88	NA
834	31	1713	66.89285714285714	79.22	0.68
2815	35	2016	78.46875	92.46	36.34
3017	38	2136	75.68571428571428	94.13	86.92
891	32	1536	70.10344827586206	79.97	55.44
2761	38	1374	70.74285714285715	97.0	82.29
956	31	1680	71.67857142857143	45.39	2.97
3055	28	1593	68.8	59.11	51.16
193	30	1569	71.14814814814815	85.26	1.51
1062	35	441	64.84375	69.67	22.71
2676	35	1260	64.90625	80.26	93.32
290	31	939	61.67857142857143	82.56	74.87
2474	38	2061	74.31428571428572	87.51	83.41
1581	30	2109	71.62962962962963	98.72	8.39
2002	32	1143	70.06896551724138	28.83	NA
2027	32	1872	74.6896551724138	92.35	NA
1077	35	1536	75.1875	98.22	77.1
1323	30	3027	74.18518518518519	74.92	23.32
1584	33	3270	68.96666666666667	31.15	6.21
1962	32	582	69.06896551724138	69.47	NA
1768	32	1770	74.17241379310344	19.52	0.21
764	13	1551	78.9	56.21	57.95
2532	36	4134	76.18181818181819	7.72	0.9
1492	30	1725	66.88888888888889	43.53	0.13
2085	33	1269	72.03333333333333	96.65	33.91
1839	30	1902	70.37037037037037	89.82	3.18
1463	37	1086	75.11764705882354	93.39	37.86
466	32	1647	73.44827586206897	73.73	0.02
2835	27	456	59.708333333333336	90.85	NA
2780	31	2577	70.75	69.78	NA
96	20	1743	66.3529411764706	64.01	42.39
1765	22	1623	64.05263157894737	76.96	3.32
2655	38	1188	77.65714285714286	96.57	9.99
2899	41	1728	70.36842105263158	6.48	0.07
1325	36	1740	72.18181818181819	59.71	94.65
244	29	1956	75.15384615384616	13.65	NA
236	31	768	69.64285714285714	91.98	6.44
1455	36	693	66.75757575757575	93.6	42.0
2068	12	2019	82.55555555555556	93.53	35.71
912	32	1281	71.10344827586206	74.53	NA
2776	40	1410	71.86486486486487	45.77	0.1
82	26	2154	68.78260869565217	99.94	84.36
2907	41	1752	72.76315789473684	60.12	24.75
2895	38	1602	73.71428571428571	85.97	NA
879	31	597	65.92857142857143	89.12	NA
1068	33	2154	66.43333333333334	50.13	23.06
1594	23	1779	76.65	50.77	NA
1197	33	1611	68.26666666666667	26.43	6.88
2076	32	1767	67.6896551724138	82.19	2.99
308	29	1395	75.11538461538461	77.96	NA
1425	36	1425	81.84848484848484	72.37	68.03
1726	36	1086	72.03030303030303	66.04	29.75
349	28	1638	70.76	59.2	32.63
710	31	1905	71.5	94.7	61.07
1202	29	831	69.3076923076923	86.42	10.71
151	26	1248	70.30434782608695	98.39	NA
2023	32	1371	62.55172413793103	15.47	NA
2413	39	1914	75.33333333333333	91.64	80.79
1707	36	771	74.45454545454545	88.53	87.07
153	28	1461	71.0	9.74	NA
135	29	936	73.73076923076923	72.98	NA
677	26	2391	72.26086956521739	59.58	55.34
2529	20	960	79.47058823529412	61.2	NA
2097	32	1803	71.03448275862068	83.08	0
2654	16	1704	73.6923076923077	22.31	89.14
1591	35	2682	70.34375	82.92	11.91
502	32	1107	74.86206896551724	88.45	37.47
612	31	1278	70.17857142857143	26.79	NA
1812	33	1515	75.16666666666667	82.76	19.12
1864	13	2949	71.9	64.51	3.87
866	35	1182	67.28125	96.53	31.72
101	28	1554	74.84	95.61	NA
2456	32	900	77.89655172413794	74.68	36.07
2826	39	2094	74.19444444444444	96.23	9.92
2569	41	471	68.07894736842105	67.58	80.07
3036	41	1062	74.10526315789474	86.79	NA
2078	30	1689	73.44444444444444	5.41	22.15
2745	42	957	78.23076923076923	71.09	9.49
2162	39	858	73.97222222222223	56.09	93.72
797	31	1653	72.35714285714286	33.68	40.44
47	27	1170	63.25	27.17	28.41
338	30	1701	71.18518518518519	95.78	3.04
2838	39	1251	75.47222222222223	66.29	31.31
1985	37	1146	67.79411764705883	92.68	89.33
1858	24	3033	76.80952380952381	69.07	47.84
1827	34	2232	77.2258064516129	84.98	2.78
2723	27	1092	65.875	90.46	NA
1063	34	1593	76.96774193548387	97.93	24.21
1844	32	1260	66.20689655172414	65.89	35.05
2267	39	5103	79.80555555555556	43.76	0.42
2396	38	1593	73.71428571428571	99.71	54.24
527	27	1281	77.41666666666667	67.7	89.82
100	31	1485	76.85714285714286	87.03	72.79
214	29	1059	73.1923076923077	92.52	NA
720	29	714	81.53846153846153	85.68	NA
981	19	2091	70.75	47.2	3.45
2327	29	1746	65.3076923076923	95.8	NA
1078	35	843	68.125	99.36	36.63
2223	35	1755	77.625	48.16	34.89
605	30	633	79.66666666666667	86.67	NA
717	34	1923	74.64516129032258	82.91	24.74
2326	25	2382	81.18181818181819	56.26	30.18
1089	35	1044	69.40625	99.66	69.12
1752	36	867	72.39393939393939	99.47	NA
680	28	1290	74.52	33.47	NA
1100	32	1008	74.93103448275862	68.83	82.67
1519	14	1569	72.18181818181819	84.26	3.5
1959	27	1761	78.625	99.51	NA
261	29	987	70.61538461538461	88.33	78.12
443	33	1119	67.9	83.98	1.66
1065	34	696	65.87096774193549	82.21	NA
3026	29	1563	80.15384615384616	85.79	94.24
2101	31	1563	72.60714285714286	81.61	NA
430	30	1638	73.29629629629629	68.07	NA
2775	29	1953	70.11538461538461	50.86	0
1101	35	927	76.71875	56.55	39.36
969	33	1677	72.4	79.06	86.27
2947	34	1269	74.03225806451613	96.5	48.15
1687	31	1704	58.67857142857143	85.76	67.08
2082	33	2868	71.4	6.5	8.41
3042	31	996	63.42857142857143	95.78	0.12
817	31	966	71.85714285714286	98.93	NA
2827	39	813	68.33333333333333	98.73	27.22
2198	33	1107	64.46666666666667	31.33	3.28
2897	40	711	74.86486486486487	87.02	96.44
1122	31	852	74.03571428571429	87.92	NA
521	30	1059	62.81481481481482	76.48	NA
2010	31	1356	64.82142857142857	88.04	34.64
1860	27	1515	78.375	94.03	NA
3012	27	624	66.29166666666667	98.32	NA
2744	37	789	73.41176470588235	97.27	NA
1184	35	636	70.34375	99.04	63.71
97	26	810	70.30434782608695	81.54	NA
1704	36	1155	71.60606060606061	97.13	86.0
2037	26	1398	65.8695652173913	82.47	NA
207	31	897	73.53571428571429	93.63	40.06
2598	39	1629	73.88888888888889	96.05	35.33
1242	34	1107	74.51612903225806	93.57	49.05
613	27	945	73.58333333333333	25.47	NA
1508	32	1251	64.13793103448276	32.79	50.7
2733	33	1869	75.7	36.39	41.63
2966	35	1935	73.34375	97.86	0.01
1787	30	1731	71.88888888888889	78.12	NA
3020	27	1131	70.79166666666667	81.92	4.06
2585	38	906	71.54285714285714	70.08	NA
880	32	780	70.10344827586206	97.59	0.8
674	31	903	66.28571428571429	89.43	NA
1557	31	1845	75.85714285714286	72.15	58.46
694	34	1308	74.09677419354838	81.23	66.81
1112	35	1269	80.96875	99.22	18.62
781	33	1527	66.5	35.09	0.48
2236	37	921	72.82352941176471	93.42	19.17
2725	24	1194	59.857142857142854	43.34	NA
2589	38	1653	72.25714285714285	97.94	53.85
861	28	843	66.48	12.68	NA
19	25	963	65.45454545454545	38.73	NA
2378	36	564	71.81818181818181	91.69	NA
2385	37	972	70.38235294117646	48.64	NA
3060	30	1737	65.85185185185185	96.11	61.94
387	28	642	57.36	33.61	NA
543	25	3054	74.86363636363636	81.21	NA
1770	32	1311	77.75862068965517	97.45	NA
1345	37	1503	78.26470588235294	82.14	91.2
1358	35	948	71.21875	97.09	56.78
983	30	1083	64.55555555555556	96.96	60.96
869	32	1095	70.48275862068965	94.31	68.13
874	35	1551	73.65625	90.59	87.89
1289	32	2181	69.93103448275862	58.81	78.49
2246	38	1239	69.2	73.99	54.61
2499	29	1269	79.34615384615384	47.82	NA
862	32	1059	73.58620689655173	94.45	NA
2758	39	3339	67.94444444444444	80.97	NA
516	30	1455	74.33333333333333	58.03	80.56
822	34	1194	69.09677419354838	75.61	52.21
1868	20	3906	62.0	92.88	NA
2120	33	3252	76.13333333333334	14.4	NA
1418	29	1581	65.34615384615384	46.54	NA
615	31	771	68.53571428571429	56.54	NA
523	31	507	63.42857142857143	98.19	16.99
2846	27	489	68.95833333333333	97.79	NA
629	30	555	70.85185185185185	22.09	NA
682	34	1272	66.09677419354838	82.23	1.53
1450	36	1299	71.15151515151516	78.95	75.38
2253	38	1818	69.34285714285714	44.77	2.85
1897	37	591	nan	79.53	54.68
1384	36	1155	78.96969696969697	63.77	63.65
2421	30	795	73.0	96.67	60.49
2914	37	1254	77.91176470588235	62.16	NA
638	34	1023	76.29032258064517	99.38	48.42
1685	28	2397	65.84	98.59	NA
1454	32	345	70.03448275862068	94.68	84.93
744	33	1242	72.5	90.03	31.37
598	28	1293	69.2	99.18	NA
113	23	3213	70.1	10.93	NA
2494	38	1431	74.05714285714286	67.75	13.2
2059	28	2358	69.08	57.92	0
2407	38	1194	72.62857142857143	99.16	29.35
1760	34	1128	69.16129032258064	88.59	NA
388	31	1209	73.5	73.17	NA
1902	35	1053	70.4375	23.04	NA
2399	37	927	68.6470588235294	64.47	86.58
2809	41	1320	70.55263157894737	78.23	51.44
1736	35	1038	70.3125	58.01	9.39
1396	32	762	75.93103448275862	95.86	NA
1922	38	723	69.71428571428571	98.14	93.0
485	32	903	77.6896551724138	99.0	92.96
2382	40	1080	76.86486486486487	98.88	0
567	30	1398	75.25925925925925	90.7	4.33
462	30	450	nan	84.62	NA
996	31	2382	81.67857142857143	34.3	7.73
1357	33	960	72.86666666666666	85.64	6.67
2381	39	1038	82.33333333333333	88.08	94.54
812	32	942	72.34482758620689	93.72	NA
709	32	999	69.96551724137932	99.58	22.48
649	30	1125	73.11111111111111	92.61	NA
1604	28	1833	66.6	95.13	NA
691	34	1536	72.03225806451613	97.07	40.45
376	30	2223	66.66666666666667	16.01	21.72
1076	34	951	68.87096774193549	90.69	21.85
1641	36	720	74.0909090909091	76.84	62.72
908	32	1251	69.20689655172414	89.58	77.74
2803	40	735	65.4054054054054	88.27	3.02
1502	31	2802	74.39285714285714	85.13	74.36
3053	28	1575	63.88	32.59	NA
2221	30	1008	72.5925925925926	95.18	30.11
942	33	633	81.63333333333334	99.54	58.49
2661	34	1803	73.41935483870968	96.15	1.01
428	32	696	71.06896551724138	93.9	33.98
2800	15	2235	77.41666666666667	83.92	82.97
2743	40	666	67.37837837837837	97.02	72.71
914	31	843	77.39285714285714	75.2	NA
2643	38	1221	76.25714285714285	80.02	NA
724	28	1119	73.04	87.07	NA
1877	27	1929	66.33333333333333	83.97	NA
1479	31	1344	73.42857142857143	88.8	NA
2008	34	1644	76.54838709677419	99.64	NA
955	31	615	nan	93.7	NA
2915	28	1278	68.04	94.56	68.04
779	33	3567	79.2	17.52	0.17
614	32	654	69.82758620689656	96.42	NA
658	32	642	70.65517241379311	92.67	5.51
59	29	1782	67.38461538461539	57.42	78.21
2103	25	1653	69.77272727272727	90.95	39.31
1033	24	2274	67.52380952380952	98.53	NA
1444	31	1026	70.17857142857143	86.79	97.62
2185	39	1152	76.58333333333333	98.53	72.62
2070	34	2568	78.83870967741936	76.66	NA
2611	38	1737	70.31428571428572	91.62	66.37
2994	42	657	72.66666666666667	85.6	45.03
423	29	1341	77.3076923076923	85.01	NA
224	30	1473	70.85185185185185	21.93	3.31
2245	36	1629	76.81818181818181	47.36	9.64
2156	38	1116	77.2	95.99	72.88
609	32	1455	72.44827586206897	99.59	79.08
1081	31	1008	72.21428571428571	73.54	NA
1471	32	4158	76.37931034482759	76.64	0.06
1010	32	1302	74.34482758620689	69.03	92.77
2163	38	765	76.68571428571428	83.59	95.5
2030	39	1272	77.38888888888889	97.86	1.94
159	27	2052	76.45833333333333	46.33	NA
945	29	1032	64.03846153846153	98.99	6.5
2872	36	1422	69.33333333333333	48.56	NA
73	29	1599	84.1923076923077	85.56	24.52
198	32	711	77.44827586206897	52.42	76.35
1520	35	2604	75.65625	21.05	69.67
2500	35	2598	72.125	64.3	NA
1111	35	1839	75.8125	5.82	42.46
1537	32	879	74.13793103448276	39.02	NA
2174	37	1089	76.0	86.32	58.64
540	30	2811	76.85185185185185	35.81	NA
131	28	1665	68.28	92.97	0.01
758	18	1857	61.2	41.6	49.41
98	31	1827	69.78571428571429	59.64	56.9
1196	31	2433	84.35714285714286	0.95	0.22
2921	43	1275	78.1	98.04	77.04
2231	37	1446	74.70588235294117	94.59	10.27
1590	31	2148	65.25	92.65	57.31
484	30	891	72.62962962962963	67.81	13.54
1614	34	687	67.87096774193549	97.67	NA
553	31	1944	70.39285714285714	95.32	48.04
2140	35	519	74.75	90.95	NA
2652	37	1467	80.02941176470588	92.33	NA
493	30	1134	69.11111111111111	92.66	NA
2523	25	1191	68.5909090909091	13.58	1.88
321	30	2484	70.70370370370371	7.17	0
2360	29	2160	76.0	58.52	27.11
2666	31	3321	70.89285714285714	35.26	0.99
124	28	1053	62.8	83.08	17.46
2964	26	591	55.82608695652174	98.41	NA
2058	33	1260	73.96666666666667	98.14	41.79
1042	27	594	71.66666666666667	48.31	23.61
183	30	1944	73.33333333333333	65.29	23.43
1080	35	555	77.0	92.05	98.44
2241	36	1032	66.3030303030303	48.05	27.26
1961	35	1515	nan	10.74	68.68
3029	42	741	74.41025641025641	82.39	47.95
2478	36	1233	73.66666666666667	89.71	58.34
1673	27	522	78.95833333333333	73.84	NA
619	31	1218	65.03571428571429	50.11	NA
203	30	1335	71.25925925925925	54.86	1.03
1564	32	1566	69.44827586206897	73.99	32.92
2573	30	471	63.592592592592595	74.7	NA
3040	38	2475	72.22857142857143	87.18	NA
804	31	2124	75.10714285714286	50.7	10.39
668	32	2010	73.72413793103448	96.85	53.21
2708	17	3138	77.78571428571429	17.32	75.44
379	33	975	74.96666666666667	95.89	43.95
2999	43	1128	77.3	95.48	91.31
888	30	369	73.51851851851852	82.57	NA
3043	42	1224	68.15384615384616	82.91	0.05
2139	38	1170	73.85714285714286	99.12	NA
946	30	1824	81.51851851851852	24.46	NA
938	32	1038	73.3103448275862	94.34	NA
1457	33	951	80.96666666666667	84.98	NA
323	30	2508	70.66666666666667	95.07	1.55
606	29	753	74.92307692307692	67.91	26.24
26	29	702	69.0	79.67	2.13
549	29	2628	73.42307692307692	95.81	NA
2640	37	903	72.79411764705883	3.18	4.1
2314	36	402	66.84848484848484	99.32	82.45
1738	37	3825	77.5	49.43	45.22
56	26	471	65.30434782608695	99.79	NA
670	32	1365	75.55172413793103	61.79	0.1
1280	33	1755	74.9	46.89	0
1696	33	873	75.16666666666667	99.83	NA
1394	29	1434	69.26923076923077	92.27	1.21
2418	35	492	60.9375	95.18	0.73
610	26	315	61.26086956521739	99.17	NA
699	30	1176	70.88888888888889	92.41	NA
2373	27	2856	66.375	62.31	29.03
1754	33	1125	71.33333333333333	83.61	14.84
471	31	1827	76.75	93.61	3.58
1967	36	1788	72.60606060606061	19.4	19.35
805	27	5232	81.58333333333333	64.08	0
1895	38	828	74.02857142857142	83.05	43.49
2812	38	852	67.8	97.03	55.01
9	30	1206	67.4074074074074	70.07	37.39
1946	36	534	71.51515151515152	94.16	NA
2351	28	1683	75.52	99.76	6.66
1474	35	1053	75.21875	56.45	3.47
1144	32	1584	74.27586206896552	0.69	NA
2627	33	2319	80.26666666666667	47.18	5.44
840	31	1404	74.17857142857143	51.84	NA
2692	38	1008	79.08571428571429	18.59	5.56
2012	32	6096	72.13793103448276	72.65	0
2879	40	1344	70.48648648648648	92.39	32.03
267	22	1179	68.21052631578948	73.5	66.18
555	31	2172	80.85714285714286	40.33	23.47
2948	31	1668	74.10714285714286	47.4	NA
1391	33	1077	68.5	98.66	NA
1625	37	1425	68.17647058823529	72.25	0.02
1793	35	939	76.53125	89.79	86.08
2024	39	1617	69.86111111111111	84.25	52.41
1948	35	1266	67.0625	72.84	27.06
1172	33	1404	70.63333333333334	89.49	NA
859	31	636	73.32142857142857	98.77	NA
2146	37	690	75.82352941176471	91.43	29.92
367	22	2190	73.63157894736842	67.62	42.99
1843	34	1383	73.3225806451613	75.73	NA
2136	14	1050	79.63636363636364	93.61	14.85
2943	29	2946	77.3076923076923	89.91	67.86
813	33	675	65.6	84.96	66.11
1632	37	1188	72.91176470588235	55.09	28.17
1825	31	1296	76.71428571428571	47.5	NA
363	30	1884	71.07407407407408	97.12	73.21
1164	32	993	73.89655172413794	92.16	2.45
3077	26	2889	74.6086956521739	51.79	87.43
2922	39	1179	69.86111111111111	95.61	0
438	29	735	63.65384615384615	46.22	4.63
563	32	1437	76.10344827586206	18.81	3.37
2018	37	2976	78.08823529411765	84.48	0.02
2802	39	984	72.11111111111111	94.08	18.99
3030	35	1128	66.1875	27.37	NA
1198	34	1047	72.19354838709677	98.11	88.26
2641	36	1500	73.75757575757575	98.57	NA
1034	33	456	67.16666666666667	64.68	85.2
1904	34	924	74.0	59.65	NA
2928	42	1269	73.87179487179488	81.0	46.67
1666	37	1119	74.0	96.34	80.41
332	29	1896	69.0	47.82	84.96
559	29	963	75.23076923076923	12.29	27.25
1954	27	3648	71.625	94.32	NA
510	28	321	70.24	90.81	NA
2107	32	2595	70.89655172413794	6.79	6.2
2491	38	1314	71.94285714285714	99.27	14.61
953	31	951	72.21428571428571	52.18	48.36
1262	33	1641	65.56666666666666	86.74	46.37
2034	34	1986	75.61290322580645	80.37	65.2
2123	28	1404	68.96	63.84	33.37
1174	32	612	74.51724137931035	91.61	NA
45	30	939	68.03703703703704	79.17	0.1
2492	36	1071	74.06060606060606	79.38	3.48
2862	28	2307	66.0	88.69	0.08
2814	35	1413	72.84375	69.36	2.01
2266	36	1017	70.36363636363636	24.78	NA
3070	42	1293	68.82051282051282	15.92	NA
634	31	1083	69.03571428571429	64.33	51.36
2637	37	918	69.79411764705883	86.48	NA
524	30	762	67.77777777777777	58.06	NA
1402	32	1911	67.06896551724138	98.84	NA
2824	37	1476	77.3529411764706	78.92	89.39
1436	34	660	73.61290322580645	79.03	59.78
1620	34	1002	72.7741935483871	66.51	NA
1677	35	1359	68.1875	7.27	NA
2054	33	816	77.76666666666667	6.4	19.42
1440	36	1905	74.0	93.67	46.19
2880	39	798	74.97222222222223	68.18	22.31
2273	30	2070	71.37037037037037	99.62	0.1
1461	36	1161	69.57575757575758	66.26	10.74
1964	34	639	72.70967741935483	91.05	NA
2570	34	405	54.41935483870968	95.89	NA
2410	40	2595	74.86486486486487	93.71	2.57
185	25	1347	68.36363636363636	79.1	NA
337	29	1641	72.57692307692308	89.32	71.0
496	30	1827	75.62962962962963	85.86	NA
3041	29	456	78.46153846153847	75.68	54.36
780	28	2676	69.36	91.27	NA
2951	24	1389	78.76190476190476	77.45	34.66
418	30	600	70.03703703703704	82.18	60.0
1141	35	768	70.96875	79.77	41.49
17	28	1002	70.4	88.37	NA
844	33	693	71.0	72.53	NA
1209	32	2940	70.65517241379311	8.24	3.23
1516	35	663	77.46875	92.79	31.01
1984	35	669	73.21875	87.09	NA
1834	36	1680	78.9090909090909	81.4	17.84
385	28	1239	73.52	64.25	NA
2927	35	1746	71.625	28.39	14.51
2937	15	1659	84.41666666666667	26.66	0.41
1649	35	873	70.625	88.06	NA
72	27	1320	60.458333333333336	87.92	NA
2142	34	561	74.38709677419355	89.97	NA
1498	34	1821	79.12903225806451	31.57	NA
1926	35	468	71.75	96.36	NA
2648	39	1296	72.38888888888889	91.24	NA
2287	20	2241	56.23529411764706	76.76	4.63
2454	35	1719	76.03125	69.21	6.51
853	32	732	68.03448275862068	84.89	NA
2631	41	2082	76.13157894736842	56.07	0
2883	42	1074	74.05128205128206	94.39	78.89
1251	35	549	72.0	97.74	30.16
1016	30	1347	69.81481481481481	99.88	2.04
1259	27	3402	73.95833333333333	9.29	0.03
2459	27	3096	69.83333333333333	13.17	88.43
303	30	1413	66.5925925925926	98.02	39.35
1898	38	657	74.77142857142857	80.41	92.34
1464	35	621	75.96875	74.42	NA
239	28	1569	61.72	9.89	NA
2563	31	1440	70.60714285714286	84.34	0
1583	36	1824	75.45454545454545	95.72	41.14
2227	37	2733	77.91176470588235	96.79	1.25
833	34	2727	71.70967741935483	39.72	2.74
1134	35	1299	73.125	75.64	1.79
1688	38	1242	75.17142857142858	97.42	69.45
93	30	1758	79.4074074074074	60.65	42.85
1555	34	1200	74.35483870967742	78.09	NA
1478	35	1599	77.9375	57.54	17.08
1393	33	1068	68.43333333333334	10.78	NA
2501	28	534	53.84	89.2	NA
2248	37	2085	71.58823529411765	16.25	NA
2790	37	747	59.3235294117647	93.58	NA
167	28	510	70.4	15.55	NA
1199	33	1254	68.66666666666667	99.34	60.16
1183	19	4662	68.1875	68.84	NA
2749	39	1239	75.47222222222223	76.17	75.71
2473	35	1221	76.5	74.84	NA
828	33	828	80.0	98.04	NA
334	25	1713	71.45454545454545	92.61	0.77
2970	33	2151	77.7	35.86	NA
1248	29	1020	72.53846153846153	96.68	83.74
788	31	4875	71.46428571428571	36.12	0.01
2553	36	2076	76.60606060606061	60.26	66.25
659	30	954	67.11111111111111	80.35	NA
54	28	375	61.12	97.5	NA
18	26	429	65.34782608695652	93.07	NA
2105	29	2067	81.23076923076923	62.1	0.19
1511	31	1434	70.78571428571429	82.35	1.39
2084	37	1911	71.52941176470588	81.0	76.09
2199	34	693	62.58064516129032	96.04	NA
1745	35	627	66.75	93.76	NA
1823	28	843	62.88	94.58	NA
1237	30	2418	68.92592592592592	99.67	NA
384	27	603	67.625	95.59	NA
1669	35	1035	64.75	97.82	NA
2437	38	687	78.91428571428571	85.46	88.19
877	34	663	71.6774193548387	83.27	11.77
2771	42	2526	80.12820512820512	69.25	34.32
1049	28	1752	70.56	21.16	NA
924	29	2196	70.57692307692308	88.04	NA
1987	36	882	75.03030303030303	98.29	27.57
2428	37	777	71.23529411764706	90.52	NA
61	30	804	72.70370370370371	99.32	8.39
3037	38	699	64.97142857142858	92.76	1.04
1406	31	633	67.5	45.81	NA
583	31	1455	77.53571428571429	95.9	1.08
666	31	531	64.67857142857143	46.34	NA
2545	14	1143	74.27272727272727	45.57	59.26
2173	33	2370	74.23333333333333	48.26	NA
1028	31	2415	70.57142857142857	69.56	NA
1086	35	1506	74.71875	90.26	10.41
1517	34	897	70.03225806451613	70.3	13.72
2990	39	648	61.97222222222222	61.99	5.05
2533	35	2016	76.09375	23.54	13.55
799	31	1788	63.67857142857143	89.18	83.57
2546	32	1071	61.93103448275862	69.86	0.14
68	30	1212	76.51851851851852	99.16	19.44
356	27	1194	73.25	63.22	NA
339	29	2328	67.03846153846153	17.49	3.21
1849	30	2031	71.70370370370371	94.78	34.41
1128	30	855	85.55555555555556	69.7	NA
1283	33	954	74.03333333333333	81.09	NA
2588	37	423	65.05882352941177	72.4	74.58
1036	28	1686	73.04	76.78	NA
602	29	594	72.23076923076923	92.97	NA
2686	37	1659	77.08823529411765	93.28	9.07
2866	35	1242	70.5625	30.34	1.96
85	28	519	70.36	92.56	45.01
1729	29	1911	80.0	49.68	19.18
1293	25	2301	72.5	4.7	60.93
2304	32	1455	80.89655172413794	59.21	NA
2194	37	1134	77.58823529411765	93.48	79.17
1269	34	1479	70.64516129032258	4.32	0
2774	27	2049	72.75	92.27	NA
999	31	1344	82.39285714285714	93.72	2.85
327	29	1110	70.34615384615384	0.92	35.34
1013	29	1236	74.34615384615384	56.74	4.74
1324	29	2307	77.15384615384616	22.09	2.91
1162	35	2043	79.625	62.38	54.92
1240	32	1308	63.86206896551724	40.59	41.94
551	25	1209	70.63636363636364	85.37	80.24
662	30	2280	79.0	99.67	38.85
1734	29	1413	73.65384615384616	44.95	63.83
2580	41	1611	76.5	77.41	1.56
1171	35	1527	72.25	85.42	13.42
2868	34	2157	77.61290322580645	33.37	0.74
1527	35	3978	63.65625	75.38	66.47
375	31	1062	71.96428571428571	50.85	70.8
2871	12	2430	73.33333333333333	93.63	81.28
495	29	1335	66.76923076923077	56.31	22.52
1558	32	1305	72.17241379310344	97.04	91.6
2213	38	753	70.14285714285714	87.63	51.46
1779	35	4317	74.09375	64.34	32.25
1912	37	1704	76.38235294117646	81.06	NA
2782	40	1500	76.05405405405405	98.83	94.3
2625	33	1014	67.16666666666667	97.2	NA
2773	37	1263	69.3529411764706	97.73	53.86
1430	32	1194	73.34482758620689	54.7	9.36
36	30	1452	65.66666666666667	5.49	89.02
997	27	924	72.29166666666667	27.58	0.01
1646	36	3978	77.96969696969697	17.48	61.4
1241	31	918	67.5	95.76	NA
2404	41	2049	67.23684210526316	76.04	39.41
824	32	981	69.51724137931035	99.05	NA
2571	31	360	71.32142857142857	69.18	NA
1058	17	5757	80.57142857142857	0.5	0
2114	27	2526	74.125	94.43	NA
2436	40	1719	67.48648648648648	89.18	21.01
1420	33	696	76.9	97.72	NA
1589	30	2979	68.96296296296296	63.79	0.59
1367	35	753	75.65625	92.98	NA
2662	39	963	77.02777777777777	92.09	30.09
762	24	2661	83.38095238095238	54.34	24.35
1920	34	1044	75.58064516129032	17.86	37.04
104	27	1635	82.91666666666667	91.07	NA
586	31	2328	68.60714285714286	82.28	3.47
978	30	1527	81.11111111111111	89.24	56.28
3074	26	1035	71.56521739130434	86.23	NA
1648	37	2277	70.26470588235294	21.26	2.02
506	32	2049	75.0	98.47	26.99
1735	32	1476	69.13793103448276	99.6	NA
1304	31	1464	73.96428571428571	47.61	28.97
3069	42	2010	75.61538461538461	88.61	0.56
2481	39	1011	80.16666666666667	74.0	35.18
2158	38	741	72.57142857142857	89.29	42.17
1914	38	969	69.51428571428572	98.44	45.86
2510	34	900	72.03225806451613	87.29	NA
1411	35	1695	80.75	23.86	0.13
1456	32	2703	73.20689655172414	18.58	9.3
2621	39	1323	79.22222222222223	47.9	63.82
75	30	855	71.22222222222223	63.65	58.75
2888	39	1224	71.55555555555556	89.47	46.92
922	33	1146	66.1	46.64	NA
3003	35	480	57.28125	94.48	NA
3033	38	1392	67.82857142857142	93.04	2.91
401	31	1860	65.46428571428571	16.0	0
669	31	813	75.92857142857143	80.26	69.96
186	29	453	63.53846153846154	96.79	NA
2234	32	1302	78.86206896551724	90.14	77.74
1486	32	2751	75.06896551724138	46.19	44.04
2176	38	1248	66.08571428571429	44.4	60.52
1672	32	1389	67.3103448275862	92.57	NA
1749	26	1089	71.21739130434783	71.07	NA
1318	30	1632	76.62962962962963	2.84	NA
1599	30	3810	59.18518518518518	19.77	NA
2376	37	759	72.88235294117646	99.92	40.77
1990	32	351	65.6896551724138	51.65	NA
2300	35	1341	70.15625	91.78	9.63
2819	37	1719	77.91176470588235	46.28	0.52
876	31	927	70.25	96.23	4.42
1705	35	861	68.0	95.26	84.86
1884	28	2055	80.48	0.34	0.07
622	26	786	70.69565217391305	98.91	NA
470	27	3330	69.16666666666667	21.46	87.83
2455	34	1368	79.09677419354838	84.43	12.23
1613	34	621	59.32258064516129	73.14	NA
1568	33	1698	71.1	67.75	94.55
1642	37	1356	77.67647058823529	85.23	61.02
1563	30	2769	73.51851851851852	72.06	0.01
1879	32	1428	67.89655172413794	73.49	NA
464	28	615	64.0	61.74	NA
2394	39	645	73.19444444444444	72.61	17.39
1377	34	342	57.58064516129032	56.57	NA
1203	32	681	75.24137931034483	91.93	70.67
2417	38	603	66.28571428571429	94.45	52.05
661	31	1761	79.14285714285714	23.7	0.19
1137	35	1698	71.84375	58.65	71.37
639	30	1272	76.4074074074074	92.72	NA
1971	38	1164	76.25714285714285	54.05	44.56
212	28	1017	76.76	76.2	57.41
105	30	1434	68.0	51.51	0.04
1224	24	1164	72.57142857142857	94.72	90.16
1658	34	798	69.03225806451613	64.89	29.71
2307	30	2145	76.14814814814815	93.88	NA
979	32	1014	60.310344827586206	70.73	NA
386	29	1050	67.46153846153847	42.91	49.32
2220	38	1266	74.42857142857143	89.23	40.96
412	28	555	68.2	60.44	80.77
2910	35	1338	72.84375	86.31	81.12
57	11	7722	63.25	8.18	NA
2834	35	2163	75.1875	95.32	0.06
1019	26	2874	63.04347826086956	18.85	NA
170	32	1281	72.75862068965517	90.99	24.23
830	34	825	78.74193548387096	94.91	0.11
2727	28	2766	60.8	89.8	28.99
2763	38	744	70.71428571428571	69.41	NA
1955	31	600	73.21428571428571	95.49	14.26
1398	36	915	76.06060606060606	94.14	8.71
2167	38	663	73.45714285714286	98.91	62.36
1216	32	1386	77.27586206896552	54.87	31.93
1363	31	1758	77.96428571428571	48.71	NA
1136	35	870	75.40625	95.81	63.79
1159	31	1497	69.71428571428571	80.07	NA
1000	28	1047	77.76	78.83	4.79
2182	30	1905	74.77777777777777	68.33	39.01
2189	37	1557	78.94117647058823	68.31	0.56
2083	30	1272	81.96296296296296	49.48	33.29
1597	24	1992	63.857142857142854	0.74	61.94
215	30	465	71.03703703703704	99.14	NA
86	28	1125	73.8	66.49	NA
1485	33	1047	73.23333333333333	97.92	64.51
665	30	1593	77.29629629629629	47.71	NA
2405	27	618	62.375	16.52	NA
2419	32	612	73.62068965517241	97.07	NA
985	25	2244	69.77272727272727	91.92	NA
22	29	1692	69.6923076923077	52.65	6.41
1539	33	1197	73.86666666666666	89.84	32.3
2065	32	2112	79.79310344827586	99.09	81.47
2153	35	1101	71.1875	86.45	NA
974	33	2184	77.7	24.6	0.11
1573	33	1194	65.66666666666667	98.13	91.2
656	28	660	65.64	8.03	NA
425	33	1764	76.83333333333333	97.59	2.33
671	22	2226	80.47368421052632	35.39	14.41
1167	35	1833	78.53125	86.54	54.13
3014	37	1617	62.0	91.15	NA
187	31	1200	68.0	79.31	84.89
3024	12	2961	85.22222222222223	98.98	0.33
2271	34	822	75.64516129032258	65.63	62.82
225	31	1713	75.42857142857143	94.18	81.68
1091	33	1101	71.13333333333334	76.7	34.72
1630	32	309	68.03448275862068	78.62	NA
2747	39	522	69.86111111111111	99.65	NA
1114	32	315	63.51724137931034	94.6	NA
1547	36	621	68.15151515151516	85.15	52.76
422	30	960	72.77777777777777	80.67	51.77
2032	32	783	62.241379310344826	66.33	NA
2188	36	564	72.0909090909091	60.75	NA
42	29	990	68.76923076923077	35.25	3.94
1731	37	1026	69.55882352941177	80.6	80.71
37	29	951	78.23076923076923	90.49	49.24
1151	33	1272	73.3	87.39	NA
1397	35	1194	76.96875	70.72	49.22
2461	30	1617	72.70370370370371	42.93	57.63
188	32	1101	71.96551724137932	94.96	93.36
1349	35	942	74.125	96.96	77.23
1366	35	996	72.59375	54.26	16.34
1126	32	672	71.86206896551724	78.44	65.08
2675	38	2556	74.17142857142858	79.47	0
2370	27	1581	64.91666666666667	58.12	0
483	29	1176	62.5	80.08	35.25
1888	38	573	72.02857142857142	69.64	86.06
350	30	3102	74.51851851851852	33.32	31.69
2422	37	2181	71.61764705882354	17.4	25.72
732	32	1305	69.03448275862068	13.07	0.5
117	27	1221	68.95833333333333	99.6	NA
2127	16	1758	54.92307692307692	77.99	50.92
2165	35	978	73.84375	91.61	NA
2395	40	1005	73.16216216216216	93.23	6.92
693	34	1299	76.83870967741936	86.11	36.22
1342	29	1458	72.42307692307692	20.9	NA
916	34	1329	75.90322580645162	99.86	7.86
2811	36	705	67.0909090909091	88.36	NA
2909	44	1644	75.73170731707317	83.13	53.13
1775	30	1431	81.48148148148148	73.34	10.24
1828	32	1935	76.93103448275862	94.12	0.76
773	32	1302	68.79310344827586	94.11	8.47
421	33	828	78.86666666666666	79.16	73.49
2152	31	681	71.17857142857143	82.58	NA
260	32	690	68.24137931034483	43.07	5.72
488	30	3585	76.14814814814815	94.45	0.08
15	29	981	69.76923076923077	65.84	94.8
1447	32	1473	74.44827586206897	78.24	NA
1132	33	915	70.53333333333333	83.62	32.87
731	32	1044	70.06896551724138	64.54	66.93
2602	38	6654	74.62857142857143	0	NA
984	30	1785	70.70370370370371	97.32	52.29
676	28	879	65.92	98.73	97.42
2154	37	996	74.61764705882354	61.4	NA
1773	32	1035	62.55172413793103	93.75	2.86
1709	34	1020	71.2258064516129	97.67	NA
518	23	3033	76.9	75.42	0.01
963	33	2229	71.26666666666667	71.77	0.08
1534	33	1623	72.6	68.42	NA
1824	29	1629	72.96153846153847	87.14	NA
1442	36	951	72.51515151515152	85.62	6.5
2717	19	1116	77.25	33.12	NA
3065	41	1641	71.26315789473684	41.36	0
235	28	1317	68.56	53.03	NA
432	26	2193	67.43478260869566	94.94	41.01
2934	30	2562	66.88888888888889	20.46	0
635	31	1137	79.82142857142857	68.71	NA
2574	29	720	73.42307692307692	83.71	NA
281	29	1404	70.11538461538461	85.36	NA
2806	35	1473	70.15625	34.42	0
1419	34	720	75.45161290322581	79.04	NA
2617	38	810	71.4	82.61	NA
786	32	2001	70.20689655172414	96.7	30.35
2211	37	1188	67.76470588235294	72.42	4.96
293	21	4260	70.0	90.07	0
2149	36	387	68.9090909090909	98.93	NA
2487	35	825	72.96875	88.13	NA
574	29	4878	71.92307692307692	16.55	2.89
2889	34	1605	71.29032258064517	96.74	0
1133	34	729	75.51612903225806	95.26	78.69
2170	35	570	69.71875	61.43	NA
991	32	1524	71.93103448275862	93.24	14.64
1627	34	561	67.38709677419355	27.29	0.44
1275	32	6774	76.13793103448276	73.11	0.48
536	30	3108	72.48148148148148	13.54	62.54
878	30	1578	75.03703703703704	94.08	NA
66	29	714	76.15384615384616	82.74	0.95
650	32	837	75.17241379310344	94.76	66.36
2232	36	1026	72.81818181818181	82.32	NA
2720	19	1173	63.4375	92.38	NA
2987	39	903	63.94444444444444	98.55	79.37
2268	39	900	72.80555555555556	91.37	0.38
1921	30	675	72.14814814814815	94.37	NA
1571	29	1434	70.8076923076923	93.84	53.83
449	33	1569	79.83333333333333	91.15	51.76
939	32	3048	76.93103448275862	97.65	0
1142	30	492	66.11111111111111	0.16	NA
1024	26	1521	63.21739130434783	95.2	NA
2423	39	552	75.69444444444444	19.79	NA
1592	24	2085	66.52380952380952	80.25	66.58
1109	33	1005	67.4	97.83	NA
1354	32	630	72.65517241379311	88.68	NA
1255	33	1515	70.2	82.7	18.36
94	29	1407	66.73076923076923	75.86	NA
1764	30	501	72.07407407407408	99.11	NA
2392	36	717	71.18181818181819	98.53	NA
539	30	1263	75.4074074074074	77.99	NA
601	33	852	71.16666666666667	96.81	95.46
1182	35	888	77.75	90.15	15.96
3013	28	951	69.96	80.95	NA
696	33	1059	76.63333333333334	70.85	35.37
1675	28	519	68.84	97.19	74.4
2615	34	1008	76.25806451612904	98.4	NA
275	28	1014	75.68	84.87	NA
2448	14	5304	80.45454545454545	8.26	0.28
1350	34	732	70.48387096774194	93.28	82.94
1200	35	1461	74.96875	92.7	14.31
286	30	1788	67.96296296296296	70.87	78.74
604	31	1119	76.21428571428571	94.19	NA
454	18	3285	73.66666666666667	70.68	19.59
902	34	2247	73.16129032258064	8.98	2.54
5	28	780	70.0	79.62	NA
631	29	786	74.15384615384616	64.48	NA
2183	38	1137	71.42857142857143	80.11	30.75
1029	32	573	70.93103448275862	81.13	NA
1532	35	1947	76.5	3.4	0
2680	25	783	66.63636363636364	50.53	NA
1830	25	2208	73.18181818181819	23.11	0.49
2244	37	2898	77.08823529411765	83.75	7.57
541	29	1176	71.38461538461539	4.26	NA
1686	33	840	75.33333333333333	79.04	NA
1741	36	1164	73.75757575757575	34.79	3.73
2576	17	2268	80.0	92.8	33.1
278	31	1875	71.14285714285714	79.69	20.77
707	32	1071	75.96551724137932	81.17	0.4
125	27	723	67.33333333333333	99.37	NA
1238	34	1125	69.93548387096774	88.18	23.37
2216	40	750	76.05405405405405	94.87	54.85
1115	36	1428	73.21212121212122	53.08	66.33
1147	30	1668	74.92592592592592	37.02	14.71
400	32	2241	75.72413793103448	52.13	63.98
2305	15	1323	72.33333333333333	49.66	0.04
336	30	3189	76.4074074074074	78.39	0.94
565	30	2127	72.62962962962963	87.17	NA
1650	38	564	79.51428571428572	99.2	99.84
1484	35	2352	78.53125	94.72	48.34
184	28	1122	78.24	49.09	NA
1529	34	1026	71.6774193548387	94.72	NA
2354	33	1176	78.23333333333333	85.29	85.31
2540	36	3960	79.51515151515152	2.27	0.32
2233	38	822	65.65714285714286	93.49	78.79
216	31	1425	78.17857142857143	81.86	65.94
2285	30	1458	71.66666666666667	99.82	89.46
1663	29	1431	72.5	92.79	NA
178	31	1362	74.39285714285714	95.5	8.82
469	31	1323	76.46428571428571	59.22	NA
1099	30	840	73.07407407407408	98.11	NA
3059	33	1932	72.76666666666667	89.8	NA
2504	37	2748	75.17647058823529	91.82	NA
2374	39	678	72.13888888888889	75.35	NA
1671	36	1992	76.33333333333333	89.91	4.12
2764	41	762	61.44736842105263	92.04	58.15
1865	31	1239	68.03571428571429	96.98	80.57
76	27	819	67.58333333333333	20.61	NA
2359	29	3153	71.53846153846153	97.51	NA
2057	32	471	70.34482758620689	97.44	91.23
1310	34	1455	73.3225806451613	87.41	32.35
1980	36	1161	76.12121212121212	94.6	NA
314	30	1656	73.77777777777777	44.18	0.3
1664	37	594	70.61764705882354	99.31	76.84
2537	28	1278	69.36	85.7	NA
2618	36	1356	76.66666666666667	95.89	16.83
1330	32	1545	67.03448275862068	96.14	65.19
2033	38	1788	82.97142857142858	86.69	0.69
3	30	1080	69.11111111111111	12.66	0.83
126	27	1134	61.625	0.96	NA
277	28	2847	66.2	83.74	NA
1296	31	627	71.07142857142857	75.95	57.74
1416	36	2736	72.27272727272727	99.5	63.55
403	32	1998	67.55172413793103	52.71	3.76
977	31	1797	67.78571428571429	76.66	0.01
152	31	1092	72.60714285714286	91.86	89.23
1566	14	2634	58.90909090909091	0.55	NA
628	30	591	71.29629629629629	79.08	NA
1386	35	2256	62.6875	94.02	0
657	31	579	61.535714285714285	88.27	NA
3061	29	777	82.15384615384616	72.88	24.56
459	27	1293	71.04166666666667	76.31	NA
800	28	2439	72.96	62.92	15.22
2818	17	1164	59.42857142857143	91.63	NA
1951	31	1197	71.21428571428571	96.87	98.77
2046	34	2022	71.03225806451613	39.89	16.45
1020	31	2025	64.67857142857143	82.11	3.78
1207	33	1431	75.93333333333334	89.64	54.03
452	33	1293	78.63333333333334	22.26	50.22
2196	38	609	70.11428571428571	64.38	9.3
3031	43	777	68.1	83.99	18.82
947	32	1284	69.82758620689656	94.78	3.37
1859	31	1008	72.60714285714286	93.61	71.31
1523	33	2739	74.43333333333334	89.78	NA
686	30	888	70.48148148148148	58.53	36.69
1069	34	855	76.58064516129032	94.87	50.76
1727	31	1023	74.35714285714286	94.44	NA
599	29	588	67.11538461538461	90.7	NA
566	30	1044	66.62962962962963	97.27	3.38
81	30	345	70.11111111111111	76.09	NA
930	30	1104	68.48148148148148	49.54	NA
263	26	1683	72.21739130434783	96.53	NA
377	28	3327	75.24	17.6	NA
1326	31	954	67.64285714285714	68.54	NA
67	28	762	72.92	23.82	NA
1491	31	711	70.89285714285714	80.85	NA
1647	35	540	72.375	57.64	94.3
494	29	1542	68.15384615384616	0.04	17.14
41	28	1698	64.84	97.4	0.05
2659	37	648	64.0	91.95	57.41
2985	40	945	71.21621621621621	96.99	NA
2342	28	2646	74.92	11.07	2.8
2852	33	2406	73.76666666666667	31.79	0.06
2483	34	2328	70.61290322580645	51.28	47.98
371	23	1665	62.05	20.94	37.19
1163	30	1308	75.77777777777777	84.35	0.83
652	32	1278	75.17241379310344	93.95	87.36
603	33	1146	70.53333333333333	91.37	94.29
746	32	1527	78.0	93.3	39.74
1522	26	1557	71.69565217391305	39.95	NA
3025	33	1101	66.73333333333333	93.89	66.17
519	31	1656	75.35714285714286	91.1	78.47
2400	36	840	72.81818181818181	99.4	NA
289	28	1008	71.92	17.18	NA
2482	37	1743	67.52941176470588	46.88	NA
1106	32	597	70.58620689655173	12.93	NA
1368	34	1374	72.12903225806451	26.13	NA
448	31	1560	75.10714285714286	93.99	1.09
810	19	2289	76.25	51.14	0.14
679	31	1296	76.35714285714286	98.88	NA
608	33	696	69.36666666666666	59.91	97.47
1476	34	2688	80.93548387096774	76.02	6.87
1127	33	1212	67.46666666666667	80.62	37.68
770	32	1533	71.86206896551724	85.16	NA
1710	33	939	66.06666666666666	94.13	NA
2861	32	2322	61.13793103448276	41.02	NA
2129	32	1896	63.3448275862069	7.47	83.27
2435	39	1839	70.16666666666667	67.14	35.11
2388	36	1431	73.63636363636364	90.74	NA
895	15	2022	71.0	77.56	0.05
2375	29	924	80.03846153846153	94.86	NA
1079	34	1599	75.25806451612904	57.75	0.15
71	29	1260	69.03846153846153	52.19	38.1
189	29	1155	72.92307692307692	84.82	96.83
1846	22	4398	86.78947368421052	84.02	3.61
2840	12	2109	86.66666666666667	61.13	0
1226	34	1803	82.3225806451613	67.89	56.1
2092	25	1800	67.63636363636364	97.57	NA
1027	25	2193	72.31818181818181	27.87	51.77
118	31	1317	70.32142857142857	94.91	83.41
2616	35	1053	81.21875	97.03	97.1
2983	42	585	72.92307692307692	88.58	26.36
1732	29	762	71.03846153846153	81.69	NA
727	31	1782	68.32142857142857	31.91	40.25
856	33	1245	68.26666666666667	97.74	6.27
836	31	585	72.85714285714286	83.76	NA
2225	37	3852	72.20588235294117	70.45	29.29
548	31	1647	80.21428571428571	54.22	5.4
808	30	1809	65.70370370370371	98.63	41.58
346	26	1002	66.73913043478261	82.96	NA
1720	32	699	78.86206896551724	97.69	19.64
2513	34	1257	76.96774193548387	73.51	43.49
309	28	834	79.12	61.66	NA
1587	24	2457	73.23809523809524	64.0	NA
230	31	1365	72.89285714285714	78.0	27.33
220	31	2439	65.85714285714286	86.5	0.06
2256	38	1341	62.05714285714286	92.89	0.48
292	32	1923	75.10344827586206	74.25	0.01
2121	28	1224	64.72	87.03	42.64
1389	35	783	67.25	86.21	4.8
2924	35	1572	74.5625	13.17	NA
1341	27	1725	73.91666666666667	93.64	40.99
1891	29	741	72.96153846153847	90.75	97.2
1833	37	2148	74.67647058823529	29.46	11.88
2884	41	1827	78.10526315789474	53.23	45.61
520	31	1788	68.53571428571429	98.6	8.48
653	32	1188	71.86206896551724	93.12	3.02
1619	34	768	71.74193548387096	86.13	NA
1003	32	900	76.79310344827586	79.32	8.24
53	29	2325	76.65384615384616	26.48	NA
2207	26	1098	71.34782608695652	70.71	NA
2607	33	1173	75.06666666666666	97.77	NA
1110	33	558	54.233333333333334	98.92	NA
743	33	1590	73.1	76.9	1.31
1119	34	807	72.41935483870968	35.8	24.2
237	30	645	77.55555555555556	97.05	NA
593	30	1746	72.0	66.44	4.15
726	26	2946	68.17391304347827	54.24	1.98
2881	43	1230	79.325	52.55	2.13
1901	36	726	76.06060606060606	94.88	35.95
497	30	726	71.74074074074075	93.13	NA
1392	35	477	67.1875	98.15	97.85
925	34	1626	73.48387096774194	85.72	87.09
1427	34	969	74.6774193548387	90.12	NA
681	32	1248	74.58620689655173	86.81	92.67
2542	26	1008	67.04347826086956	90.15	NA
95	29	690	66.42307692307692	66.3	NA
1644	38	612	71.0	91.44	97.66
1175	33	798	70.06666666666666	54.1	28.45
1840	34	1227	70.19354838709677	64.17	NA
474	28	1371	70.32	32.92	NA
14	28	1452	71.32	93.56	NA
2938	39	1788	76.80555555555556	76.53	0.8
2636	39	1404	70.66666666666667	89.76	0
2079	32	1134	71.6896551724138	92.42	NA
2464	37	888	65.1470588235294	74.01	42.99
1805	35	1473	68.59375	90.25	50.17
209	30	1125	70.5925925925926	61.62	13.26
62	29	1701	75.73076923076923	96.02	36.35
1375	36	1026	69.18181818181819	78.74	63.62
429	31	705	75.60714285714286	97.1	NA
1885	33	651	64.7	97.55	13.67
2477	38	1869	78.42857142857143	89.95	9.76
845	33	1476	71.26666666666667	97.73	NA
1682	37	2007	75.38235294117646	92.24	34.77
2343	29	1551	64.73076923076923	93.29	NA
1374	33	624	63.3	88.96	NA
2509	12	4023	66.0	31.71	90.23
1460	34	801	72.48387096774194	99.39	50.53
1999	36	2580	71.75757575757575	55.8	11.15
718	33	2580	74.3	41.68	76.24
729	32	753	67.72413793103448	20.64	NA
410	26	582	54.69565217391305	86.89	NA
1850	36	2799	81.48484848484848	81.04	0.15
1139	33	2136	77.3	44.05	NA
1938	37	525	77.41176470588235	95.08	NA
205	26	2223	71.69565217391305	91.92	NA
2472	39	1011	72.86111111111111	98.3	19.09
1881	25	2283	63.13636363636363	79.55	8.28
1429	33	2763	70.26666666666667	30.03	4.18
222	22	1413	66.10526315789474	93.85	70.03
2145	37	696	68.88235294117646	91.92	42.72
490	31	1065	72.89285714285714	94.32	74.23
1353	33	795	71.6	85.03	NA
2433	24	2472	73.47619047619048	14.01	79.99
1758	23	1899	70.8	20.74	NA
688	28	858	68.32	94.03	NA
390	14	2499	81.9090909090909	52.19	48.41
254	30	1281	72.88888888888889	92.32	30.14
2531	16	948	58.0	63.79	3.82
918	32	2679	72.24137931034483	24.16	0
2	26	1530	70.8695652173913	97.75	NA
2765	12	6408	81.0	40.84	0.76
2398	39	717	75.66666666666667	96.4	28.6
1333	29	2988	66.42307692307692	18.41	NA
1059	21	1494	61.333333333333336	8.55	NA
2956	38	1527	70.97142857142858	92.62	NA
2247	27	321	72.54166666666667	72.81	NA
2712	15	2448	70.58333333333333	20.52	0
1371	33	483	70.6	92.47	34.0
1260	35	1236	76.53125	51.09	38.46
714	33	807	70.66666666666667	53.89	1.27
1911	38	1209	74.11428571428571	95.82	64.23
2067	33	1746	74.53333333333333	83.02	NA
507	31	1887	74.75	84.93	26.25
2590	40	1452	77.78378378378379	92.01	70.95
1155	36	594	74.27272727272727	94.06	65.89
106	31	690	72.75	79.27	67.68
697	30	894	76.44444444444444	88.44	NA
2630	39	1389	73.80555555555556	99.58	0.59
850	34	738	77.09677419354838	89.56	NA
416	33	2733	77.13333333333334	9.64	0.28
2551	28	1632	74.84	94.67	NA
1390	33	4485	66.7	98.67	0.17
2918	38	930	74.34285714285714	90.49	28.98
1977	37	855	73.26470588235294	99.36	59.8
547	13	1392	80.3	97.97	3.52
2190	36	408	70.24242424242425	55.75	NA
1466	33	1713	75.2	71.97	0.16
1819	29	1089	68.15384615384616	75.07	NA
383	32	693	72.79310344827586	69.16	61.39
114	27	645	66.95833333333333	86.67	NA
171	31	2487	71.0	69.5	0.24
1098	32	987	69.96551724137932	47.94	76.92
1932	38	399	67.22857142857143	87.89	45.34
441	29	1983	72.42307692307692	58.25	NA
2919	37	882	73.02941176470588	81.59	16.37
1626	34	1422	70.80645161290323	99.96	16.71
2406	39	1341	75.75	91.52	40.5
1376	34	861	61.67741935483871	75.9	8.23
645	32	1506	72.44827586206897	92.74	36.85
1176	33	1920	74.46666666666667	51.93	37.6
2787	38	822	72.82857142857142	97.29	29.23
973	32	2712	78.41379310344827	49.64	0
851	34	900	68.19354838709677	95.58	81.63
1025	32	471	73.93103448275862	94.8	65.98
2860	34	840	63.483870967741936	98.71	NA
900	33	2307	72.8	5.22	57.21
1448	34	1134	73.58064516129032	43.13	47.76
1986	35	1128	74.96875	95.57	NA
794	29	1398	67.03846153846153	29.48	NA
121	28	2205	71.8	70.58	NA
258	29	1788	78.65384615384616	92.8	0.03
468	30	795	68.33333333333333	52.73	22.13
1769	19	2970	76.1875	60.35	37.95
2286	38	1332	76.08571428571429	96.95	NA
1344	33	939	73.66666666666667	99.28	71.13
1802	35	1236	67.96875	1.23	NA
1643	30	780	73.29629629629629	56.4	NA
1057	28	2343	74.92	24.22	NA
701	29	576	75.23076923076923	78.91	79.0
404	32	873	74.37931034482759	82.15	92.61
55	25	915	62.36363636363637	98.9	NA
243	30	729	74.07407407407408	95.68	17.91
558	24	7068	72.66666666666667	98.16	1.75
807	31	1836	67.42857142857143	58.58	21.93
1968	36	1272	73.0909090909091	18.47	2.15
1129	32	924	65.65517241379311	92.74	54.01
531	29	1395	73.96153846153847	81.54	NA
728	33	876	75.53333333333333	92.56	94.14
892	32	1473	76.41379310344827	84.64	5.56
2080	37	819	66.32352941176471	13.48	45.57
1213	32	1368	70.55172413793103	81.85	42.29
503	28	1098	69.6	9.55	0
2489	35	1422	70.4375	98.2	NA
623	31	1149	73.67857142857143	86.46	NA
920	33	423	71.13333333333334	27.76	14.39
1810	35	2184	79.5	59.13	NA
302	31	897	69.21428571428571	69.47	97.44
2766	41	891	75.15789473684211	98.1	6.01
177	29	1311	72.03846153846153	86.0	94.74
217	30	648	65.07407407407408	97.07	77.48
2845	12	1947	70.0	31.09	57.87
1145	34	834	77.0	93.45	77.65
2878	39	462	64.27777777777777	94.48	NA
2778	40	3612	75.45945945945945	93.46	81.1
2876	37	1290	76.26470588235294	78.71	NA
2969	12	2946	84.33333333333333	11.46	NA
747	30	1665	72.5925925925926	82.12	1.67
4	28	1131	69.2	60.71	NA
2850	31	1542	71.32142857142857	99.37	NA
1272	32	1863	76.93103448275862	77.76	NA
1118	31	651	73.82142857142857	94.95	NA
933	35	1224	77.78125	92.31	11.39
1445	35	792	77.59375	84.51	NA
522	30	1032	70.11111111111111	77.17	41.5
672	32	1410	71.37931034482759	62.54	1.04
2100	30	1188	65.55555555555556	71.93	40.99
1123	34	870	69.03225806451613	75.68	NA
276	33	1131	73.7	81.25	47.91
870	35	1512	73.9375	91.18	0.25
2279	34	828	77.12903225806451	92.15	58.76
0	30	1422	70.66666666666667	81.67	78.87
1983	38	1611	74.51428571428572	50.63	65.93
1947	39	1437	68.66666666666667	95.1	66.62
1628	36	675	68.51515151515152	91.0	NA
950	25	2343	69.4090909090909	53.12	NA
765	31	1605	75.5	86.21	68.14
1121	28	786	68.36	97.74	33.94
1507	29	1323	74.34615384615384	96.78	NA
2274	31	1689	75.35714285714286	97.16	44.94
1403	35	561	74.0	84.72	NA
1090	31	816	69.92857142857143	61.42	NA
2755	43	753	80.225	84.22	48.13
1610	31	1041	73.60714285714286	63.27	NA
1580	32	2838	70.0	86.44	17.2
801	29	924	61.65384615384615	45.07	69.73
2110	26	1044	68.78260869565217	58.45	NA
1872	31	1332	75.85714285714286	88.22	81.27
150	28	3543	76.72	93.44	NA
2887	15	2799	70.66666666666667	63.0	0.13
827	31	525	69.96428571428571	52.37	59.19
1908	38	1617	77.65714285714286	97.94	16.52
1488	35	1155	72.25	71.32	24.5
843	32	453	67.75862068965517	41.06	NA
1292	28	1479	65.44	94.43	NA
1373	34	771	75.29032258064517	84.28	51.27
393	33	1071	67.06666666666666	89.46	26.93
1811	29	1581	69.76923076923077	0.25	1.19
2438	31	711	76.5	82.64	NA
2485	36	2613	68.39393939393939	87.41	19.55
2321	12	1908	82.22222222222223	50.97	93.81
115	25	2280	74.31818181818181	69.28	39.3
1004	28	5046	65.12	76.08	NA
855	34	801	68.58064516129032	95.57	67.88
2524	34	2094	75.29032258064517	93.86	9.91
2624	39	1257	67.44444444444444	91.67	NA
2626	28	1938	76.68	65.14	35.16
2837	30	2772	78.55555555555556	26.65	6.56
2687	21	1974	72.55555555555556	16.55	NA
1832	33	1578	73.36666666666666	87.46	92.83
700	28	1419	68.32	97.12	0.19
1360	34	1077	64.41935483870968	68.92	70.19
579	30	1539	72.25925925925925	41.68	0.01
326	30	1530	75.88888888888889	99.16	NA
1117	34	651	73.2258064516129	69.33	76.38
1678	36	537	75.06060606060606	94.0	NA
777	29	3795	68.5	99.35	NA
1679	33	3582	74.2	3.07	0.12
374	32	2145	78.96551724137932	76.94	61.68
447	30	1596	77.29629629629629	2.39	0.01
1192	33	540	73.43333333333334	69.67	NA
1567	32	2169	nan	73.17	NA
860	32	1134	71.6896551724138	92.08	NA
2372	21	2127	68.88888888888889	87.02	NA
3016	28	1020	70.24	67.53	35.79
1082	33	696	71.7	53.98	NA
2389	37	774	69.76470588235294	80.35	45.41
1544	25	3564	80.22727272727273	0.29	5.62
2440	37	396	63.088235294117645	93.59	78.7
1799	34	1518	64.0	98.75	17.39
163	31	828	70.96428571428571	98.53	99.82
2126	24	1890	72.19047619047619	99.69	58.54
60	30	3246	80.4074074074074	49.03	1.58
936	32	936	65.48275862068965	93.14	NA
195	32	987	66.55172413793103	91.6	82.04
1124	33	1908	68.26666666666667	73.07	2.89
2698	29	1461	73.76923076923077	80.02	NA
155	30	1713	61.77777777777778	39.81	13.02
1905	37	756	66.11764705882354	78.44	23.02
306	27	1527	62.5	14.39	1.05
1875	30	1146	73.29629629629629	97.17	7.02
1432	33	579	72.66666666666667	98.12	NA
257	30	1491	75.14814814814815	89.73	99.77
2601	36	2037	71.0909090909091	94.52	10.29
2638	38	3210	69.2	6.28	10.84
3009	12	2058	86.33333333333333	46.24	9.67
1952	36	1014	71.39393939393939	74.69	41.71
2458	37	1662	73.11764705882354	88.87	5.92
632	29	714	72.11538461538461	69.58	NA
272	25	2865	72.63636363636364	80.34	NA
1680	31	1596	74.42857142857143	91.89	76.76
1234	31	2202	72.60714285714286	42.37	1.89
968	26	6081	67.6086956521739	32.44	NA
611	33	1398	78.23333333333333	97.67	22.75
1712	31	558	66.14285714285714	98.68	NA
211	32	1065	72.20689655172414	40.95	59.92
2808	20	2823	70.0	85.71	0.39
1910	34	387	60.70967741935484	82.12	NA
689	32	822	74.3103448275862	90.15	74.4
2260	37	2991	72.05882352941177	93.47	0.01
1441	33	1920	65.33333333333333	24.84	1.58
1806	33	1533	74.63333333333334	88.19	NA
1415	33	474	66.56666666666666	34.92	NA
2667	31	1134	70.03571428571429	98.44	0.1
2642	35	873	72.375	85.23	54.25
200	29	1113	76.34615384615384	90.93	NA
1005	20	1521	65.11764705882354	43.75	17.84
2864	32	1074	68.51724137931035	65.5	NA
2732	25	1917	82.31818181818181	33.42	0
1572	31	1995	71.03571428571429	96.57	NA
25	26	1422	75.3913043478261	98.61	NA
2825	36	1155	69.0	67.9	80.34
1684	34	1197	62.25806451612903	81.09	12.8
396	33	1863	70.43333333333334	63.52	0.01
2957	34	1239	67.74193548387096	92.06	1.55
2309	35	1572	70.75	63.77	2.44
2904	42	2055	72.74358974358974	28.88	28.19
2620	29	546	65.34615384615384	96.69	NA
2447	39	1395	75.08333333333333	56.77	63.41
1040	28	828	72.08	97.57	NA
535	30	1176	78.88888888888889	7.11	NA
2288	36	1758	71.6969696969697	29.08	0
456	33	813	66.5	98.12	89.17
2393	36	807	73.12121212121212	92.41	NA
594	11	3273	80.25	73.54	NA
1550	10	1479	89.57142857142857	83.34	NA
1116	35	777	77.875	97.4	4.94
433	23	993	71.85	89.08	NA
2301	31	876	72.28571428571429	95.59	NA
2177	35	555	73.21875	97.22	NA
3047	42	1200	68.0	98.72	17.35
528	32	573	71.75862068965517	79.96	29.08
1458	34	1110	72.80645161290323	99.27	NA
1381	35	615	68.40625	98.36	46.83
191	32	1134	76.75862068965517	97.24	50.79
357	27	1953	68.41666666666667	89.69	NA
2338	33	2013	73.6	65.98	7.42
1976	34	792	77.83870967741936	78.68	NA
873	32	525	72.17241379310344	88.49	95.38
1791	35	1437	68.5625	97.59	64.02
1612	36	987	83.63636363636364	63.92	61.23
2296	32	2862	85.6896551724138	65.33	2.01
917	22	4029	69.3157894736842	2.87	36.91
1043	19	963	86.4375	86.72	NA
1909	37	1005	68.55882352941177	87.88	21.96
128	29	1329	71.03846153846153	67.81	94.28
2003	35	1041	71.25	94.21	82.56
213	28	1131	78.56	84.06	NA
3006	14	1944	76.9090909090909	96.89	NA
1236	32	468	64.6896551724138	91.89	NA
2323	29	1332	68.76923076923077	74.42	42.4
1615	35	864	69.65625	90.77	27.13
2290	36	1452	69.93939393939394	71.86	39.87
2377	29	555	69.5	97.02	NA
1934	36	423	74.06060606060606	83.61	NA
1776	32	1404	75.72413793103448	13.55	NA
2901	39	663	72.69444444444444	59.58	72.26
970	32	1053	74.0	93.37	25.03
344	32	2544	71.48275862068965	3.39	34.39
705	33	1287	73.4	91.24	13.88
899	32	1629	73.58620689655173	88.22	NA
560	30	2115	74.81481481481481	87.48	0.25
2346	32	1581	68.06896551724138	88.0	8.38
1553	30	987	73.33333333333333	71.17	NA
2578	40	906	79.97297297297297	84.23	NA
395	31	1920	76.75	92.3	90.39
1708	35	1494	75.34375	99.8	NA
885	34	1104	74.16129032258064	99.78	37.21
1991	37	1017	79.70588235294117	89.72	NA
2053	32	1569	74.17241379310344	61.29	6.4
1037	24	1488	70.42857142857143	13.16	17.14
2202	31	972	72.64285714285714	93.06	NA
1453	35	3297	67.53125	89.35	0
2318	25	2535	60.59090909090909	64.89	NA
1695	37	1149	75.8529411764706	74.49	55.99
2751	35	600	69.28125	90.33	NA
1276	34	1101	75.09677419354838	34.62	7.19
1421	33	1617	72.2	91.57	8.1
576	31	2082	72.32142857142857	84.22	17.89
1668	36	711	71.84848484848484	87.95	95.4
2599	38	1362	80.65714285714286	79.89	NA
1181	30	1356	72.25925925925925	96.34	79.14
569	28	2322	70.04	80.57	67.57
545	32	1632	77.65517241379311	65.76	2.19
1348	31	438	65.60714285714286	39.76	NA
2737	27	3639	67.66666666666667	16.81	11.21
1506	30	876	70.88888888888889	96.1	NA
741	28	609	60.92	92.86	81.69
1465	34	1362	73.0	33.79	23.2
478	30	1893	76.92592592592592	65.29	1.58
865	31	1725	71.46428571428571	69.89	0.11
2258	36	1713	78.78787878787878	74.56	0
201	31	1539	72.39285714285714	70.67	1.1
2940	30	3255	78.44444444444444	21.52	2.82
439	31	762	65.21428571428571	94.86	77.21
1487	28	1395	70.0	86.66	NA
2141	37	573	71.97058823529412	40.22	42.44
252	29	1086	75.3076923076923	49.7	11.83
2614	31	954	63.107142857142854	86.46	NA
405	31	1347	73.89285714285714	94.84	45.23
2752	38	1095	71.25714285714285	94.86	NA
1378	36	942	72.96969696969697	96.16	65.01
2293	27	1536	69.58333333333333	83.64	NA
453	29	1596	73.6923076923077	88.77	NA
2892	40	1509	76.75675675675676	99.72	NA
1468	35	2304	69.03125	21.93	0.01
1510	24	1104	75.14285714285714	86.84	NA
1742	34	1050	71.61290322580645	75.29	NA
148	27	1104	72.66666666666667	72.76	1.82
256	29	1344	74.6923076923077	31.88	NA
1314	26	2307	66.30434782608695	86.3	NA
2168	38	831	72.97142857142858	64.84	82.08
442	32	990	72.20689655172414	68.85	24.79
1051	32	2754	75.37931034482759	21.69	64.42
242	30	2970	70.18518518518519	88.21	41.98
2912	43	1545	72.975	77.8	0.17
1660	34	846	69.96774193548387	92.91	NA
138	28	942	76.12	42.17	NA
2950	37	1158	74.58823529411765	91.67	46.97
1481	35	789	71.15625	79.78	73.03
12	27	798	73.79166666666667	44.36	NA
958	26	807	66.30434782608695	80.98	NA
752	29	1572	73.53846153846153	72.89	NA
226	29	771	77.53846153846153	99.8	NA
2843	37	1725	79.26470588235294	75.24	32.44
2212	28	1215	68.48	96.97	39.34
1774	33	1857	75.33333333333333	5.25	0.03
1365	34	558	64.54838709677419	93.73	57.12
1412	34	1188	70.93548387096774	90.62	34.22
1438	31	1128	72.14285714285714	21.79	NA
2518	29	2028	76.07692307692308	99.86	94.13
1836	33	1953	78.06666666666666	71.94	7.31
273	29	2268	74.65384615384616	61.21	16.63
2088	34	1956	72.41935483870968	86.14	16.25
285	28	2016	69.36	84.4	20.54
2608	40	915	77.83783783783784	84.78	4.83
283	29	2793	68.34615384615384	74.4	9.04
2143	39	528	69.13888888888889	85.94	78.52
1698	35	567	69.84375	92.0	NA
644	31	1197	67.14285714285714	18.08	NA
322	28	1890	73.76	84.43	NA
2768	40	1107	70.62162162162163	33.29	7.8
2160	36	708	67.9090909090909	92.78	NA
685	32	1005	75.3103448275862	86.38	73.36
1009	32	2379	72.03448275862068	79.43	7.13
2219	39	1662	74.52777777777777	82.26	48.71
2384	36	537	64.18181818181819	57.47	NA
1395	35	624	74.46875	86.87	NA
929	33	1377	77.06666666666666	84.0	79.2
1179	35	909	78.0625	93.02	9.07
837	35	1044	73.0	93.91	8.36
2191	38	1167	74.11428571428571	41.95	0.12
2014	36	945	77.6969696969697	33.93	NA
910	31	1395	72.57142857142857	43.72	NA
58	27	1023	66.16666666666667	96.83	NA
394	32	1104	68.24137931034483	83.52	98.16
1120	33	1191	74.03333333333333	99.93	NA
1781	13	2220	68.7	93.41	NA
3001	36	1077	74.60606060606061	70.28	78.64
315	29	906	65.42307692307692	88.88	2.39
411	32	750	68.41379310344827	94.46	41.32
2916	33	750	67.73333333333333	70.54	1.68
2962	27	1611	69.625	98.63	NA
1925	32	1299	69.27586206896552	91.68	NA
2281	36	882	76.60606060606061	96.65	NA
2178	37	906	74.5	99.42	NA
1718	35	2268	80.3125	85.55	NA
818	30	942	70.70370370370371	51.84	51.18
